{"type":"FeatureCollection","name":"Hospital_NEW_TPE","features":[{"type":"Feature","geometry":{"type":"Point","coordinates":[121.491392,25.061192]},"properties":{"name":"新北市立聯合醫院","type":"區域醫院","address":"新北市三重區新北大道1段3號、3之1號、板橋區英士路198號"}},{"type":"Feature","geometry":{"type":"Point","coordinates":[121.409851,25.021622]},"properties":{"name":"衛生福利部樂生療養院","type":"地區醫院","address":"新北市新莊區中正路794號及桃園縣龜山鄉萬壽路1段50巷2號"}},{"type":"Feature","geometry":{"type":"Point","coordinates":[121.45809,25.043232]},"properties":{"name":"衛生福利部臺北醫院","type":"區域醫院","address":"新北市新莊區思源路127號、新北巿新莊區長青街6號2樓、3樓"}},{"type":"Feature","geometry":{"type":"Point","coordinates":[121.412529,25.144063]},"properties":{"name":"衛生福利部八里療養院","type":"區域醫院","address":"新北市八里區華富山33號、土城區青雲路6號1、2樓、蘆洲區"}},{"type":"Feature","geometry":{"type":"Point","coordinates":[121.62857,25.21795]},"properties":{"name":"國立臺灣大學醫學院附設醫院金山分院","type":"地區醫院","address":"新北市金山區五湖里玉爐路7號"}},{"type":"Feature","geometry":{"type":"Point","coordinates":[121.457692,25.009668]},"properties":{"name":"中英醫療社團法人中英醫院","type":"地區醫院","address":"新北市板橋區文化路1段196號1－4樓"}},{"type":"Feature","geometry":{"type":"Point","coordinates":[121.457692,25.009668]},"properties":{"name":"中英醫療社團法人板英醫院","type":"地區醫院","address":"新北市板橋區文化路1段267、269、271號1－4樓"}},{"type":"Feature","geometry":{"type":"Point","coordinates":[121.513374,24.958922]},"properties":{"name":"怡濟慈園醫療社團法人宏濟神經精神科醫院","type":"地區醫院","address":"新北市新店區安忠路57巷5號"}},{"type":"Feature","geometry":{"type":"Point","coordinates":[121.445514,25.034523]},"properties":{"name":"新仁醫療社團法人新仁醫院","type":"地區醫院","address":"新北市新莊區中正路395號、福海街24巷1號"}},{"type":"Feature","geometry":{"type":"Point","coordinates":[121.395395,24.93632]},"properties":{"name":"永聖醫療社團法人文化醫院","type":"地區醫院","address":"新北市三峽區介壽路1段199號"}},{"type":"Feature","geometry":{"type":"Point","coordinates":[121.475847,25.193615]},"properties":{"name":"北新醫療社團法人北新醫院","type":"地區醫院","address":"新北市淡水區忠寮里演戲埔腳1之2號"}},{"type":"Feature","geometry":{"type":"Point","coordinates":[121.456215,25.006937]},"properties":{"name":"醫療財團法人徐元智先生醫藥基金會亞東紀念醫院","type":"醫學中心","address":"新北市板橋區南雅南路2段21號及高爾富路300號"}},{"type":"Feature","geometry":{"type":"Point","coordinates":[121.535808,24.985781]},"properties":{"name":"佛教慈濟醫療財團法人台北慈濟醫院","type":"區域醫院","address":"新北市新店區建國路289號"}},{"type":"Feature","geometry":{"type":"Point","coordinates":[121.363008,24.938386]},"properties":{"name":"行天宮醫療志業醫療財團法人恩主公醫院","type":"區域醫院","address":"新北市三峽區復興路399號、中山路198、258號"}},{"type":"Feature","geometry":{"type":"Point","coordinates":[121.460499,25.139535]},"properties":{"name":"台灣基督長老教會馬偕醫療財團法人淡水馬偕紀念醫院","type":"醫學中心","address":"新北市淡水區民生路45號、民權路47號B1至10樓"}},{"type":"Feature","geometry":{"type":"Point","coordinates":[121.661084,25.072872]},"properties":{"name":"國泰醫療財團法人汐止國泰綜合醫院","type":"區域醫院","address":"新北市汐止區建成路59巷2號地下4樓至地上12樓"}},{"type":"Feature","geometry":{"type":"Point","coordinates":[121.464359,24.985777]},"properties":{"name":"新北市立土城醫院（委託長庚醫療財團法人興建經營）","type":"地區醫院","address":"新北市土城區金城路2段6號"}},{"type":"Feature","geometry":{"type":"Point","coordinates":[121.51787,25.011874]},"properties":{"name":"天主教耕莘醫療財團法人永和耕莘醫院","type":"地區醫院","address":"新北市永和區中興街80號Ｂ1-7樓、國光路123號Ｂ3-11樓"}},{"type":"Feature","geometry":{"type":"Point","coordinates":[121.535551,24.97612]},"properties":{"name":"天主教耕莘醫療財團法人耕莘醫院","type":"區域醫院","address":"新北市新店區中正路362號、車子路15號"}},{"type":"Feature","geometry":{"type":"Point","coordinates":[121.49404,24.993751]},"properties":{"name":"衛生福利部雙和醫院〈委託臺北醫學大學興建經營〉","type":"區域醫院","address":"新北市中和區中正路291號"}},{"type":"Feature","geometry":{"type":"Point","coordinates":[121.430799,25.039676]},"properties":{"name":"輔仁大學學校財團法人輔仁大學附設醫院","type":"區域醫院","address":"新北市泰山區貴子路69號（地下4層、地上1至9層及13層）"}},{"type":"Feature","geometry":{"type":"Point","coordinates":[121.441947,25.038059]},"properties":{"name":"財團法人台灣省私立台北仁濟院附設新莊仁濟醫院","type":"地區醫院","address":"新北市新莊區中環路1段28號"}},{"type":"Feature","geometry":{"type":"Point","coordinates":[121.45641,25.01692]},"properties":{"name":"板新醫院","type":"地區醫院","address":"新北市板橋區中正路189號"}},{"type":"Feature","geometry":{"type":"Point","coordinates":[121.456635,25.007289]},"properties":{"name":"蕭中正醫院","type":"地區醫院","address":"新北市板橋區南雅南路1段15－1，17，19號"}},{"type":"Feature","geometry":{"type":"Point","coordinates":[121.460292,25.001988]},"properties":{"name":"板橋中興醫院","type":"地區醫院","address":"新北市板橋區忠孝路15號、新北市土城區中華路1段32號"}},{"type":"Feature","geometry":{"type":"Point","coordinates":[121.542576,24.971374]},"properties":{"name":"板橋國泰醫院","type":"地區醫院","address":"新北市板橋區忠孝路5，7，9，11號1－3樓"}},{"type":"Feature","geometry":{"type":"Point","coordinates":[121.50148,25.066487]},"properties":{"name":"宏仁醫院","type":"地區醫院","address":"新北市三重區三和路2段186－196號"}},{"type":"Feature","geometry":{"type":"Point","coordinates":[121.469661,25.046535]},"properties":{"name":"三重中興醫院","type":"地區醫院","address":"新北市三重區中興北街21號"}},{"type":"Feature","geometry":{"type":"Point","coordinates":[121.499876,25.062796]},"properties":{"name":"祐民醫院","type":"地區醫院","address":"新北市三重區重新路2段2、6號，地下1層至地上9層"}},{"type":"Feature","geometry":{"type":"Point","coordinates":[121.505915,24.999699]},"properties":{"name":"永和復康醫院","type":"地區醫院","address":"新北市永和區中和路575、577、579號1至4樓"}},{"type":"Feature","geometry":{"type":"Point","coordinates":[121.485895,25.061771]},"properties":{"name":"中祥醫院","type":"地區醫院","address":"新北市中和區中山路2段138號2－4樓140號及142號"}},{"type":"Feature","geometry":{"type":"Point","coordinates":[121.485895,25.061771]},"properties":{"name":"蕙生醫院","type":"地區醫院","address":"新北市中和區中山路2段551號地下1樓至地上1至6樓"}},{"type":"Feature","geometry":{"type":"Point","coordinates":[121.498506,25.001882]},"properties":{"name":"怡和醫院","type":"地區醫院","address":"新北市中和區連城路49號1至4樓"}},{"type":"Feature","geometry":{"type":"Point","coordinates":[121.537745,24.982767]},"properties":{"name":"同仁醫院","type":"地區醫院","address":"新北市新店區民權路89號"}},{"type":"Feature","geometry":{"type":"Point","coordinates":[121.48824,24.939156]},"properties":{"name":"宏慈療養院","type":"地區醫院","address":"新北市新店區安泰路157號1、2樓"}},{"type":"Feature","geometry":{"type":"Point","coordinates":[121.511571,24.963242]},"properties":{"name":"豐榮醫院","type":"地區醫院","address":"新北市新店區安德街26巷3號B棟"}},{"type":"Feature","geometry":{"type":"Point","coordinates":[121.516442,24.963869]},"properties":{"name":"新北仁康醫院","type":"地區醫院","address":"新北市新店區安康路2段323號地上1至2樓B棟"}},{"type":"Feature","geometry":{"type":"Point","coordinates":[121.451169,25.035756]},"properties":{"name":"大順醫院","type":"地區醫院","address":"新北市新莊區中正路215號1－4樓"}},{"type":"Feature","geometry":{"type":"Point","coordinates":[121.453819,25.035772]},"properties":{"name":"新莊英仁醫院","type":"地區醫院","address":"新北市新莊區大觀街46－2號"}},{"type":"Feature","geometry":{"type":"Point","coordinates":[121.455216,25.040087]},"properties":{"name":"益民醫院","type":"地區醫院","address":"新北市新莊區中港路127號1－4樓"}},{"type":"Feature","geometry":{"type":"Point","coordinates":[121.434313,25.021504]},"properties":{"name":"新泰綜合醫院","type":"地區醫院","address":"新北市新莊區新樹路176號"}},{"type":"Feature","geometry":{"type":"Point","coordinates":[121.459285,25.05998]},"properties":{"name":"祥顥醫院","type":"地區醫院","address":"新北市新莊區思源路2號1、4、5、6樓"}},{"type":"Feature","geometry":{"type":"Point","coordinates":[121.420039,24.987188]},"properties":{"name":"仁愛醫院","type":"地區醫院","address":"新北市樹林區文化街9號"}},{"type":"Feature","geometry":{"type":"Point","coordinates":[121.344217,24.950226]},"properties":{"name":"名恩療養院","type":"地區醫院","address":"新北市鶯歌區鶯桃路2段62號及64號1至4樓"}},{"type":"Feature","geometry":{"type":"Point","coordinates":[121.395395,24.93632]},"properties":{"name":"清福醫院","type":"地區醫院","address":"新北市三峽區介壽路1段286號2樓"}},{"type":"Feature","geometry":{"type":"Point","coordinates":[121.437687,25.210686]},"properties":{"name":"泓安醫院","type":"地區醫院","address":"新北市淡水區下圭柔山91巷2號1－4樓地下1樓"}},{"type":"Feature","geometry":{"type":"Point","coordinates":[121.80217,25.108602]},"properties":{"name":"瑞芳礦工醫院","type":"地區醫院","address":"新北市瑞芳區一坑路71之2號"}},{"type":"Feature","geometry":{"type":"Point","coordinates":[121.451892,24.986058]},"properties":{"name":"廣川醫院","type":"地區醫院","address":"新北市土城區裕民路274、276、278號"}},{"type":"Feature","geometry":{"type":"Point","coordinates":[121.443113,24.980863]},"properties":{"name":"仁安醫院","type":"地區醫院","address":"新北市土城區中央路1段62．64號"}},{"type":"Feature","geometry":{"type":"Point","coordinates":[121.442912,24.980906]},"properties":{"name":"元復醫院","type":"地區醫院","address":"新北市土城區中央路2段318－324號1－4樓"}},{"type":"Feature","geometry":{"type":"Point","coordinates":[121.443113,24.980863]},"properties":{"name":"恩樺醫院","type":"地區醫院","address":"新北市土城區中央路1段7－18號地下1樓、1樓、2樓"}},{"type":"Feature","geometry":{"type":"Point","coordinates":[121.469065,25.088877]},"properties":{"name":"全民醫院","type":"地區醫院","address":"新北市蘆洲區三民路5、7、9號（1）樓"}},{"type":"Feature","geometry":{"type":"Point","coordinates":[121.497646,25.210358]},"properties":{"name":"台安醫院","type":"地區醫院","address":"新北市三芝區楓子林路42－5號"}},{"type":"Feature","geometry":{"type":"Point","coordinates":[121.45814,25.023377]},"properties":{"name":"新北市板橋區衛生所","type":"診所","address":"新北市板橋區英士路192號"}},{"type":"Feature","geometry":{"type":"Point","coordinates":[121.491392,25.061192]},"properties":{"name":"新北市三重區衛生所","type":"診所","address":"新北市三重區新北大道1段1號"}},{"type":"Feature","geometry":{"type":"Point","coordinates":[121.515008,25.006346]},"properties":{"name":"新北市永和區衛生所","type":"診所","address":"新北市永和區秀朗路1段137號1、2、3樓"}},{"type":"Feature","geometry":{"type":"Point","coordinates":[121.501638,24.998692]},"properties":{"name":"新北市中和區衛生所","type":"診所","address":"新北市中和區南山路4巷3號"}},{"type":"Feature","geometry":{"type":"Point","coordinates":[121.537447,24.958787]},"properties":{"name":"新北市新店區衛生所","type":"診所","address":"新北市新店區北新路1段86號12樓"}},{"type":"Feature","geometry":{"type":"Point","coordinates":[121.483572,25.060701]},"properties":{"name":"新北市新莊區衛生所","type":"診所","address":"新北市新莊區中華路1段2號1至4樓"}},{"type":"Feature","geometry":{"type":"Point","coordinates":[121.427952,24.995486]},"properties":{"name":"新北市樹林區衛生所","type":"診所","address":"新北市樹林區樹新路40－7號1、2樓"}},{"type":"Feature","geometry":{"type":"Point","coordinates":[121.352437,24.950323]},"properties":{"name":"新北市鶯歌區衛生所","type":"診所","address":"新北市鶯歌區文化路389號"}},{"type":"Feature","geometry":{"type":"Point","coordinates":[121.375996,24.928455]},"properties":{"name":"新北市三峽區衛生所","type":"診所","address":"新北市三峽區光明路71號3樓"}},{"type":"Feature","geometry":{"type":"Point","coordinates":[121.440844,25.172778]},"properties":{"name":"新北市淡水區衛生所","type":"診所","address":"新北市淡水區中山路158號"}},{"type":"Feature","geometry":{"type":"Point","coordinates":[121.661846,25.065964]},"properties":{"name":"新北市汐止區衛生所","type":"診所","address":"新北市汐止區新台五路1段266號地下1樓．地上1至4樓"}},{"type":"Feature","geometry":{"type":"Point","coordinates":[121.808897,25.107416]},"properties":{"name":"新北市瑞芳區衛生所","type":"診所","address":"新北市瑞芳區明燈路3段1號"}},{"type":"Feature","geometry":{"type":"Point","coordinates":[121.443189,24.972858]},"properties":{"name":"新北市土城區衛生所","type":"診所","address":"新北市土城區和平路26號1、2樓"}},{"type":"Feature","geometry":{"type":"Point","coordinates":[121.473277,25.083953]},"properties":{"name":"新北市蘆洲區衛生所","type":"診所","address":"新北市蘆洲區中央路58號"}},{"type":"Feature","geometry":{"type":"Point","coordinates":[121.447639,25.094237]},"properties":{"name":"新北市五股區衛生所","type":"診所","address":"新北市五股區新城三路11號1樓、2樓及3樓"}},{"type":"Feature","geometry":{"type":"Point","coordinates":[121.433653,25.056131]},"properties":{"name":"新北市泰山區衛生所","type":"診所","address":"新北市泰山區全興路212號3樓"}},{"type":"Feature","geometry":{"type":"Point","coordinates":[121.364058,25.069734]},"properties":{"name":"新北市林口區衛生所","type":"診所","address":"新北市林口區忠孝二路55號"}},{"type":"Feature","geometry":{"type":"Point","coordinates":[121.612643,25.000938]},"properties":{"name":"新北市深坑區衛生所","type":"診所","address":"新北市深坑區深坑街165號1－3樓"}},{"type":"Feature","geometry":{"type":"Point","coordinates":[121.65198,25.000889]},"properties":{"name":"新北市石碇區衛生所","type":"診所","address":"新北市石碇區潭邊里碇坪路1段82號"}},{"type":"Feature","geometry":{"type":"Point","coordinates":[121.711626,24.935877]},"properties":{"name":"新北市坪林區衛生所","type":"診所","address":"新北市坪林區坪林街104號"}},{"type":"Feature","geometry":{"type":"Point","coordinates":[121.44421,25.169489]},"properties":{"name":"新北市三芝區衛生所","type":"診所","address":"新北市三芝區中山路1段12號"}},{"type":"Feature","geometry":{"type":"Point","coordinates":[121.565972,25.289555]},"properties":{"name":"新北市石門區衛生所","type":"診所","address":"新北市石門區中山路28－1號"}},{"type":"Feature","geometry":{"type":"Point","coordinates":[121.400062,25.147095]},"properties":{"name":"新北市八里區衛生所","type":"診所","address":"新北市八里區舊城路16號"}},{"type":"Feature","geometry":{"type":"Point","coordinates":[121.735425,25.0248]},"properties":{"name":"新北市平溪區衛生所","type":"診所","address":"新北市平溪區公園街17號1樓"}},{"type":"Feature","geometry":{"type":"Point","coordinates":[121.87261,25.04192]},"properties":{"name":"新北市雙溪區衛生所","type":"診所","address":"新北市雙溪區新基南路18號"}},{"type":"Feature","geometry":{"type":"Point","coordinates":[121.92313,25.051232]},"properties":{"name":"新北市貢寮區衛生所","type":"診所","address":"新北市貢寮區仁愛路128號"}},{"type":"Feature","geometry":{"type":"Point","coordinates":[121.641131,25.220439]},"properties":{"name":"新北市金山區衛生所","type":"診所","address":"新北市金山區民生路59號"}},{"type":"Feature","geometry":{"type":"Point","coordinates":[121.688392,25.181984]},"properties":{"name":"新北市萬里區衛生所","type":"診所","address":"新北市萬里區瑪鍊路157號1－3樓及地下1樓"}},{"type":"Feature","geometry":{"type":"Point","coordinates":[121.542353,24.879742]},"properties":{"name":"新北市烏來區衛生所","type":"診所","address":"新北市烏來區新烏路5段109號"}},{"type":"Feature","geometry":{"type":"Point","coordinates":[121.450661,25.008618]},"properties":{"name":"板橋榮譽國民之家醫務室","type":"診所","address":"新北市板橋區大觀路2段32號（溫馨樓1樓）"}},{"type":"Feature","geometry":{"type":"Point","coordinates":[121.398145,24.905962]},"properties":{"name":"退除役官兵輔導委員會臺北榮譽國民之家醫務室","type":"診所","address":"新北市三峽區嘉添里白雞路129號"}},{"type":"Feature","geometry":{"type":"Point","coordinates":[121.595538,25.284242]},"properties":{"name":"台灣電力公司第一核能發電廠員工診所","type":"診所","address":"新北市石門區小坑12號"}},{"type":"Feature","geometry":{"type":"Point","coordinates":[121.658766,25.206578]},"properties":{"name":"台灣電力股份有限公司第二核能發電廠員工診所","type":"診所","address":"新北市萬里區野柳里八斗60號"}},{"type":"Feature","geometry":{"type":"Point","coordinates":[121.48713,25.006984]},"properties":{"name":"微星科技股份有限公司附設醫務室","type":"診所","address":"新北市中和區板南路488號6樓"}},{"type":"Feature","geometry":{"type":"Point","coordinates":[121.551872,24.979336]},"properties":{"name":"台灣通用器材股份有限公司醫務室","type":"診所","address":"新北市新店區寶橋路233號"}},{"type":"Feature","geometry":{"type":"Point","coordinates":[121.462712,25.00966]},"properties":{"name":"曾耳鼻喉科診所","type":"診所","address":"新北市板橋區民族路43號1樓"}},{"type":"Feature","geometry":{"type":"Point","coordinates":[121.46876,25.023908]},"properties":{"name":"周耳鼻喉科診所","type":"診所","address":"新北市板橋區文化路2段5號1樓"}},{"type":"Feature","geometry":{"type":"Point","coordinates":[121.461612,25.011899]},"properties":{"name":"板橋李耳鼻喉科診所","type":"診所","address":"新北市板橋區縣民大道1段185號（1樓）"}},{"type":"Feature","geometry":{"type":"Point","coordinates":[121.461299,25.028663]},"properties":{"name":"曾文淵內科家庭醫學科診所","type":"診所","address":"新北市板橋區裕民街58號"}},{"type":"Feature","geometry":{"type":"Point","coordinates":[121.467698,25.008299]},"properties":{"name":"王英權皮膚科診所","type":"診所","address":"新北市板橋區民族路129巷6號"}},{"type":"Feature","geometry":{"type":"Point","coordinates":[121.461144,25.007694]},"properties":{"name":"優生婦產科診所","type":"診所","address":"新北市板橋區重慶路30號1樓2樓8樓"}},{"type":"Feature","geometry":{"type":"Point","coordinates":[121.456543,24.996032]},"properties":{"name":"李皮膚科診所","type":"診所","address":"新北市板橋區四川路1段53、55號（1樓）"}},{"type":"Feature","geometry":{"type":"Point","coordinates":[121.533597,24.987925]},"properties":{"name":"雅音眼科診所","type":"診所","address":"新北市板橋區民生路1段60號"}},{"type":"Feature","geometry":{"type":"Point","coordinates":[121.462869,25.029273]},"properties":{"name":"周文通診所","type":"診所","address":"新北市板橋區四維路292號"}},{"type":"Feature","geometry":{"type":"Point","coordinates":[121.456635,25.007289]},"properties":{"name":"徐內科小兒科診所","type":"診所","address":"新北市板橋區南雅南路1段5巷8號1樓"}},{"type":"Feature","geometry":{"type":"Point","coordinates":[121.467929,25.032629]},"properties":{"name":"春和診所","type":"診所","address":"新北市板橋區長江路1段138號"}},{"type":"Feature","geometry":{"type":"Point","coordinates":[121.477473,25.018044]},"properties":{"name":"陳嘉偉診所","type":"診所","address":"新北市板橋區懷仁街92號1樓"}},{"type":"Feature","geometry":{"type":"Point","coordinates":[121.464304,25.004331]},"properties":{"name":"實踐小兒科內科診所","type":"診所","address":"新北市板橋區實踐路149號"}},{"type":"Feature","geometry":{"type":"Point","coordinates":[121.46876,25.023908]},"properties":{"name":"詹婦產科診所","type":"診所","address":"新北市板橋區文化路2段2號"}},{"type":"Feature","geometry":{"type":"Point","coordinates":[121.455733,25.018291]},"properties":{"name":"張俊明外科婦科診所","type":"診所","address":"新北市板橋區中正路251號（1樓）及251之1號（2樓）"}},{"type":"Feature","geometry":{"type":"Point","coordinates":[121.45173,25.00082]},"properties":{"name":"柯明奇耳鼻喉科診所","type":"診所","address":"新北市板橋區中山路2段256號"}},{"type":"Feature","geometry":{"type":"Point","coordinates":[121.456201,25.020699]},"properties":{"name":"中正診所","type":"診所","address":"新北市板橋區金華街21巷4號"}},{"type":"Feature","geometry":{"type":"Point","coordinates":[121.45173,25.00082]},"properties":{"name":"長生外科診所","type":"診所","address":"新北市板橋區中山路2段497號"}},{"type":"Feature","geometry":{"type":"Point","coordinates":[121.466362,25.008453]},"properties":{"name":"樂活醫美診所","type":"診所","address":"新北市板橋區民族路89－2號1樓"}},{"type":"Feature","geometry":{"type":"Point","coordinates":[121.461205,25.007244]},"properties":{"name":"趙小兒科診所","type":"診所","address":"新北市板橋區館前東路64號1樓"}},{"type":"Feature","geometry":{"type":"Point","coordinates":[121.464649,24.992858]},"properties":{"name":"龍生診所","type":"診所","address":"新北市板橋區廣權路103號"}},{"type":"Feature","geometry":{"type":"Point","coordinates":[121.456635,25.007289]},"properties":{"name":"巫世平診所","type":"診所","address":"新北市板橋區南雅南路1段66號"}},{"type":"Feature","geometry":{"type":"Point","coordinates":[121.450661,25.008618]},"properties":{"name":"愛德診所","type":"診所","address":"新北市板橋區大觀路2段152號"}},{"type":"Feature","geometry":{"type":"Point","coordinates":[121.456543,24.996032]},"properties":{"name":"薛松茂內科小兒科診所","type":"診所","address":"新北市板橋區四川路1段212號"}},{"type":"Feature","geometry":{"type":"Point","coordinates":[121.463157,25.018294]},"properties":{"name":"姚欽祥外科婦產科診所","type":"診所","address":"新北市板橋區漢生西路31號"}},{"type":"Feature","geometry":{"type":"Point","coordinates":[121.455097,25.011613]},"properties":{"name":"潘內科小兒科診所","type":"診所","address":"新北市板橋區中正路1巷18號（1樓）"}},{"type":"Feature","geometry":{"type":"Point","coordinates":[121.53951,24.97265]},"properties":{"name":"慈蕙診所","type":"診所","address":"新北市板橋區三民路2段202之29號（1樓）正隆巷2之1號"}},{"type":"Feature","geometry":{"type":"Point","coordinates":[121.457692,25.009668]},"properties":{"name":"陳恩哲小兒科診所","type":"診所","address":"新北市板橋區文化路1段216號1、2樓"}},{"type":"Feature","geometry":{"type":"Point","coordinates":[121.456543,24.996032]},"properties":{"name":"黃世鑫診所","type":"診所","address":"新北市板橋區四川路1段143號"}},{"type":"Feature","geometry":{"type":"Point","coordinates":[121.46876,25.023908]},"properties":{"name":"蔡眼科診所","type":"診所","address":"新北市板橋區文化路2段109之3號1樓"}},{"type":"Feature","geometry":{"type":"Point","coordinates":[121.46876,25.023908]},"properties":{"name":"佑幼小兒科診所","type":"診所","address":"新北市板橋區文化路2段57號"}},{"type":"Feature","geometry":{"type":"Point","coordinates":[121.458919,25.027209]},"properties":{"name":"姜條宗內科診所","type":"診所","address":"新北市板橋區裕民街139號"}},{"type":"Feature","geometry":{"type":"Point","coordinates":[121.459588,25.025534]},"properties":{"name":"王起釮小兒科診所","type":"診所","address":"新北市板橋區新海路372號"}},{"type":"Feature","geometry":{"type":"Point","coordinates":[121.466652,25.021754]},"properties":{"name":"謝坤川診所","type":"診所","address":"新北市板橋區陽明街10號"}},{"type":"Feature","geometry":{"type":"Point","coordinates":[121.45173,25.00082]},"properties":{"name":"馨杏園婦產科診所","type":"診所","address":"新北市板橋區中山路2段24號1樓及40巷2弄2號1樓"}},{"type":"Feature","geometry":{"type":"Point","coordinates":[121.42941,24.987672]},"properties":{"name":"篤翎診所","type":"診所","address":"新北市板橋區篤行路3段69號1樓"}},{"type":"Feature","geometry":{"type":"Point","coordinates":[121.463029,25.001392]},"properties":{"name":"全德耳鼻喉科診所","type":"診所","address":"新北市板橋區重慶路217號"}},{"type":"Feature","geometry":{"type":"Point","coordinates":[121.456778,25.011061]},"properties":{"name":"黃何耳鼻喉科皮膚科聯合診所","type":"診所","address":"新北市板橋區北門街21號（1樓）"}},{"type":"Feature","geometry":{"type":"Point","coordinates":[121.485895,25.061771]},"properties":{"name":"韓眼科診所","type":"診所","address":"新北市板橋區中山路2段300號"}},{"type":"Feature","geometry":{"type":"Point","coordinates":[121.53361,24.987708]},"properties":{"name":"陳孟潮耳鼻喉科診所","type":"診所","address":"新北市板橋區民生路3段263巷11號"}},{"type":"Feature","geometry":{"type":"Point","coordinates":[121.464537,24.993966]},"properties":{"name":"郭基隆診所","type":"診所","address":"新北市板橋區五權街41號"}},{"type":"Feature","geometry":{"type":"Point","coordinates":[121.510921,25.025403]},"properties":{"name":"博愛診所","type":"診所","address":"新北市板橋區府中路52－3號1樓"}},{"type":"Feature","geometry":{"type":"Point","coordinates":[121.45568,25.009638]},"properties":{"name":"林皮膚科診所","type":"診所","address":"新北市板橋區府中路112號"}},{"type":"Feature","geometry":{"type":"Point","coordinates":[121.455528,25.009172]},"properties":{"name":"陳正忠小兒科診所","type":"診所","address":"新北市板橋區府中路143號1樓"}},{"type":"Feature","geometry":{"type":"Point","coordinates":[121.4641,25.022954]},"properties":{"name":"仁民診所","type":"診所","address":"新北市板橋區陽明街75號"}},{"type":"Feature","geometry":{"type":"Point","coordinates":[121.463114,25.022874]},"properties":{"name":"蔡榮展耳鼻喉科診所","type":"診所","address":"新北市板橋區陽明街108號1樓"}},{"type":"Feature","geometry":{"type":"Point","coordinates":[121.468941,25.007512]},"properties":{"name":"聖母診所","type":"診所","address":"新北市板橋區民族路197號"}},{"type":"Feature","geometry":{"type":"Point","coordinates":[121.464128,25.005236]},"properties":{"name":"後埔永江診所","type":"診所","address":"新北市板橋區實踐路109號"}},{"type":"Feature","geometry":{"type":"Point","coordinates":[121.464141,25.005147]},"properties":{"name":"燿星小兒科診所","type":"診所","address":"新北市板橋區實踐路113號"}},{"type":"Feature","geometry":{"type":"Point","coordinates":[121.470615,25.006635]},"properties":{"name":"幼華診所","type":"診所","address":"新北市板橋區民族路308號"}},{"type":"Feature","geometry":{"type":"Point","coordinates":[121.53951,24.97265]},"properties":{"name":"雷世陽婦產科診所","type":"診所","address":"新北市板橋區三民路2段110號1─7樓"}},{"type":"Feature","geometry":{"type":"Point","coordinates":[121.462861,25.018791]},"properties":{"name":"翰生診所","type":"診所","address":"新北市板橋區漢生西路73號、75號（1樓）"}},{"type":"Feature","geometry":{"type":"Point","coordinates":[121.463818,25.023714]},"properties":{"name":"日光眼科診所","type":"診所","address":"新北市板橋區陽明街124號"}},{"type":"Feature","geometry":{"type":"Point","coordinates":[121.53951,24.97265]},"properties":{"name":"蕭奕仁診所","type":"診所","address":"新北市板橋區三民路2段93號"}},{"type":"Feature","geometry":{"type":"Point","coordinates":[121.477526,25.021366]},"properties":{"name":"興德診所","type":"診所","address":"新北市板橋區永豐街245號"}},{"type":"Feature","geometry":{"type":"Point","coordinates":[121.45173,25.00082]},"properties":{"name":"大川診所","type":"診所","address":"新北市板橋區中山路2段84之6號1.2.3.4樓"}},{"type":"Feature","geometry":{"type":"Point","coordinates":[121.457698,25.017831]},"properties":{"name":"吳懿蒼小兒科診所","type":"診所","address":"新北市板橋區國光路43號"}},{"type":"Feature","geometry":{"type":"Point","coordinates":[121.46293,25.019118]},"properties":{"name":"炳榮診所","type":"診所","address":"新北市板橋區漢生西路72號"}},{"type":"Feature","geometry":{"type":"Point","coordinates":[121.426989,24.989155]},"properties":{"name":"陳敏玲內科診所","type":"診所","address":"新北市板橋區溪崑二街97號"}},{"type":"Feature","geometry":{"type":"Point","coordinates":[121.460466,25.015764]},"properties":{"name":"余立俊診所","type":"診所","address":"新北市板橋區民權路202巷11弄2號"}},{"type":"Feature","geometry":{"type":"Point","coordinates":[121.457692,25.009668]},"properties":{"name":"蔡英傑皮膚科診所","type":"診所","address":"新北市板橋區文化路1段146號1樓"}},{"type":"Feature","geometry":{"type":"Point","coordinates":[121.475227,25.032394]},"properties":{"name":"林國本耳鼻喉科診所","type":"診所","address":"新北市板橋區文聖街6號"}},{"type":"Feature","geometry":{"type":"Point","coordinates":[121.464359,25.022692]},"properties":{"name":"黃景宏診所","type":"診所","address":"新北市板橋區陽明街63號"}},{"type":"Feature","geometry":{"type":"Point","coordinates":[121.477533,25.030816]},"properties":{"name":"板聯診所","type":"診所","address":"新北市板橋區民治街140號一樓"}},{"type":"Feature","geometry":{"type":"Point","coordinates":[121.459185,25.027578]},"properties":{"name":"顏舜隆小兒科診所","type":"診所","address":"新北市板橋區裕民街122號"}},{"type":"Feature","geometry":{"type":"Point","coordinates":[121.475503,25.028163]},"properties":{"name":"鴻仁診所","type":"診所","address":"新北市板橋區雙十路2段59號"}},{"type":"Feature","geometry":{"type":"Point","coordinates":[121.46398,25.004841]},"properties":{"name":"侯世文診所","type":"診所","address":"新北市板橋區實踐路100號（1樓）"}},{"type":"Feature","geometry":{"type":"Point","coordinates":[121.430908,24.987921]},"properties":{"name":"杏林診所","type":"診所","address":"新北市板橋區溪北路170號"}},{"type":"Feature","geometry":{"type":"Point","coordinates":[121.468761,25.031913]},"properties":{"name":"王憲忠診所","type":"診所","address":"新北市板橋區宏國路108號"}},{"type":"Feature","geometry":{"type":"Point","coordinates":[121.456203,25.01787]},"properties":{"name":"毅宏耳鼻喉科診所","type":"診所","address":"新北市板橋區中正路190號"}},{"type":"Feature","geometry":{"type":"Point","coordinates":[121.45173,25.00082]},"properties":{"name":"曾皮膚科診所","type":"診所","address":"新北市板橋區中山路2段365號"}},{"type":"Feature","geometry":{"type":"Point","coordinates":[121.462502,25.002138]},"properties":{"name":"蕭亦裕鹽光診所","type":"診所","address":"新北市板橋區忠孝路112－1號1樓"}},{"type":"Feature","geometry":{"type":"Point","coordinates":[121.464237,25.004706]},"properties":{"name":"合信診所","type":"診所","address":"新北市板橋區實踐路133號"}},{"type":"Feature","geometry":{"type":"Point","coordinates":[121.455709,24.996235]},"properties":{"name":"吳建明小兒科診所","type":"診所","address":"新北市板橋區四川路2段245巷46號"}},{"type":"Feature","geometry":{"type":"Point","coordinates":[121.471306,25.022733]},"properties":{"name":"吳宏誠小兒科診所","type":"診所","address":"新北市板橋區莊敬路156號"}},{"type":"Feature","geometry":{"type":"Point","coordinates":[121.478087,25.031665]},"properties":{"name":"麗暘診所","type":"診所","address":"新北市板橋區懷德街78巷2號"}},{"type":"Feature","geometry":{"type":"Point","coordinates":[121.477401,25.018469]},"properties":{"name":"廣安診所","type":"診所","address":"新北市板橋區懷仁街79號"}},{"type":"Feature","geometry":{"type":"Point","coordinates":[121.45173,25.00082]},"properties":{"name":"盛強耳鼻喉科診所","type":"診所","address":"新北市板橋區中山路2段367號"}},{"type":"Feature","geometry":{"type":"Point","coordinates":[121.463995,25.023436]},"properties":{"name":"蔡利誠診所","type":"診所","address":"新北市板橋區陽明街112號"}},{"type":"Feature","geometry":{"type":"Point","coordinates":[121.540013,24.972543]},"properties":{"name":"健誠眼科診所","type":"診所","address":"新北市板橋區三民路1段70號"}},{"type":"Feature","geometry":{"type":"Point","coordinates":[121.443064,25.000543]},"properties":{"name":"龍興診所","type":"診所","address":"新北市板橋區龍興街43、45號（1樓）"}},{"type":"Feature","geometry":{"type":"Point","coordinates":[121.456145,25.01746]},"properties":{"name":"江德賢眼科診所","type":"診所","address":"新北市板橋區中正路209號"}},{"type":"Feature","geometry":{"type":"Point","coordinates":[121.462838,25.000867]},"properties":{"name":"江致德皮膚科診所","type":"診所","address":"新北市板橋區重慶路254號"}},{"type":"Feature","geometry":{"type":"Point","coordinates":[121.533597,24.987925]},"properties":{"name":"昕隆診所","type":"診所","address":"新北市板橋區民生路1段3號5摟"}},{"type":"Feature","geometry":{"type":"Point","coordinates":[121.429174,24.987906]},"properties":{"name":"卓仁維耳鼻喉科診所","type":"診所","address":"新北市板橋區篤行路2段101號"}},{"type":"Feature","geometry":{"type":"Point","coordinates":[121.42689,24.990256]},"properties":{"name":"黃頌邦診所","type":"診所","address":"新北市板橋區溪北路26號1樓2樓"}},{"type":"Feature","geometry":{"type":"Point","coordinates":[121.470285,25.006757]},"properties":{"name":"德民耳鼻喉科診所","type":"診所","address":"新北市板橋區民族路292號"}},{"type":"Feature","geometry":{"type":"Point","coordinates":[121.460382,25.002003]},"properties":{"name":"合泰婦產小兒聯合診所","type":"診所","address":"新北市板橋區忠孝路19號1．2．3樓"}},{"type":"Feature","geometry":{"type":"Point","coordinates":[121.443094,25.00093]},"properties":{"name":"興安診所","type":"診所","address":"新北市板橋區龍興街51號"}},{"type":"Feature","geometry":{"type":"Point","coordinates":[121.457692,25.009668]},"properties":{"name":"瑞明眼科診所","type":"診所","address":"新北市板橋區文化路1段13號1樓、2樓"}},{"type":"Feature","geometry":{"type":"Point","coordinates":[121.46876,25.023908]},"properties":{"name":"新象眼科診所","type":"診所","address":"新北市板橋區文化路2段394號"}},{"type":"Feature","geometry":{"type":"Point","coordinates":[121.475503,25.028163]},"properties":{"name":"李連成耳鼻喉科診所","type":"診所","address":"新北市板橋區雙十路2段162號"}},{"type":"Feature","geometry":{"type":"Point","coordinates":[121.463154,25.005362]},"properties":{"name":"成都診所","type":"診所","address":"新北市板橋區成都街95號"}},{"type":"Feature","geometry":{"type":"Point","coordinates":[121.456543,24.996032]},"properties":{"name":"常春聯合診所","type":"診所","address":"新北市板橋區四川路1段47號"}},{"type":"Feature","geometry":{"type":"Point","coordinates":[121.466016,25.021947]},"properties":{"name":"揚明診所","type":"診所","address":"新北市板橋區陽明街38號1樓"}},{"type":"Feature","geometry":{"type":"Point","coordinates":[121.461763,25.026548]},"properties":{"name":"林弘揚耳鼻喉科診所","type":"診所","address":"新北市板橋區陽明街295號"}},{"type":"Feature","geometry":{"type":"Point","coordinates":[121.442994,25.000147]},"properties":{"name":"廷華耳鼻喉科診所","type":"診所","address":"新北市板橋區龍興街22號"}},{"type":"Feature","geometry":{"type":"Point","coordinates":[121.429174,24.987906]},"properties":{"name":"志明診所","type":"診所","address":"新北市板橋區篤行路2段52號及大觀路3段219巷8號12樓"}},{"type":"Feature","geometry":{"type":"Point","coordinates":[121.45173,25.00082]},"properties":{"name":"林子敬診所","type":"診所","address":"新北市板橋區中山路2段198號"}},{"type":"Feature","geometry":{"type":"Point","coordinates":[121.457692,25.009668]},"properties":{"name":"板橋諾貝爾眼科診所","type":"診所","address":"新北市板橋區文化路1段145號（1樓）"}},{"type":"Feature","geometry":{"type":"Point","coordinates":[121.46876,25.023908]},"properties":{"name":"陳尚志診所","type":"診所","address":"新北市板橋區文化路2段388號3樓"}},{"type":"Feature","geometry":{"type":"Point","coordinates":[121.46569,25.022045]},"properties":{"name":"徐小兒科診所","type":"診所","address":"新北市板橋區陽明街46之2號1樓"}},{"type":"Feature","geometry":{"type":"Point","coordinates":[121.53951,24.97265]},"properties":{"name":"連建安診所","type":"診所","address":"新北市板橋區三民路2段146號1樓"}},{"type":"Feature","geometry":{"type":"Point","coordinates":[121.463054,25.001334]},"properties":{"name":"新恩眼科診所","type":"診所","address":"新北市板橋區重慶路219號"}},{"type":"Feature","geometry":{"type":"Point","coordinates":[121.464412,25.003796]},"properties":{"name":"駱耳鼻喉科診所","type":"診所","address":"新北市板橋區實踐路173號"}},{"type":"Feature","geometry":{"type":"Point","coordinates":[121.455709,24.996235]},"properties":{"name":"基祥西醫診所","type":"診所","address":"新北市板橋區四川路2段120號1樓"}},{"type":"Feature","geometry":{"type":"Point","coordinates":[121.456255,25.017765]},"properties":{"name":"孫三源婦產科家庭醫學科診所","type":"診所","address":"新北市板橋區中正路186號、186之1號、188號"}},{"type":"Feature","geometry":{"type":"Point","coordinates":[121.46876,25.023908]},"properties":{"name":"家樺診所","type":"診所","address":"新北市板橋區文化路2段182巷3弄51號1、2樓"}},{"type":"Feature","geometry":{"type":"Point","coordinates":[121.462708,25.001634]},"properties":{"name":"宜霖小兒科診所","type":"診所","address":"新北市板橋區重慶路230號1樓"}},{"type":"Feature","geometry":{"type":"Point","coordinates":[121.463474,24.996772]},"properties":{"name":"重慶耳鼻喉科診所","type":"診所","address":"新北市板橋區和平路161巷26號1樓"}},{"type":"Feature","geometry":{"type":"Point","coordinates":[121.460382,25.002003]},"properties":{"name":"憲安診所","type":"診所","address":"新北市板橋區忠孝路19號7樓"}},{"type":"Feature","geometry":{"type":"Point","coordinates":[121.456543,24.996032]},"properties":{"name":"張明輝內科診所","type":"診所","address":"新北市板橋區四川路1段81號"}},{"type":"Feature","geometry":{"type":"Point","coordinates":[121.455016,25.019949]},"properties":{"name":"當代聯合診所","type":"診所","address":"新北市板橋區中正路319號"}},{"type":"Feature","geometry":{"type":"Point","coordinates":[121.46168,25.002002]},"properties":{"name":"佳醫診所","type":"診所","address":"新北市板橋區忠孝路88號1樓"}},{"type":"Feature","geometry":{"type":"Point","coordinates":[121.47445,25.031679]},"properties":{"name":"宏元小兒科診所","type":"診所","address":"新北市板橋區仁化街1號1樓"}},{"type":"Feature","geometry":{"type":"Point","coordinates":[121.475503,25.028163]},"properties":{"name":"雙十鄭林診所","type":"診所","address":"新北市板橋區雙十路2段138號1樓．3樓"}},{"type":"Feature","geometry":{"type":"Point","coordinates":[121.460909,25.00208]},"properties":{"name":"板橋大學眼科診所","type":"診所","address":"新北市板橋區忠孝路35號1．2樓"}},{"type":"Feature","geometry":{"type":"Point","coordinates":[121.46876,25.023908]},"properties":{"name":"恩典復健家醫科診所","type":"診所","address":"新北市板橋區文化路2段155號1－5樓"}},{"type":"Feature","geometry":{"type":"Point","coordinates":[121.42941,24.987672]},"properties":{"name":"吉立診所","type":"診所","address":"新北市板橋區篤行路3段92號"}},{"type":"Feature","geometry":{"type":"Point","coordinates":[121.463589,25.023619]},"properties":{"name":"朱傳弘骨科診所","type":"診所","address":"新北市板橋區陽明街125號1、2樓127號1、2樓"}},{"type":"Feature","geometry":{"type":"Point","coordinates":[121.430329,24.986699]},"properties":{"name":"俊安診所","type":"診所","address":"新北市板橋區金門街293號"}},{"type":"Feature","geometry":{"type":"Point","coordinates":[121.46876,25.023908]},"properties":{"name":"志善眼科診所","type":"診所","address":"新北市板橋區文化路2段386號、386之1號"}},{"type":"Feature","geometry":{"type":"Point","coordinates":[121.46876,25.023908]},"properties":{"name":"昇陽診所","type":"診所","address":"新北市板橋區文化路2段326號1樓"}},{"type":"Feature","geometry":{"type":"Point","coordinates":[121.474851,25.016111]},"properties":{"name":"熊明旺耳鼻喉科診所","type":"診所","address":"新北市板橋區中山路二段84之2號1樓"}},{"type":"Feature","geometry":{"type":"Point","coordinates":[121.462767,25.002444]},"properties":{"name":"福星耳鼻喉科診所","type":"診所","address":"新北市板橋區重慶路181號"}},{"type":"Feature","geometry":{"type":"Point","coordinates":[121.456543,24.996032]},"properties":{"name":"板橋民富皮膚科診所","type":"診所","address":"新北市板橋區四川路1段97號1樓"}},{"type":"Feature","geometry":{"type":"Point","coordinates":[121.460502,25.008486]},"properties":{"name":"黃外科診所","type":"診所","address":"新北市板橋區中山路一段30號2樓"}},{"type":"Feature","geometry":{"type":"Point","coordinates":[121.475503,25.028163]},"properties":{"name":"建佑診所","type":"診所","address":"新北市板橋區雙十路2段164號1樓"}},{"type":"Feature","geometry":{"type":"Point","coordinates":[121.466126,25.021927]},"properties":{"name":"合康婦產科診所","type":"診所","address":"新北市板橋區陽明街34號、34號─1"}},{"type":"Feature","geometry":{"type":"Point","coordinates":[121.461549,25.02679]},"properties":{"name":"徐自菱皮膚科診所","type":"診所","address":"新北市板橋區互助街29號1樓及31號1樓"}},{"type":"Feature","geometry":{"type":"Point","coordinates":[121.427499,24.989302]},"properties":{"name":"樹仁診所","type":"診所","address":"新北市板橋區滿平街61號（1樓）"}},{"type":"Feature","geometry":{"type":"Point","coordinates":[121.459975,25.001738]},"properties":{"name":"王林小兒科診所","type":"診所","address":"新北市板橋區忠孝路20號1樓"}},{"type":"Feature","geometry":{"type":"Point","coordinates":[121.468761,25.031913]},"properties":{"name":"何皮膚科診所","type":"診所","address":"新北市板橋區宏國路108號1樓"}},{"type":"Feature","geometry":{"type":"Point","coordinates":[121.461763,25.026548]},"properties":{"name":"健康家庭醫學科診所","type":"診所","address":"新北市板橋區陽明街295號"}},{"type":"Feature","geometry":{"type":"Point","coordinates":[121.46876,25.023908]},"properties":{"name":"楊思亮診所","type":"診所","address":"新北市板橋區文化路2段4號"}},{"type":"Feature","geometry":{"type":"Point","coordinates":[121.457791,25.015119]},"properties":{"name":"立誠骨科診所","type":"診所","address":"新北市板橋區民權路215號1．2樓，217號1樓"}},{"type":"Feature","geometry":{"type":"Point","coordinates":[121.426838,24.990478]},"properties":{"name":"聯德診所","type":"診所","address":"新北市板橋區溪北路13號"}},{"type":"Feature","geometry":{"type":"Point","coordinates":[121.463547,24.997875]},"properties":{"name":"弘安耳鼻喉科診所","type":"診所","address":"新北市板橋區重慶路308巷8號1樓"}},{"type":"Feature","geometry":{"type":"Point","coordinates":[121.457692,25.009668]},"properties":{"name":"名冠診所","type":"診所","address":"新北市板橋區文化路1段145、3樓之5號"}},{"type":"Feature","geometry":{"type":"Point","coordinates":[121.459095,25.026239]},"properties":{"name":"溫大慶小兒科診所","type":"診所","address":"新北市板橋區新海路386號1樓"}},{"type":"Feature","geometry":{"type":"Point","coordinates":[121.456026,25.01773]},"properties":{"name":"嘉齡診所","type":"診所","address":"新北市板橋區中正路223號"}},{"type":"Feature","geometry":{"type":"Point","coordinates":[121.471675,25.007982]},"properties":{"name":"耀安小兒科診所","type":"診所","address":"新北市板橋區漢生東路324號1樓及326巷2弄2號1樓"}},{"type":"Feature","geometry":{"type":"Point","coordinates":[121.464049,25.010499]},"properties":{"name":"板橋信合美眼科診所","type":"診所","address":"新北市板橋區新民街33號1、2樓"}},{"type":"Feature","geometry":{"type":"Point","coordinates":[121.485895,25.061771]},"properties":{"name":"瑞信眼科診所","type":"診所","address":"新北市板橋區中山路2段305號1、2樓"}},{"type":"Feature","geometry":{"type":"Point","coordinates":[121.464072,25.004372]},"properties":{"name":"吉仁醫病相談診所","type":"診所","address":"新北市板橋區實踐路114號1樓、4樓及116號4樓"}},{"type":"Feature","geometry":{"type":"Point","coordinates":[121.465544,25.023436]},"properties":{"name":"進益診所","type":"診所","address":"新北市板橋區自由路45號1樓"}},{"type":"Feature","geometry":{"type":"Point","coordinates":[121.463516,24.998034]},"properties":{"name":"成安診所","type":"診所","address":"新北市板橋區重慶路308巷2號"}},{"type":"Feature","geometry":{"type":"Point","coordinates":[121.462051,25.002065]},"properties":{"name":"仁謙診所","type":"診所","address":"新北市板橋區忠孝路102號1樓"}},{"type":"Feature","geometry":{"type":"Point","coordinates":[121.429823,24.986226]},"properties":{"name":"陳榮泰小兒科診所","type":"診所","address":"新北市板橋區金門街311號"}},{"type":"Feature","geometry":{"type":"Point","coordinates":[121.461712,25.027064]},"properties":{"name":"瑞誠眼科診所","type":"診所","address":"新北市板橋區互助街42號（1樓）"}},{"type":"Feature","geometry":{"type":"Point","coordinates":[121.53951,24.97265]},"properties":{"name":"樂福診所","type":"診所","address":"新北市板橋區三民路2段89號"}},{"type":"Feature","geometry":{"type":"Point","coordinates":[121.457692,25.009668]},"properties":{"name":"博恩泌尿科外科診所","type":"診所","address":"新北市板橋區文化路1段203號1樓"}},{"type":"Feature","geometry":{"type":"Point","coordinates":[121.457692,25.009668]},"properties":{"name":"楊孟達身心精神科診所","type":"診所","address":"新北市板橋區文化路1段275號1樓"}},{"type":"Feature","geometry":{"type":"Point","coordinates":[121.455709,24.996235]},"properties":{"name":"仁佑耳鼻喉科診所","type":"診所","address":"新北市板橋區四川路2段33號1樓及39號1樓"}},{"type":"Feature","geometry":{"type":"Point","coordinates":[121.461836,25.026423]},"properties":{"name":"板橋長榮診所","type":"診所","address":"新北市板橋區陽明街287號1樓"}},{"type":"Feature","geometry":{"type":"Point","coordinates":[121.457485,25.008916]},"properties":{"name":"趙昭明皮膚科診所","type":"診所","address":"新北市板橋區南門街27號1、2樓"}},{"type":"Feature","geometry":{"type":"Point","coordinates":[121.458531,25.008958]},"properties":{"name":"板橋安媞婦產科診所","type":"診所","address":"新北市板橋區府中路43號2樓"}},{"type":"Feature","geometry":{"type":"Point","coordinates":[121.47615,25.032033]},"properties":{"name":"張博揚小兒科診所","type":"診所","address":"新北市板橋區仁化街85號1樓"}},{"type":"Feature","geometry":{"type":"Point","coordinates":[121.471972,25.023962]},"properties":{"name":"欣心診所","type":"診所","address":"新北市板橋區莒光路94號1樓"}},{"type":"Feature","geometry":{"type":"Point","coordinates":[121.458626,24.992525]},"properties":{"name":"晟揚骨科診所","type":"診所","address":"新北市板橋區信義路161號（1樓）"}},{"type":"Feature","geometry":{"type":"Point","coordinates":[121.460238,25.026089]},"properties":{"name":"安慶診所","type":"診所","address":"新北市板橋區互助街77巷1號（1樓）"}},{"type":"Feature","geometry":{"type":"Point","coordinates":[121.475503,25.028163]},"properties":{"name":"翠豐診所","type":"診所","address":"新北市板橋區雙十路2段120號1樓、2樓"}},{"type":"Feature","geometry":{"type":"Point","coordinates":[121.412357,24.960717]},"properties":{"name":"全生診所","type":"診所","address":"新北市板橋區中山路1段111號1樓及4樓"}},{"type":"Feature","geometry":{"type":"Point","coordinates":[121.457692,25.009668]},"properties":{"name":"板橋大愛眼科診所","type":"診所","address":"新北市板橋區文化路1段294號1樓、2樓"}},{"type":"Feature","geometry":{"type":"Point","coordinates":[121.464049,25.010499]},"properties":{"name":"宏益信合美診所","type":"診所","address":"新北市板橋區新民街33號3－4樓"}},{"type":"Feature","geometry":{"type":"Point","coordinates":[121.475503,25.028163]},"properties":{"name":"正陽骨科診所","type":"診所","address":"新北市板橋區雙十路2段114號1樓、114之1號2樓"}},{"type":"Feature","geometry":{"type":"Point","coordinates":[121.462962,25.028789]},"properties":{"name":"和安診所","type":"診所","address":"新北市板橋區四維路313號1樓"}},{"type":"Feature","geometry":{"type":"Point","coordinates":[121.478133,25.023889]},"properties":{"name":"建明診所","type":"診所","address":"新北市板橋區雙十路3段44號"}},{"type":"Feature","geometry":{"type":"Point","coordinates":[121.412357,24.960717]},"properties":{"name":"菡生婦幼診所","type":"診所","address":"新北市板橋區中山路1段104號（1樓）、104號2至7樓"}},{"type":"Feature","geometry":{"type":"Point","coordinates":[121.462958,25.01905]},"properties":{"name":"樂為診所","type":"診所","address":"新北市板橋區漢生西路68號1樓"}},{"type":"Feature","geometry":{"type":"Point","coordinates":[121.456543,24.996032]},"properties":{"name":"欣幼婦產科診所","type":"診所","address":"新北市板橋區四川路1段188號1樓、2樓、3樓、4樓、5樓"}},{"type":"Feature","geometry":{"type":"Point","coordinates":[121.46876,25.023908]},"properties":{"name":"板橋黃皮膚科診所","type":"診所","address":"新北市板橋區文化路2段53號1樓、2樓"}},{"type":"Feature","geometry":{"type":"Point","coordinates":[121.454819,25.020351]},"properties":{"name":"北陽骨科診所","type":"診所","address":"新北市板橋區中正路339號1樓、2樓"}},{"type":"Feature","geometry":{"type":"Point","coordinates":[121.45173,25.00082]},"properties":{"name":"德一診所","type":"診所","address":"新北市板橋區中山路2段236號1樓－3樓及238號2樓－3樓"}},{"type":"Feature","geometry":{"type":"Point","coordinates":[121.464011,25.027189]},"properties":{"name":"樂欣診所","type":"診所","address":"新北市板橋區四維路108號1樓"}},{"type":"Feature","geometry":{"type":"Point","coordinates":[121.459101,25.002555]},"properties":{"name":"丞志耳鼻喉診所","type":"診所","address":"新北市板橋區大明街12號1樓"}},{"type":"Feature","geometry":{"type":"Point","coordinates":[121.45173,25.00082]},"properties":{"name":"佳誠診所","type":"診所","address":"新北市板橋區中山路2段140號1樓"}},{"type":"Feature","geometry":{"type":"Point","coordinates":[121.46265,25.021221]},"properties":{"name":"漢生診所","type":"診所","address":"新北市板橋區漢生西路73、75號〈1樓〉"}},{"type":"Feature","geometry":{"type":"Point","coordinates":[121.462329,24.993763]},"properties":{"name":"兒林小兒科診所","type":"診所","address":"新北市板橋區廣和街90號及92號1樓"}},{"type":"Feature","geometry":{"type":"Point","coordinates":[121.461058,25.022775]},"properties":{"name":"鄭仕程診所","type":"診所","address":"新北市板橋區新海路113號(1、2樓)"}},{"type":"Feature","geometry":{"type":"Point","coordinates":[121.457692,25.009668]},"properties":{"name":"陳志洪診所","type":"診所","address":"新北市板橋區文化路1段216號1樓、2樓"}},{"type":"Feature","geometry":{"type":"Point","coordinates":[121.458832,25.014236]},"properties":{"name":"林儀文婦產科診所","type":"診所","address":"新北市板橋區民權路218號1、2樓"}},{"type":"Feature","geometry":{"type":"Point","coordinates":[121.457692,25.009668]},"properties":{"name":"張英睿皮膚專科診所","type":"診所","address":"新北市板橋區文化路1段118號（1、2樓、3樓）"}},{"type":"Feature","geometry":{"type":"Point","coordinates":[121.471935,25.007432]},"properties":{"name":"晨陽診所","type":"診所","address":"新北市板橋區漢生東路342號（1樓）"}},{"type":"Feature","geometry":{"type":"Point","coordinates":[121.455391,25.019132]},"properties":{"name":"周延隆耳鼻喉科診所","type":"診所","address":"新北市板橋區中正路283號1樓"}},{"type":"Feature","geometry":{"type":"Point","coordinates":[121.456072,25.018158]},"properties":{"name":"尚品皮膚科診所","type":"診所","address":"新北市板橋區中正路210號1、2樓"}},{"type":"Feature","geometry":{"type":"Point","coordinates":[121.460663,25.018278]},"properties":{"name":"佑恩小兒科診所","type":"診所","address":"新北市板橋區國光路176號1樓"}},{"type":"Feature","geometry":{"type":"Point","coordinates":[121.470154,25.024514]},"properties":{"name":"莒光診所","type":"診所","address":"新北市板橋區莒光路30號1樓"}},{"type":"Feature","geometry":{"type":"Point","coordinates":[121.458918,25.014128]},"properties":{"name":"和謙診所","type":"診所","address":"新北市板橋區民權路214號（1～4樓）"}},{"type":"Feature","geometry":{"type":"Point","coordinates":[121.429446,24.987721]},"properties":{"name":"大新復健科診所","type":"診所","address":"新北市板橋區篤行路1段31號（1樓）"}},{"type":"Feature","geometry":{"type":"Point","coordinates":[121.456543,24.996032]},"properties":{"name":"禾安診所","type":"診所","address":"新北市板橋區四川路1段269號1樓及2樓"}},{"type":"Feature","geometry":{"type":"Point","coordinates":[121.456543,24.996032]},"properties":{"name":"放開心身心精神科診所","type":"診所","address":"新北市板橋區四川路1段279號1、2樓"}},{"type":"Feature","geometry":{"type":"Point","coordinates":[121.45173,25.00082]},"properties":{"name":"大鈞診所","type":"診所","address":"新北市板橋區中山路2段88號1∼4樓"}},{"type":"Feature","geometry":{"type":"Point","coordinates":[121.465913,25.021954]},"properties":{"name":"嘉恩診所","type":"診所","address":"新北市板橋區陽明街40號1樓"}},{"type":"Feature","geometry":{"type":"Point","coordinates":[121.45173,25.00082]},"properties":{"name":"順心診所","type":"診所","address":"新北市板橋區中山路2段160號1樓"}},{"type":"Feature","geometry":{"type":"Point","coordinates":[121.540013,24.972543]},"properties":{"name":"榮恩診所","type":"診所","address":"新北市板橋區三民路1段147號1樓"}},{"type":"Feature","geometry":{"type":"Point","coordinates":[121.540013,24.972543]},"properties":{"name":"榮新診所","type":"診所","address":"新北市板橋區三民路1段143號1樓"}},{"type":"Feature","geometry":{"type":"Point","coordinates":[121.479168,25.030236]},"properties":{"name":"懷諾診所","type":"診所","address":"新北市板橋區懷德街170巷1號1樓"}},{"type":"Feature","geometry":{"type":"Point","coordinates":[121.540013,24.972543]},"properties":{"name":"佑福診所","type":"診所","address":"新北市板橋區三民路1段1巷38弄5號1樓"}},{"type":"Feature","geometry":{"type":"Point","coordinates":[121.461822,25.002019]},"properties":{"name":"品安診所","type":"診所","address":"新北市板橋區忠孝路96號1樓"}},{"type":"Feature","geometry":{"type":"Point","coordinates":[121.456543,24.996032]},"properties":{"name":"喜樂診所","type":"診所","address":"新北市板橋區四川路1段154號1樓"}},{"type":"Feature","geometry":{"type":"Point","coordinates":[121.478133,25.023889]},"properties":{"name":"辰元復健科診所","type":"診所","address":"新北市板橋區雙十路3段31號2樓"}},{"type":"Feature","geometry":{"type":"Point","coordinates":[121.462928,24.996479]},"properties":{"name":"重心診所","type":"診所","address":"新北市板橋區國慶路189號（1樓）"}},{"type":"Feature","geometry":{"type":"Point","coordinates":[121.469963,25.033215]},"properties":{"name":"幸怡診所","type":"診所","address":"新北市板橋區長江路3段80號、82號（1樓）"}},{"type":"Feature","geometry":{"type":"Point","coordinates":[121.459652,25.007005]},"properties":{"name":"板橋光澤診所","type":"診所","address":"新北市板橋區館前東路2號1樓及2樓，2之1號1樓及2樓"}},{"type":"Feature","geometry":{"type":"Point","coordinates":[121.455709,24.996235]},"properties":{"name":"鄭仁瑋耳鼻喉科診所","type":"診所","address":"新北市板橋區四川路2段57號、59號1樓"}},{"type":"Feature","geometry":{"type":"Point","coordinates":[121.458806,25.027154]},"properties":{"name":"裕民診所","type":"診所","address":"新北市板橋區裕民街143號1樓"}},{"type":"Feature","geometry":{"type":"Point","coordinates":[121.45173,25.00082]},"properties":{"name":"嘉禾診所","type":"診所","address":"新北市板橋區中山路2段194號（1樓）"}},{"type":"Feature","geometry":{"type":"Point","coordinates":[121.468812,25.007285]},"properties":{"name":"安欣診所","type":"診所","address":"新北市板橋區民族路228號1樓"}},{"type":"Feature","geometry":{"type":"Point","coordinates":[121.47631,25.030654]},"properties":{"name":"利人診所","type":"診所","address":"新北市板橋區松柏街67號1樓"}},{"type":"Feature","geometry":{"type":"Point","coordinates":[121.456543,24.996032]},"properties":{"name":"晨益診所","type":"診所","address":"新北市板橋區四川路1段171號1樓"}},{"type":"Feature","geometry":{"type":"Point","coordinates":[121.46275,24.999751]},"properties":{"name":"坤隆診所","type":"診所","address":"新北市板橋區重慶路278巷2號（1樓）"}},{"type":"Feature","geometry":{"type":"Point","coordinates":[121.457455,25.010821]},"properties":{"name":"臣雄診所","type":"診所","address":"新北市板橋區北門街24號1樓及26號1樓"}},{"type":"Feature","geometry":{"type":"Point","coordinates":[121.446754,25.010504]},"properties":{"name":"佳愛診所","type":"診所","address":"新北市板橋區大觀路3段236號2樓之3、2樓之4"}},{"type":"Feature","geometry":{"type":"Point","coordinates":[121.53361,24.987708]},"properties":{"name":"仁禾診所","type":"診所","address":"新北市板橋區民生路3段93號1、2樓"}},{"type":"Feature","geometry":{"type":"Point","coordinates":[121.442895,25.000333]},"properties":{"name":"劉宜光診所","type":"診所","address":"新北市板橋區龍興街33號1樓"}},{"type":"Feature","geometry":{"type":"Point","coordinates":[121.446754,25.010504]},"properties":{"name":"板橋仁安內科診所","type":"診所","address":"新北市板橋區大觀路3段236號8樓之1、8樓之2"}},{"type":"Feature","geometry":{"type":"Point","coordinates":[121.46876,25.023908]},"properties":{"name":"蕭正輝兒科診所","type":"診所","address":"新北市板橋區文化路2段137號1樓"}},{"type":"Feature","geometry":{"type":"Point","coordinates":[121.45173,25.00082]},"properties":{"name":"晴天家醫科診所","type":"診所","address":"新北市板橋區中山路2段225號1樓及2樓"}},{"type":"Feature","geometry":{"type":"Point","coordinates":[121.45173,25.00082]},"properties":{"name":"晴天耳鼻喉科診所","type":"診所","address":"新北市板橋區中山路2段225號1樓及2樓"}},{"type":"Feature","geometry":{"type":"Point","coordinates":[121.475503,25.028163]},"properties":{"name":"劉仲彥皮膚專科診所","type":"診所","address":"新北市板橋區雙十路2段167號1樓、2樓"}},{"type":"Feature","geometry":{"type":"Point","coordinates":[121.540013,24.972543]},"properties":{"name":"京澄皮膚專科診所","type":"診所","address":"新北市板橋區三民路1段181、183號（1樓）"}},{"type":"Feature","geometry":{"type":"Point","coordinates":[121.457692,25.009668]},"properties":{"name":"燦明大學眼科診所","type":"診所","address":"新北市板橋區文化路1段182號、182之1號"}},{"type":"Feature","geometry":{"type":"Point","coordinates":[121.456162,25.017956]},"properties":{"name":"昌弘復健科診所","type":"診所","address":"新北市板橋區中正路194號、194之1至之3號"}},{"type":"Feature","geometry":{"type":"Point","coordinates":[121.462934,25.001725]},"properties":{"name":"健心復健科診所","type":"診所","address":"新北市板橋區重慶路201號（1樓）、重慶路223巷15號2樓"}},{"type":"Feature","geometry":{"type":"Point","coordinates":[121.455491,25.016777]},"properties":{"name":"大庭診所","type":"診所","address":"新北市板橋區大仁街27號1樓"}},{"type":"Feature","geometry":{"type":"Point","coordinates":[121.456543,24.996032]},"properties":{"name":"陳正傑骨科診所","type":"診所","address":"新北市板橋區四川路1段217號（1樓）"}},{"type":"Feature","geometry":{"type":"Point","coordinates":[121.466786,25.014367]},"properties":{"name":"喬美整形外科博仕診所","type":"診所","address":"新北市板橋區漢生東路178號2樓"}},{"type":"Feature","geometry":{"type":"Point","coordinates":[121.460819,25.024253]},"properties":{"name":"蔡明志小兒專科診所","type":"診所","address":"新北市板橋區雨農路56號（1樓）"}},{"type":"Feature","geometry":{"type":"Point","coordinates":[121.412357,24.960717]},"properties":{"name":"傑生婦產科診所","type":"診所","address":"新北市板橋區中山路1段104號8樓、9樓"}},{"type":"Feature","geometry":{"type":"Point","coordinates":[121.412357,24.960717]},"properties":{"name":"基生婦產科診所","type":"診所","address":"新北市板橋區中山路1段104號10樓"}},{"type":"Feature","geometry":{"type":"Point","coordinates":[121.472744,25.014115]},"properties":{"name":"文瑞診所","type":"診所","address":"新北市板橋區板新路101號10樓"}},{"type":"Feature","geometry":{"type":"Point","coordinates":[121.477971,25.030858]},"properties":{"name":"長宏骨科診所","type":"診所","address":"新北市板橋區民治街127號1樓及2樓、129號1樓"}},{"type":"Feature","geometry":{"type":"Point","coordinates":[121.465913,25.021954]},"properties":{"name":"佳恩耳鼻喉科診所","type":"診所","address":"新北市板橋區陽明街40號1樓"}},{"type":"Feature","geometry":{"type":"Point","coordinates":[121.457234,25.017723]},"properties":{"name":"心世界身心精神科診所","type":"診所","address":"新北市板橋區國光路33號（1樓）"}},{"type":"Feature","geometry":{"type":"Point","coordinates":[121.461739,25.022052]},"properties":{"name":"方舟復健科診所","type":"診所","address":"新北市板橋區新海路86號1樓、2樓及88號2樓"}},{"type":"Feature","geometry":{"type":"Point","coordinates":[121.444157,24.996421]},"properties":{"name":"俊亨內科診所","type":"診所","address":"新北市板橋區合宜一路53號1樓及夾層"}},{"type":"Feature","geometry":{"type":"Point","coordinates":[121.46876,25.023908]},"properties":{"name":"樂田耳鼻喉科診所","type":"診所","address":"新北市板橋區文化路2段10號（1樓）"}},{"type":"Feature","geometry":{"type":"Point","coordinates":[121.46876,25.023908]},"properties":{"name":"維力骨科診所","type":"診所","address":"新北市板橋區文化路2段19號1、2、3、4樓"}},{"type":"Feature","geometry":{"type":"Point","coordinates":[121.463841,25.023676]},"properties":{"name":"王祥冠耳鼻喉科診所","type":"診所","address":"新北市板橋區陽明街122號（1、2樓）"}},{"type":"Feature","geometry":{"type":"Point","coordinates":[121.466594,25.021773]},"properties":{"name":"新埔立安診所","type":"診所","address":"新北市板橋區陽明街12號（1樓）"}},{"type":"Feature","geometry":{"type":"Point","coordinates":[121.456543,24.996032]},"properties":{"name":"康宏骨科診所","type":"診所","address":"新北市板橋區四川路1段473號、475號1、2、3樓"}},{"type":"Feature","geometry":{"type":"Point","coordinates":[121.45173,25.00082]},"properties":{"name":"遠興婦產科診所","type":"診所","address":"新北市板橋區中山路1段91號1～7樓"}},{"type":"Feature","geometry":{"type":"Point","coordinates":[121.45173,25.00082]},"properties":{"name":"豐禾婦產科診所","type":"診所","address":"新北市板橋區中山路1段279號3樓之1"}},{"type":"Feature","geometry":{"type":"Point","coordinates":[121.457059,24.993777]},"properties":{"name":"里安診所","type":"診所","address":"新北市板橋區信義路58號（1樓）"}},{"type":"Feature","geometry":{"type":"Point","coordinates":[121.46876,25.023908]},"properties":{"name":"原力復健科診所","type":"診所","address":"新北市板橋區文化路2段370號1樓、372號1樓"}},{"type":"Feature","geometry":{"type":"Point","coordinates":[121.46049,25.007131]},"properties":{"name":"板杏內科診所","type":"診所","address":"新北市板橋區館前東路26號4樓"}},{"type":"Feature","geometry":{"type":"Point","coordinates":[121.456922,25.01096]},"properties":{"name":"樂澄診所","type":"診所","address":"新北市板橋區北門街13號1樓"}},{"type":"Feature","geometry":{"type":"Point","coordinates":[121.457047,25.010098]},"properties":{"name":"府中讚美診所","type":"診所","address":"新北市板橋區府中路60號1樓及夾層"}},{"type":"Feature","geometry":{"type":"Point","coordinates":[121.46362,25.006699]},"properties":{"name":"昌禾骨科診所","type":"診所","address":"新北市板橋區實踐路40號（1樓）、42號（1樓）、38號2樓"}},{"type":"Feature","geometry":{"type":"Point","coordinates":[121.465052,25.025633]},"properties":{"name":"板橋四維皮膚科診所","type":"診所","address":"新北市板橋區四維路150號1、2、3樓"}},{"type":"Feature","geometry":{"type":"Point","coordinates":[121.53951,24.97265]},"properties":{"name":"悅安心復健專科診所","type":"診所","address":"新北市板橋區三民路2段127號1樓及129號1樓"}},{"type":"Feature","geometry":{"type":"Point","coordinates":[121.457692,25.009668]},"properties":{"name":"昕新智慧診所","type":"診所","address":"新北市板橋區文化路1段188巷51號4樓"}},{"type":"Feature","geometry":{"type":"Point","coordinates":[121.455993,25.008092]},"properties":{"name":"全泰診所","type":"診所","address":"新北市板橋區館前西路140、142號（1樓）"}},{"type":"Feature","geometry":{"type":"Point","coordinates":[121.464042,25.005657]},"properties":{"name":"幸福身心精神科診所","type":"診所","address":"新北市板橋區實踐路83號1樓、2樓"}},{"type":"Feature","geometry":{"type":"Point","coordinates":[121.457692,25.009668]},"properties":{"name":"信德診所","type":"診所","address":"新北市板橋區文化路1段310號1～2樓"}},{"type":"Feature","geometry":{"type":"Point","coordinates":[121.457692,25.009668]},"properties":{"name":"佳腎內科診所","type":"診所","address":"新北市板橋區文化路1段120號（1樓）"}},{"type":"Feature","geometry":{"type":"Point","coordinates":[121.463136,25.010266]},"properties":{"name":"陳智宏診所","type":"診所","address":"新北市板橋區民權路28號（1樓）"}},{"type":"Feature","geometry":{"type":"Point","coordinates":[121.46049,25.007131]},"properties":{"name":"和一診所","type":"診所","address":"新北市板橋區館前東路26號3樓之2"}},{"type":"Feature","geometry":{"type":"Point","coordinates":[121.46876,25.023908]},"properties":{"name":"高端眼科診所","type":"診所","address":"新北市板橋區文化路2段182巷3弄46號1、2樓及46－1號"}},{"type":"Feature","geometry":{"type":"Point","coordinates":[121.4786,25.027634]},"properties":{"name":"板橋親親家庭診所","type":"診所","address":"新北市板橋區大同街55號（1樓）"}},{"type":"Feature","geometry":{"type":"Point","coordinates":[121.46876,25.023908]},"properties":{"name":"療寮診所","type":"診所","address":"新北市板橋區文化路2段441巷2弄2號1樓"}},{"type":"Feature","geometry":{"type":"Point","coordinates":[121.471538,25.008771]},"properties":{"name":"謙禾家醫診所","type":"診所","address":"新北市板橋區漢生東路285號1、2樓及287號1、2樓"}},{"type":"Feature","geometry":{"type":"Point","coordinates":[121.447154,25.011748]},"properties":{"name":"明品診所","type":"診所","address":"新北市板橋區僑中一街88號（1樓）"}},{"type":"Feature","geometry":{"type":"Point","coordinates":[121.465052,25.025633]},"properties":{"name":"板橋四維親子診所","type":"診所","address":"新北市板橋區四維路150號1、2、3樓"}},{"type":"Feature","geometry":{"type":"Point","coordinates":[121.457692,25.009668]},"properties":{"name":"板橋諾貝爾皮膚科美學診所","type":"診所","address":"新北市板橋區文化路1段145號2樓"}},{"type":"Feature","geometry":{"type":"Point","coordinates":[121.443291,25.001042]},"properties":{"name":"合誼診所","type":"診所","address":"新北市板橋區龍興街50號（1樓）"}},{"type":"Feature","geometry":{"type":"Point","coordinates":[121.46876,25.023908]},"properties":{"name":"向陽澄思診所","type":"診所","address":"新北市板橋區文化路2段113號（1、2樓）"}},{"type":"Feature","geometry":{"type":"Point","coordinates":[121.464173,25.004988]},"properties":{"name":"立竹診所","type":"診所","address":"新北市板橋區實踐路121號1、2樓"}},{"type":"Feature","geometry":{"type":"Point","coordinates":[121.45173,25.00082]},"properties":{"name":"安胃診所","type":"診所","address":"新北市板橋區中山路2段232號1、2樓"}},{"type":"Feature","geometry":{"type":"Point","coordinates":[121.456635,25.007289]},"properties":{"name":"南雅復健科診所","type":"診所","address":"新北市板橋區南雅南路1段3號1、2、3、4樓"}},{"type":"Feature","geometry":{"type":"Point","coordinates":[121.459618,24.991521]},"properties":{"name":"安泰淞鶴診所","type":"診所","address":"新北市板橋區信義路219號1樓"}},{"type":"Feature","geometry":{"type":"Point","coordinates":[121.45173,25.00082]},"properties":{"name":"實健診所","type":"診所","address":"新北市板橋區中山路2段32號（1樓）"}},{"type":"Feature","geometry":{"type":"Point","coordinates":[121.502116,25.064886]},"properties":{"name":"賴明志婦產科診所","type":"診所","address":"新北市三重區福德北路26－2號"}},{"type":"Feature","geometry":{"type":"Point","coordinates":[121.501502,25.066605]},"properties":{"name":"蘇炫明外科診所","type":"診所","address":"新北市三重區三和路4段161號"}},{"type":"Feature","geometry":{"type":"Point","coordinates":[121.495981,25.068273]},"properties":{"name":"重德耳鼻喉科診所","type":"診所","address":"新北市三重區正義北路246號"}},{"type":"Feature","geometry":{"type":"Point","coordinates":[121.611849,25.06012]},"properties":{"name":"宏誠診所","type":"診所","address":"新北市三重區重陽路1段124號1樓"}},{"type":"Feature","geometry":{"type":"Point","coordinates":[121.488777,25.066591]},"properties":{"name":"趙堅婦產科診所","type":"診所","address":"新北市三重區力行路1段81號2樓"}},{"type":"Feature","geometry":{"type":"Point","coordinates":[121.496204,25.067527]},"properties":{"name":"美視眼科診所","type":"診所","address":"新北市三重區正義北路210號3樓"}},{"type":"Feature","geometry":{"type":"Point","coordinates":[121.501502,25.066605]},"properties":{"name":"李祥德診所","type":"診所","address":"新北市三重區三和路4段392號"}},{"type":"Feature","geometry":{"type":"Point","coordinates":[121.501188,25.065057]},"properties":{"name":"郭國鐘小兒科診所","type":"診所","address":"新北市三重區信義街57號"}},{"type":"Feature","geometry":{"type":"Point","coordinates":[121.4925,25.071596]},"properties":{"name":"陳耀宗內科小兒科診所","type":"診所","address":"新北市三重區忠孝路2段57號"}},{"type":"Feature","geometry":{"type":"Point","coordinates":[121.485681,25.063068]},"properties":{"name":"三民家庭醫學科診所","type":"診所","address":"新北市三重區三民街83號"}},{"type":"Feature","geometry":{"type":"Point","coordinates":[121.494143,25.05817]},"properties":{"name":"李兆政診所","type":"診所","address":"新北市三重區中正南路93號"}},{"type":"Feature","geometry":{"type":"Point","coordinates":[121.611893,25.060091]},"properties":{"name":"友祥外科診所","type":"診所","address":"新北市三重區重陽路2段6號"}},{"type":"Feature","geometry":{"type":"Point","coordinates":[121.489986,25.053059]},"properties":{"name":"洪文武診所","type":"診所","address":"新北市三重區集美街162號1樓"}},{"type":"Feature","geometry":{"type":"Point","coordinates":[121.49292,25.067139]},"properties":{"name":"施芳文內科小兒科診所","type":"診所","address":"新北市三重區大智街126號"}},{"type":"Feature","geometry":{"type":"Point","coordinates":[121.495428,25.061439]},"properties":{"name":"慶安診所","type":"診所","address":"新北市三重區重新路4段114號"}},{"type":"Feature","geometry":{"type":"Point","coordinates":[121.480257,25.068691]},"properties":{"name":"莊裕安內科診所","type":"診所","address":"新北市三重區中正北路292號"}},{"type":"Feature","geometry":{"type":"Point","coordinates":[121.49655,25.062574]},"properties":{"name":"李進忠診所","type":"診所","address":"新北市三重區重新路3段105－1號1樓"}},{"type":"Feature","geometry":{"type":"Point","coordinates":[121.494862,25.070388]},"properties":{"name":"翁華宗小兒科診所","type":"診所","address":"新北市三重區正義北路324號"}},{"type":"Feature","geometry":{"type":"Point","coordinates":[121.498988,25.068432]},"properties":{"name":"鄭俊堂診所","type":"診所","address":"新北市三重區自強路4段49號"}},{"type":"Feature","geometry":{"type":"Point","coordinates":[121.483409,25.066589]},"properties":{"name":"吉田診所","type":"診所","address":"新北市三重區中正北路174－7號"}},{"type":"Feature","geometry":{"type":"Point","coordinates":[121.49984,25.073291]},"properties":{"name":"歐維藩診所","type":"診所","address":"新北市三重區龍門路199號"}},{"type":"Feature","geometry":{"type":"Point","coordinates":[121.495383,25.061671]},"properties":{"name":"重仁診所","type":"診所","address":"新北市三重區重新路5段592號1樓"}},{"type":"Feature","geometry":{"type":"Point","coordinates":[121.502162,25.065552]},"properties":{"name":"游眼科診所","type":"診所","address":"新北市三重區福德北路63號1樓"}},{"type":"Feature","geometry":{"type":"Point","coordinates":[121.500991,25.066697]},"properties":{"name":"宏鴻診所","type":"診所","address":"新北市三重區長生街67號1樓"}},{"type":"Feature","geometry":{"type":"Point","coordinates":[121.479945,25.067608]},"properties":{"name":"洪小兒科診所","type":"診所","address":"新北市三重區三民街243號"}},{"type":"Feature","geometry":{"type":"Point","coordinates":[121.496744,25.06562]},"properties":{"name":"聖仁皮膚科診所","type":"診所","address":"新北市三重區正義北路126號1樓、3樓及128號1樓、3樓"}},{"type":"Feature","geometry":{"type":"Point","coordinates":[121.495254,25.069857]},"properties":{"name":"江建中皮膚科診所","type":"診所","address":"新北市三重區正義北路304號1樓"}},{"type":"Feature","geometry":{"type":"Point","coordinates":[121.498309,25.060885]},"properties":{"name":"建人診所","type":"診所","address":"新北市三重區正義南路46號1樓"}},{"type":"Feature","geometry":{"type":"Point","coordinates":[121.501502,25.066605]},"properties":{"name":"鴻璋婦產科診所","type":"診所","address":"新北市三重區三和路4段392號2樓"}},{"type":"Feature","geometry":{"type":"Point","coordinates":[121.502223,25.065356]},"properties":{"name":"連眼科診所","type":"診所","address":"新北市三重區福德北路55號1樓、55號2樓"}},{"type":"Feature","geometry":{"type":"Point","coordinates":[121.501502,25.066605]},"properties":{"name":"銘泰診所","type":"診所","address":"新北市三重區三和路4段153號"}},{"type":"Feature","geometry":{"type":"Point","coordinates":[121.492591,25.078989]},"properties":{"name":"王立德婦產科診所","type":"診所","address":"新北市三重區仁愛路731號2Ｆ"}},{"type":"Feature","geometry":{"type":"Point","coordinates":[121.48174,25.080549]},"properties":{"name":"仁新小兒科診所","type":"診所","address":"新北市三重區仁愛街735號"}},{"type":"Feature","geometry":{"type":"Point","coordinates":[121.492091,25.053557]},"properties":{"name":"医力耳鼻喉科診所","type":"診所","address":"新北市三重區新興路33號1樓"}},{"type":"Feature","geometry":{"type":"Point","coordinates":[121.50148,25.066487]},"properties":{"name":"三和診所","type":"診所","address":"新北市三重區三和路2段158號"}},{"type":"Feature","geometry":{"type":"Point","coordinates":[121.498992,25.062755]},"properties":{"name":"德慈聯合診所","type":"診所","address":"新北市三重區重新路3段14號1、2、3樓"}},{"type":"Feature","geometry":{"type":"Point","coordinates":[121.481264,25.080311]},"properties":{"name":"九如聯合診所","type":"診所","address":"新北市三重區仁愛街753號1樓"}},{"type":"Feature","geometry":{"type":"Point","coordinates":[121.501502,25.066605]},"properties":{"name":"鄭智雄診所","type":"診所","address":"新北市三重區三和路4段308號"}},{"type":"Feature","geometry":{"type":"Point","coordinates":[121.50148,25.066487]},"properties":{"name":"陳銘賢診所","type":"診所","address":"新北市三重區三和路2段57號1樓"}},{"type":"Feature","geometry":{"type":"Point","coordinates":[121.482168,25.080693]},"properties":{"name":"德澤診所","type":"診所","address":"新北市三重區仁愛街713．715．717．719號1樓"}},{"type":"Feature","geometry":{"type":"Point","coordinates":[121.485351,25.058675]},"properties":{"name":"林永權耳鼻喉科診所","type":"診所","address":"新北市三重區三陽路32號"}},{"type":"Feature","geometry":{"type":"Point","coordinates":[121.49589,25.069297]},"properties":{"name":"江幸蓉皮膚科診所","type":"診所","address":"新北市三重區正義北路237號1樓、2樓"}},{"type":"Feature","geometry":{"type":"Point","coordinates":[121.496401,25.067302]},"properties":{"name":"正一耳鼻喉科診所","type":"診所","address":"新北市三重區正義北路310─1號"}},{"type":"Feature","geometry":{"type":"Point","coordinates":[121.501502,25.066605]},"properties":{"name":"梁耳鼻喉科診所","type":"診所","address":"新北市三重區三和路4段302號"}},{"type":"Feature","geometry":{"type":"Point","coordinates":[121.481585,25.080507]},"properties":{"name":"三重台新診所","type":"診所","address":"新北市三重區仁愛街741號"}},{"type":"Feature","geometry":{"type":"Point","coordinates":[121.498386,25.072884]},"properties":{"name":"吾佳診所","type":"診所","address":"新北市三重區龍門路141號"}},{"type":"Feature","geometry":{"type":"Point","coordinates":[121.498992,25.062755]},"properties":{"name":"江村聯合診所","type":"診所","address":"新北市三重區重新路3段7號1－4樓及9號2－4樓"}},{"type":"Feature","geometry":{"type":"Point","coordinates":[121.498992,25.062755]},"properties":{"name":"良安診所","type":"診所","address":"新北市三重區重新路3段34號1、2樓"}},{"type":"Feature","geometry":{"type":"Point","coordinates":[121.50148,25.066487]},"properties":{"name":"呂恆明皮膚科診所","type":"診所","address":"新北市三重區三和路2段178號"}},{"type":"Feature","geometry":{"type":"Point","coordinates":[121.498992,25.062755]},"properties":{"name":"三重博愛診所","type":"診所","address":"新北市三重區重新路3段200號"}},{"type":"Feature","geometry":{"type":"Point","coordinates":[121.497046,25.064485]},"properties":{"name":"智信診所","type":"診所","address":"新北市三重區信義西街106號1樓"}},{"type":"Feature","geometry":{"type":"Point","coordinates":[121.490084,25.058577]},"properties":{"name":"至安診所","type":"診所","address":"新北市三重區重安街6號1樓、8號1樓"}},{"type":"Feature","geometry":{"type":"Point","coordinates":[121.492091,25.07944]},"properties":{"name":"金港齡小兒科診所","type":"診所","address":"新北市三重區仁愛街302號1樓"}},{"type":"Feature","geometry":{"type":"Point","coordinates":[121.493317,25.060403]},"properties":{"name":"佳仁診所","type":"診所","address":"新北市三重區中正南路5號"}},{"type":"Feature","geometry":{"type":"Point","coordinates":[121.494358,25.071182]},"properties":{"name":"周宏法診所","type":"診所","address":"新北市三重區正義北路309號1樓、2樓、4樓、311號1樓"}},{"type":"Feature","geometry":{"type":"Point","coordinates":[121.498802,25.072997]},"properties":{"name":"吳英芳診所","type":"診所","address":"新北市三重區龍門路161號"}},{"type":"Feature","geometry":{"type":"Point","coordinates":[121.501502,25.066605]},"properties":{"name":"侯外科診所","type":"診所","address":"新北市三重區三和路4段260號、264巷2弄2號"}},{"type":"Feature","geometry":{"type":"Point","coordinates":[121.501502,25.066605]},"properties":{"name":"靜明眼科診所","type":"診所","address":"新北市三重區三和路4段153－2號1樓"}},{"type":"Feature","geometry":{"type":"Point","coordinates":[121.491612,25.083602]},"properties":{"name":"李烈委診所","type":"診所","address":"新北市三重區五華街132號1樓"}},{"type":"Feature","geometry":{"type":"Point","coordinates":[121.501502,25.066605]},"properties":{"name":"游奐倫診所","type":"診所","address":"新北市三重區三和路4段156號"}},{"type":"Feature","geometry":{"type":"Point","coordinates":[121.488777,25.066591]},"properties":{"name":"俊元診所","type":"診所","address":"新北市三重區力行路1段62號"}},{"type":"Feature","geometry":{"type":"Point","coordinates":[121.489368,25.052846]},"properties":{"name":"德恩診所","type":"診所","address":"新北市三重區集成路47號"}},{"type":"Feature","geometry":{"type":"Point","coordinates":[121.499876,25.062796]},"properties":{"name":"索南婦產科診所","type":"診所","address":"新北市三重區重新路2段42號3樓之1、3樓之2"}},{"type":"Feature","geometry":{"type":"Point","coordinates":[121.497894,25.062591]},"properties":{"name":"保順聯合診所","type":"診所","address":"新北市三重區正義北路5號、重新路2段13號8號1樓"}},{"type":"Feature","geometry":{"type":"Point","coordinates":[121.497265,25.06388]},"properties":{"name":"明安婦產科診所","type":"診所","address":"新北市三重區正義北路54號、56號1、2樓"}},{"type":"Feature","geometry":{"type":"Point","coordinates":[121.483575,25.061775]},"properties":{"name":"謝明宏小兒科診所","type":"診所","address":"新北市三重區中華路43號1樓"}},{"type":"Feature","geometry":{"type":"Point","coordinates":[121.499876,25.062796]},"properties":{"name":"聰明耳鼻喉科診所","type":"診所","address":"新北市三重區重新路2段14號1樓"}},{"type":"Feature","geometry":{"type":"Point","coordinates":[121.49535,25.069724]},"properties":{"name":"簡修平診所","type":"診所","address":"新北市三重區正義北路300號之3"}},{"type":"Feature","geometry":{"type":"Point","coordinates":[121.495966,25.068369]},"properties":{"name":"正義眼科診所","type":"診所","address":"新北市三重區正義北路250號1樓"}},{"type":"Feature","geometry":{"type":"Point","coordinates":[121.50148,25.066487]},"properties":{"name":"東和婦產科家庭醫學科診所","type":"診所","address":"新北市三重區三和路2段97號1、2、3、4樓"}},{"type":"Feature","geometry":{"type":"Point","coordinates":[121.494128,25.071343]},"properties":{"name":"錫安婦產科內科診所","type":"診所","address":"新北市三重區正義北路319號"}},{"type":"Feature","geometry":{"type":"Point","coordinates":[121.479729,25.067764]},"properties":{"name":"新視界診所","type":"診所","address":"新北市三重區三民街257號1樓"}},{"type":"Feature","geometry":{"type":"Point","coordinates":[121.609135,25.059421]},"properties":{"name":"德河聯合診所","type":"診所","address":"新北市三重區重陽路3段115號1樓、117號1－4樓"}},{"type":"Feature","geometry":{"type":"Point","coordinates":[121.490302,25.068981]},"properties":{"name":"杏華診所","type":"診所","address":"新北市三重區自強路5段4號"}},{"type":"Feature","geometry":{"type":"Point","coordinates":[121.611849,25.06012]},"properties":{"name":"重揚診所","type":"診所","address":"新北市三重區重陽路1段112號"}},{"type":"Feature","geometry":{"type":"Point","coordinates":[121.501502,25.066605]},"properties":{"name":"世鴻耳鼻喉科小兒科聯合診所","type":"診所","address":"新北市三重區三和路4段318號1樓"}},{"type":"Feature","geometry":{"type":"Point","coordinates":[121.499876,25.062796]},"properties":{"name":"輝德診所","type":"診所","address":"新北市三重區重新路2段23號11、12樓"}},{"type":"Feature","geometry":{"type":"Point","coordinates":[121.490427,25.053251]},"properties":{"name":"集美診所","type":"診所","address":"新北市三重區集美街174－1號"}},{"type":"Feature","geometry":{"type":"Point","coordinates":[121.501502,25.066605]},"properties":{"name":"康全診所","type":"診所","address":"新北市三重區三和路4段111之32號9樓"}},{"type":"Feature","geometry":{"type":"Point","coordinates":[121.496318,25.068069]},"properties":{"name":"高柏森耳鼻喉科診所","type":"診所","address":"新北市三重區正義北路191號1樓"}},{"type":"Feature","geometry":{"type":"Point","coordinates":[121.501502,25.066605]},"properties":{"name":"敦和診所","type":"診所","address":"新北市三重區三和路4段362號1樓、2樓"}},{"type":"Feature","geometry":{"type":"Point","coordinates":[121.49655,25.062574]},"properties":{"name":"賴美里診所","type":"診所","address":"新北市三重區重新路3段106號1樓"}},{"type":"Feature","geometry":{"type":"Point","coordinates":[121.501502,25.066605]},"properties":{"name":"三重祥安診所","type":"診所","address":"新北市三重區三和路4段374號1、2樓"}},{"type":"Feature","geometry":{"type":"Point","coordinates":[121.611849,25.06012]},"properties":{"name":"惠心婦幼診所","type":"診所","address":"新北市三重區重陽路1段138－144號1－4樓"}},{"type":"Feature","geometry":{"type":"Point","coordinates":[121.493722,25.071292]},"properties":{"name":"林偉欣眼科診所","type":"診所","address":"新北市三重區正義北路366號1樓及366－1號1、2樓"}},{"type":"Feature","geometry":{"type":"Point","coordinates":[121.485609,25.081007]},"properties":{"name":"和平診所","type":"診所","address":"新北市三重區溪尾街111號1樓"}},{"type":"Feature","geometry":{"type":"Point","coordinates":[121.483614,25.062982]},"properties":{"name":"安禾診所","type":"診所","address":"新北市三重區田安里中華路89號1樓"}},{"type":"Feature","geometry":{"type":"Point","coordinates":[121.481842,25.071955]},"properties":{"name":"德心診所","type":"診所","address":"新北市三重區力行路2段206號1、2、3樓"}},{"type":"Feature","geometry":{"type":"Point","coordinates":[121.499876,25.062796]},"properties":{"name":"江生診所","type":"診所","address":"新北市三重區重新路2段1號5樓"}},{"type":"Feature","geometry":{"type":"Point","coordinates":[121.494439,25.085828]},"properties":{"name":"合健診所","type":"診所","address":"新北市三重區仁義街407號1、2樓"}},{"type":"Feature","geometry":{"type":"Point","coordinates":[121.490901,25.081177]},"properties":{"name":"仁愛診所","type":"診所","address":"新北市三重區仁愛街409－1號1樓"}},{"type":"Feature","geometry":{"type":"Point","coordinates":[121.495522,25.069424]},"properties":{"name":"洋基耳鼻喉科診所","type":"診所","address":"新北市三重區正義北路288號1樓"}},{"type":"Feature","geometry":{"type":"Point","coordinates":[121.493121,25.082062]},"properties":{"name":"五華眼科診所","type":"診所","address":"新北市三重區五華街82號1樓"}},{"type":"Feature","geometry":{"type":"Point","coordinates":[121.493131,25.06738]},"properties":{"name":"美上美皮膚科診所","type":"診所","address":"新北市三重區正義北路104號1樓"}},{"type":"Feature","geometry":{"type":"Point","coordinates":[121.487845,25.056024]},"properties":{"name":"林慶宗耳鼻喉科診所","type":"診所","address":"新北市三重區集美街21－1號1、2樓"}},{"type":"Feature","geometry":{"type":"Point","coordinates":[121.497079,25.081071]},"properties":{"name":"龍華診所","type":"診所","address":"新北市三重區五華街100號1、2樓"}},{"type":"Feature","geometry":{"type":"Point","coordinates":[121.494907,25.070328]},"properties":{"name":"陳信任精神科診所","type":"診所","address":"新北市三重區正義北路320號1樓"}},{"type":"Feature","geometry":{"type":"Point","coordinates":[121.496401,25.067302]},"properties":{"name":"明安耳鼻喉科診所","type":"診所","address":"新北市三重區正義北路54、56號1．2樓"}},{"type":"Feature","geometry":{"type":"Point","coordinates":[121.609125,25.059284]},"properties":{"name":"詹益智耳鼻喉科診所","type":"診所","address":"新北市三重區重陽路4段6號1樓"}},{"type":"Feature","geometry":{"type":"Point","coordinates":[121.496248,25.068295]},"properties":{"name":"大愛眼科診所","type":"診所","address":"新北市三重區正義北路201號（1、2樓）"}},{"type":"Feature","geometry":{"type":"Point","coordinates":[121.487476,25.056645]},"properties":{"name":"及美眼科診所","type":"診所","address":"新北市三重區集美街1號1樓"}},{"type":"Feature","geometry":{"type":"Point","coordinates":[121.490494,25.068851]},"properties":{"name":"丁婦產科診所","type":"診所","address":"新北市三重區自強路1段246號1－4樓"}},{"type":"Feature","geometry":{"type":"Point","coordinates":[121.499402,25.062922]},"properties":{"name":"仁暉診所","type":"診所","address":"新北市三重區重新路1段50號2樓、52號2樓"}},{"type":"Feature","geometry":{"type":"Point","coordinates":[121.499876,25.062796]},"properties":{"name":"重新診所","type":"診所","address":"新北市三重區重新路2段150號1、2樓"}},{"type":"Feature","geometry":{"type":"Point","coordinates":[121.495289,25.072039]},"properties":{"name":"瑞和耳鼻喉科診所","type":"診所","address":"新北市三重區龍門路22號1樓，夾層"}},{"type":"Feature","geometry":{"type":"Point","coordinates":[121.498992,25.062755]},"properties":{"name":"三重大學眼科診所","type":"診所","address":"新北市三重區重新路3段28號、30號1Ｆ、2Ｆ"}},{"type":"Feature","geometry":{"type":"Point","coordinates":[121.497078,25.064559]},"properties":{"name":"采新婦幼診所","type":"診所","address":"新北市三重區正義北路86號1－6樓"}},{"type":"Feature","geometry":{"type":"Point","coordinates":[121.499662,25.064937]},"properties":{"name":"輝鴻診所","type":"診所","address":"新北市三重區信義街22號1樓"}},{"type":"Feature","geometry":{"type":"Point","coordinates":[121.498414,25.060348]},"properties":{"name":"建宏骨科診所","type":"診所","address":"新北市三重區正義南路60之4號1樓"}},{"type":"Feature","geometry":{"type":"Point","coordinates":[121.493652,25.061105]},"properties":{"name":"張必正診所","type":"診所","address":"新北市三重區重新路三段66號1樓"}},{"type":"Feature","geometry":{"type":"Point","coordinates":[121.50148,25.066487]},"properties":{"name":"群康復健診所","type":"診所","address":"新北市三重區三和路2段6－1號1樓、6－3號1樓"}},{"type":"Feature","geometry":{"type":"Point","coordinates":[121.489184,25.08027]},"properties":{"name":"健安骨科診所","type":"診所","address":"新北市三重區慈愛街92號1樓、溪尾街167號1樓、169號1"}},{"type":"Feature","geometry":{"type":"Point","coordinates":[121.483614,25.062982]},"properties":{"name":"李瑞相診所","type":"診所","address":"新北市三重區中華路89號1樓"}},{"type":"Feature","geometry":{"type":"Point","coordinates":[121.489134,25.052501]},"properties":{"name":"張欽堯小兒科診所","type":"診所","address":"新北市三重區集成路35號1樓"}},{"type":"Feature","geometry":{"type":"Point","coordinates":[121.487796,25.084348]},"properties":{"name":"健福診所","type":"診所","address":"新北市三重區溪尾街171、173號1樓"}},{"type":"Feature","geometry":{"type":"Point","coordinates":[121.487657,25.056455]},"properties":{"name":"維德骨科診所","type":"診所","address":"新北市三重區集美街7號1樓、重新路4段110號"}},{"type":"Feature","geometry":{"type":"Point","coordinates":[121.494832,25.071009]},"properties":{"name":"仁馨診所","type":"診所","address":"新北市三重區龍門路1號5樓、5樓－1"}},{"type":"Feature","geometry":{"type":"Point","coordinates":[121.490834,25.084694]},"properties":{"name":"惟新診所","type":"診所","address":"新北市三重區五華街145號1樓"}},{"type":"Feature","geometry":{"type":"Point","coordinates":[121.609125,25.059284]},"properties":{"name":"林南診所","type":"診所","address":"新北市三重區重陽路4段11號1樓"}},{"type":"Feature","geometry":{"type":"Point","coordinates":[121.496386,25.067825]},"properties":{"name":"康新診所","type":"診所","address":"新北市三重區正義北路185號1樓、2樓"}},{"type":"Feature","geometry":{"type":"Point","coordinates":[121.496386,25.067825]},"properties":{"name":"康歆診所","type":"診所","address":"新北市三重區正義北路185號1樓、2樓"}},{"type":"Feature","geometry":{"type":"Point","coordinates":[121.496386,25.067825]},"properties":{"name":"康昕診所","type":"診所","address":"新北市三重區正義北路185號1、2樓"}},{"type":"Feature","geometry":{"type":"Point","coordinates":[121.49283,25.08233]},"properties":{"name":"京辰耳鼻喉科診所","type":"診所","address":"新北市三重區五華街92號1樓"}},{"type":"Feature","geometry":{"type":"Point","coordinates":[121.49628,25.070299]},"properties":{"name":"慈田診所","type":"診所","address":"新北市三重區安興街10號1樓"}},{"type":"Feature","geometry":{"type":"Point","coordinates":[121.499402,25.062922]},"properties":{"name":"信林大學眼科診所","type":"診所","address":"新北市三重區重新路1段51－1號1樓及51－3號1樓"}},{"type":"Feature","geometry":{"type":"Point","coordinates":[121.496548,25.06624]},"properties":{"name":"益安診所","type":"診所","address":"新北市三重區正義北路152號1樓、2樓"}},{"type":"Feature","geometry":{"type":"Point","coordinates":[121.49329,25.081922]},"properties":{"name":"宏生診所","type":"診所","address":"新北市三重區五華街72號1樓"}},{"type":"Feature","geometry":{"type":"Point","coordinates":[121.493131,25.06738]},"properties":{"name":"達昇皮膚科診所","type":"診所","address":"新北市三重區正義北路104號1樓"}},{"type":"Feature","geometry":{"type":"Point","coordinates":[121.495659,25.069716]},"properties":{"name":"介壽耳鼻喉科診所","type":"診所","address":"新北市三重區正義北路255號1樓"}},{"type":"Feature","geometry":{"type":"Point","coordinates":[121.498992,25.062755]},"properties":{"name":"安興精神科診所","type":"診所","address":"新北市三重區重新路3段132號1樓"}},{"type":"Feature","geometry":{"type":"Point","coordinates":[121.497253,25.08092]},"properties":{"name":"三重新好診所","type":"診所","address":"新北市三重區仁義街147號、149號1樓"}},{"type":"Feature","geometry":{"type":"Point","coordinates":[121.495011,25.070173]},"properties":{"name":"固的診所","type":"診所","address":"新北市三重區正義北路312號1樓、2樓"}},{"type":"Feature","geometry":{"type":"Point","coordinates":[121.495428,25.061439]},"properties":{"name":"展源內科診所","type":"診所","address":"新北市三重區重新路4段12號9樓"}},{"type":"Feature","geometry":{"type":"Point","coordinates":[121.496348,25.066975]},"properties":{"name":"長壽耳鼻喉科診所","type":"診所","address":"新北市三重區正義北路194號1樓"}},{"type":"Feature","geometry":{"type":"Point","coordinates":[121.49751,25.063301]},"properties":{"name":"仁佳診所","type":"診所","address":"新北市三重區正義北路30號1、2樓；30之1號1、2樓"}},{"type":"Feature","geometry":{"type":"Point","coordinates":[121.496204,25.067527]},"properties":{"name":"美麗心成人兒童精神科診所","type":"診所","address":"新北市三重區正義北路210號1樓"}},{"type":"Feature","geometry":{"type":"Point","coordinates":[121.498992,25.062755]},"properties":{"name":"宏通診所","type":"診所","address":"新北市三重區重新路3段46號1樓"}},{"type":"Feature","geometry":{"type":"Point","coordinates":[121.476844,25.069638]},"properties":{"name":"大有診所","type":"診所","address":"新北市三重區中正北路374號1樓"}},{"type":"Feature","geometry":{"type":"Point","coordinates":[121.493054,25.067289]},"properties":{"name":"政義診所","type":"診所","address":"新北市三重區正義北路242號1樓"}},{"type":"Feature","geometry":{"type":"Point","coordinates":[121.495705,25.06907]},"properties":{"name":"正和診所","type":"診所","address":"新北市三重區正義北路278號1樓"}},{"type":"Feature","geometry":{"type":"Point","coordinates":[121.502064,25.066739]},"properties":{"name":"華貞診所","type":"診所","address":"新北市三重區三和路3段80號1樓"}},{"type":"Feature","geometry":{"type":"Point","coordinates":[121.487796,25.084348]},"properties":{"name":"柯瑞宏皮膚專科診所","type":"診所","address":"新北市三重區溪尾街181、183號1樓"}},{"type":"Feature","geometry":{"type":"Point","coordinates":[121.486278,25.052595]},"properties":{"name":"惠心婦產科小兒科診所","type":"診所","address":"新北市三重區成功路171號2至5樓及173號2至5樓"}},{"type":"Feature","geometry":{"type":"Point","coordinates":[121.496213,25.068405]},"properties":{"name":"正義骨科診所","type":"診所","address":"新北市三重區正義北路205號1、2、3、4樓"}},{"type":"Feature","geometry":{"type":"Point","coordinates":[121.484538,25.085254]},"properties":{"name":"集勇復健科診所","type":"診所","address":"新北市三重區集勇街60號、62號1樓"}},{"type":"Feature","geometry":{"type":"Point","coordinates":[121.496904,25.065959]},"properties":{"name":"康倍耳鼻喉科診所","type":"診所","address":"新北市三重區正義北路117號1樓"}},{"type":"Feature","geometry":{"type":"Point","coordinates":[121.495864,25.06934]},"properties":{"name":"幸聲耳鼻喉科診所","type":"診所","address":"新北市三重區正義北路239號1樓"}},{"type":"Feature","geometry":{"type":"Point","coordinates":[121.491758,25.083423]},"properties":{"name":"膚麗康診所","type":"診所","address":"新北市三重區五華街128號1樓、2樓"}},{"type":"Feature","geometry":{"type":"Point","coordinates":[121.488912,25.086177]},"properties":{"name":"三重華泰診所","type":"診所","address":"新北市三重區五華街176號1樓"}},{"type":"Feature","geometry":{"type":"Point","coordinates":[121.49468,25.085028]},"properties":{"name":"皇嘉耳鼻喉科診所","type":"診所","address":"新北市三重區五華街247號1樓"}},{"type":"Feature","geometry":{"type":"Point","coordinates":[121.481531,25.080167]},"properties":{"name":"維德徐匯診所","type":"診所","address":"新北市三重區仁愛街690號1樓、692號1樓"}},{"type":"Feature","geometry":{"type":"Point","coordinates":[121.492614,25.061714]},"properties":{"name":"德儀皮膚專科診所","type":"診所","address":"新北市三重區中正北路17號1樓"}},{"type":"Feature","geometry":{"type":"Point","coordinates":[121.484083,25.066086]},"properties":{"name":"活力復健診所","type":"診所","address":"新北市三重區中正北路168號1、2樓，170號、172號1樓"}},{"type":"Feature","geometry":{"type":"Point","coordinates":[121.496462,25.066642]},"properties":{"name":"大榮耳鼻喉科診所","type":"診所","address":"新北市三重區正義北路178號1樓"}},{"type":"Feature","geometry":{"type":"Point","coordinates":[121.496228,25.068357]},"properties":{"name":"三重正義北好評診所","type":"診所","address":"新北市三重區正義北路203號1樓"}},{"type":"Feature","geometry":{"type":"Point","coordinates":[121.498992,25.062755]},"properties":{"name":"曜弘診所","type":"診所","address":"新北市三重區重新路3段107號1樓"}},{"type":"Feature","geometry":{"type":"Point","coordinates":[121.496609,25.057084]},"properties":{"name":"孔繁錦診所","type":"診所","address":"新北市三重區大同南路151號1樓"}},{"type":"Feature","geometry":{"type":"Point","coordinates":[121.494832,25.086418]},"properties":{"name":"艾樂堡診所","type":"診所","address":"新北市三重區集賢路63之1號1樓"}},{"type":"Feature","geometry":{"type":"Point","coordinates":[121.495428,25.061439]},"properties":{"name":"富康診所","type":"診所","address":"新北市三重區重新路4段53號2樓、3樓、3樓之1"}},{"type":"Feature","geometry":{"type":"Point","coordinates":[121.487793,25.082272]},"properties":{"name":"德謙皮膚科診所","type":"診所","address":"新北市三重區仁愛街517號1、2樓"}},{"type":"Feature","geometry":{"type":"Point","coordinates":[121.487793,25.082272]},"properties":{"name":"華謙家醫科診所","type":"診所","address":"新北市三重區仁愛街517號1、2樓"}},{"type":"Feature","geometry":{"type":"Point","coordinates":[121.470098,25.046379]},"properties":{"name":"兆興診所","type":"診所","address":"新北市三重區中興北街19巷2號1樓"}},{"type":"Feature","geometry":{"type":"Point","coordinates":[121.483404,25.062206]},"properties":{"name":"友孝診所","type":"診所","address":"新北市三重區中華路60號1樓"}},{"type":"Feature","geometry":{"type":"Point","coordinates":[121.490352,25.06895]},"properties":{"name":"培力佳診所","type":"診所","address":"新北市三重區自強路3段67號1樓"}},{"type":"Feature","geometry":{"type":"Point","coordinates":[121.496982,25.065789]},"properties":{"name":"正興診所","type":"診所","address":"新北市三重區正義北路113號1、2樓、2樓之1"}},{"type":"Feature","geometry":{"type":"Point","coordinates":[121.487562,25.063645]},"properties":{"name":"新生活復健科診所","type":"診所","address":"新北市三重區重陽路二段65號1樓2樓3樓及67號1樓2樓3樓"}},{"type":"Feature","geometry":{"type":"Point","coordinates":[121.500166,25.067688]},"properties":{"name":"佳禾透析診所","type":"診所","address":"新北市三重區三和路二段30號6樓及6樓之1－4"}},{"type":"Feature","geometry":{"type":"Point","coordinates":[121.481968,25.080644]},"properties":{"name":"愷馨耳鼻喉科診所","type":"診所","address":"新北市三重區仁愛街729號1樓"}},{"type":"Feature","geometry":{"type":"Point","coordinates":[121.493054,25.067289]},"properties":{"name":"德維復健科診所","type":"診所","address":"新北市三重區正義北路248號1－3樓"}},{"type":"Feature","geometry":{"type":"Point","coordinates":[121.499854,25.06851]},"properties":{"name":"長泰診所","type":"診所","address":"新北市三重區長榮路2號2～6樓"}},{"type":"Feature","geometry":{"type":"Point","coordinates":[121.490277,25.067993]},"properties":{"name":"葉家伶婦產科診所","type":"診所","address":"新北市三重區重陽路三段93號1、2樓"}},{"type":"Feature","geometry":{"type":"Point","coordinates":[121.50148,25.066487]},"properties":{"name":"得恩診所","type":"診所","address":"新北市三重區三和路2段89號1－2樓"}},{"type":"Feature","geometry":{"type":"Point","coordinates":[121.501502,25.066605]},"properties":{"name":"皮醫師診所","type":"診所","address":"新北市三重區三和路4段312號1樓"}},{"type":"Feature","geometry":{"type":"Point","coordinates":[121.517612,25.002625]},"properties":{"name":"唐小兒科診所","type":"診所","address":"新北市永和區中正路436，438號1，2樓"}},{"type":"Feature","geometry":{"type":"Point","coordinates":[121.512636,24.993746]},"properties":{"name":"吉安小兒科診所","type":"診所","address":"新北市永和區中正路12號"}},{"type":"Feature","geometry":{"type":"Point","coordinates":[121.520229,24.999945]},"properties":{"name":"蕭正貴小兒科家庭醫學科診所","type":"診所","address":"新北市永和區得和路198號"}},{"type":"Feature","geometry":{"type":"Point","coordinates":[121.515269,25.010045]},"properties":{"name":"李廣德眼科診所","type":"診所","address":"新北市永和區中正路643號1樓及647號2樓"}},{"type":"Feature","geometry":{"type":"Point","coordinates":[121.511212,25.007208]},"properties":{"name":"聯宏內科診所","type":"診所","address":"新北市永和區保平路50巷1號"}},{"type":"Feature","geometry":{"type":"Point","coordinates":[121.522732,25.008088]},"properties":{"name":"鍾婦產科診所","type":"診所","address":"新北市永和區福和路84號1－2樓，86號1－3樓"}},{"type":"Feature","geometry":{"type":"Point","coordinates":[121.519534,25.007538]},"properties":{"name":"愛兒小兒科診所","type":"診所","address":"新北市永和區福和路199號"}},{"type":"Feature","geometry":{"type":"Point","coordinates":[121.522479,24.997623]},"properties":{"name":"明献診所","type":"診所","address":"新北市永和區民生路14號"}},{"type":"Feature","geometry":{"type":"Point","coordinates":[121.516376,25.014837]},"properties":{"name":"陳宏銘婦產科診所","type":"診所","address":"新北市永和區竹林路10號"}},{"type":"Feature","geometry":{"type":"Point","coordinates":[121.524396,24.999519]},"properties":{"name":"安康小兒科內科診所","type":"診所","address":"新北市永和區得和路357號"}},{"type":"Feature","geometry":{"type":"Point","coordinates":[121.519726,25.011616]},"properties":{"name":"竹林皮膚科診所","type":"診所","address":"新北市永和區竹林路112－4號"}},{"type":"Feature","geometry":{"type":"Point","coordinates":[121.512747,25.004415]},"properties":{"name":"蘇耳鼻喉科診所","type":"診所","address":"新北市永和區永和路2段203號1樓、2樓"}},{"type":"Feature","geometry":{"type":"Point","coordinates":[121.517088,24.998918]},"properties":{"name":"雙和診所","type":"診所","address":"新北市永和區中正路284號1樓"}},{"type":"Feature","geometry":{"type":"Point","coordinates":[121.514415,24.996273]},"properties":{"name":"賀自立耳鼻喉科診所","type":"診所","address":"新北市永和區中正路45號"}},{"type":"Feature","geometry":{"type":"Point","coordinates":[121.515081,24.996949]},"properties":{"name":"王新亞眼科診所","type":"診所","address":"新北市永和區中正路81號1樓及79號2樓"}},{"type":"Feature","geometry":{"type":"Point","coordinates":[121.523511,24.999439]},"properties":{"name":"曾怡仁診所","type":"診所","address":"新北市永和區得和路340號"}},{"type":"Feature","geometry":{"type":"Point","coordinates":[121.521935,25.007793]},"properties":{"name":"定安皮膚科診所","type":"診所","address":"新北市永和區福和路99號"}},{"type":"Feature","geometry":{"type":"Point","coordinates":[121.518353,25.007622]},"properties":{"name":"謝政璋皮膚科診所","type":"診所","address":"新北市永和區福和路256－1號1樓及256號1、2、3樓"}},{"type":"Feature","geometry":{"type":"Point","coordinates":[121.520493,25.000143]},"properties":{"name":"蔡正平耳鼻喉科聯合診所","type":"診所","address":"新北市永和區得和路245號1樓"}},{"type":"Feature","geometry":{"type":"Point","coordinates":[121.485483,25.061709]},"properties":{"name":"吳銅坤婦產科診所","type":"診所","address":"新北市永和區中山路1段35號.31號2．3樓之1"}},{"type":"Feature","geometry":{"type":"Point","coordinates":[121.51887,25.01369]},"properties":{"name":"黃榮泰診所","type":"診所","address":"新北市永和區竹林路67巷10號"}},{"type":"Feature","geometry":{"type":"Point","coordinates":[121.524717,25.004299]},"properties":{"name":"黃柏榮耳鼻喉科診所","type":"診所","address":"新北市永和區林森路47號"}},{"type":"Feature","geometry":{"type":"Point","coordinates":[121.521636,25.002999]},"properties":{"name":"清池診所","type":"診所","address":"新北市永和區永利路122號"}},{"type":"Feature","geometry":{"type":"Point","coordinates":[121.509482,25.007071]},"properties":{"name":"郭烽裕診所","type":"診所","address":"新北市永和區永貞路339號1樓"}},{"type":"Feature","geometry":{"type":"Point","coordinates":[121.520649,25.009691]},"properties":{"name":"洪源裕小兒科診所","type":"診所","address":"新北市永和區竹林路181號1、2樓"}},{"type":"Feature","geometry":{"type":"Point","coordinates":[121.518777,25.007465]},"properties":{"name":"林揚內科診所","type":"診所","address":"新北市永和區福和路227號1樓"}},{"type":"Feature","geometry":{"type":"Point","coordinates":[121.516995,25.005608]},"properties":{"name":"悅生婦產科診所","type":"診所","address":"新北市永和區中正路455號2樓"}},{"type":"Feature","geometry":{"type":"Point","coordinates":[121.507528,24.999907]},"properties":{"name":"泰祥婦產科診所","type":"診所","address":"新北市永和區中和路337號、337之1號、337號2樓"}},{"type":"Feature","geometry":{"type":"Point","coordinates":[121.515793,24.997814]},"properties":{"name":"張婦產科診所","type":"診所","address":"新北市永和區中正路123號1、2樓"}},{"type":"Feature","geometry":{"type":"Point","coordinates":[121.517258,25.005644]},"properties":{"name":"永信皮膚科診所","type":"診所","address":"新北市永和區中正路552號"}},{"type":"Feature","geometry":{"type":"Point","coordinates":[121.524036,24.999561]},"properties":{"name":"劉宗健小兒科診所","type":"診所","address":"新北市永和區得和路347號"}},{"type":"Feature","geometry":{"type":"Point","coordinates":[121.51675,25.008164]},"properties":{"name":"陳旦陽耳鼻喉科診所","type":"診所","address":"新北市永和區中正路551號"}},{"type":"Feature","geometry":{"type":"Point","coordinates":[121.51697,25.007376]},"properties":{"name":"曾眼科診所","type":"診所","address":"新北市永和區福和路242號"}},{"type":"Feature","geometry":{"type":"Point","coordinates":[121.517544,25.001764]},"properties":{"name":"戴良恭診所","type":"診所","address":"新北市永和區中正路237號1－2樓"}},{"type":"Feature","geometry":{"type":"Point","coordinates":[121.526676,25.001138]},"properties":{"name":"黃濂輝診所","type":"診所","address":"新北市永和區成功路2段105號"}},{"type":"Feature","geometry":{"type":"Point","coordinates":[121.51773,25.001049]},"properties":{"name":"博群復健診所","type":"診所","address":"新北市永和區中正路372號1、2樓"}},{"type":"Feature","geometry":{"type":"Point","coordinates":[121.515724,24.997723]},"properties":{"name":"世芳復健科診所","type":"診所","address":"新北市永和區中正路117號"}},{"type":"Feature","geometry":{"type":"Point","coordinates":[121.514724,25.0136]},"properties":{"name":"博新小兒科家庭醫學科診所","type":"診所","address":"新北市永和區仁愛路24號"}},{"type":"Feature","geometry":{"type":"Point","coordinates":[121.514085,25.015228]},"properties":{"name":"長欣診所","type":"診所","address":"新北市永和區文化路78號"}},{"type":"Feature","geometry":{"type":"Point","coordinates":[121.51715,25.006642]},"properties":{"name":"趙英進診所","type":"診所","address":"新北市永和區中正路584號"}},{"type":"Feature","geometry":{"type":"Point","coordinates":[121.515413,25.006529]},"properties":{"name":"和信診所","type":"診所","address":"新北市永和區秀朗路2段90號"}},{"type":"Feature","geometry":{"type":"Point","coordinates":[121.519618,25.012457]},"properties":{"name":"謝璧光小兒科診所","type":"診所","address":"新北市永和區竹林路81號1樓"}},{"type":"Feature","geometry":{"type":"Point","coordinates":[121.524965,24.999426]},"properties":{"name":"吳宗坡耳鼻喉科診所","type":"診所","address":"新北市永和區得和路381號"}},{"type":"Feature","geometry":{"type":"Point","coordinates":[121.516813,25.01496]},"properties":{"name":"惠生聯合診所","type":"診所","address":"新北市永和區竹林路13號1、2樓"}},{"type":"Feature","geometry":{"type":"Point","coordinates":[121.522363,25.008051]},"properties":{"name":"大仁耳鼻喉科診所","type":"診所","address":"新北市永和區福和路96號"}},{"type":"Feature","geometry":{"type":"Point","coordinates":[121.518308,25.007623]},"properties":{"name":"蕭佩宏小兒科診所","type":"診所","address":"新北市永和區福和路258號"}},{"type":"Feature","geometry":{"type":"Point","coordinates":[121.526676,25.001138]},"properties":{"name":"崇恩診所","type":"診所","address":"新北市永和區成功路2段133號1樓"}},{"type":"Feature","geometry":{"type":"Point","coordinates":[121.511305,25.012914]},"properties":{"name":"吳志仁診所","type":"診所","address":"新北市永和區仁愛路147號1樓"}},{"type":"Feature","geometry":{"type":"Point","coordinates":[121.520311,25.010844]},"properties":{"name":"友友小兒科診所","type":"診所","address":"新北市永和區竹林路133－1號"}},{"type":"Feature","geometry":{"type":"Point","coordinates":[121.517296,25.004316]},"properties":{"name":"蕙明眼科診所","type":"診所","address":"新北市永和區得和路235號1樓"}},{"type":"Feature","geometry":{"type":"Point","coordinates":[121.520921,25.000153]},"properties":{"name":"胡淑晶皮膚科診所","type":"診所","address":"新北市永和區得和路249之3號"}},{"type":"Feature","geometry":{"type":"Point","coordinates":[121.510841,25.005598]},"properties":{"name":"健新耳鼻喉科診所","type":"診所","address":"新北市永和區永貞路297號"}},{"type":"Feature","geometry":{"type":"Point","coordinates":[121.519635,25.007552]},"properties":{"name":"章志平小兒科診所","type":"診所","address":"新北市永和區福和路195號"}},{"type":"Feature","geometry":{"type":"Point","coordinates":[121.503729,25.007961]},"properties":{"name":"楊安診所","type":"診所","address":"新北市永和區仁愛路303號1樓"}},{"type":"Feature","geometry":{"type":"Point","coordinates":[121.485483,25.061709]},"properties":{"name":"王英傑小兒科診所","type":"診所","address":"新北市永和區中山路1段158號"}},{"type":"Feature","geometry":{"type":"Point","coordinates":[121.520111,24.999073]},"properties":{"name":"蔡維中眼科診所","type":"診所","address":"新北市永和區民權路30號"}},{"type":"Feature","geometry":{"type":"Point","coordinates":[121.518315,25.000054]},"properties":{"name":"光晴復健科診所","type":"診所","address":"新北市永和區得和路110號1樓，地下1樓"}},{"type":"Feature","geometry":{"type":"Point","coordinates":[121.514805,25.013421]},"properties":{"name":"文林診所","type":"診所","address":"新北市永和區仁愛路15號1樓"}},{"type":"Feature","geometry":{"type":"Point","coordinates":[121.51959,25.007548]},"properties":{"name":"王威鈞婦產科診所","type":"診所","address":"新北市永和區福和路197號1、2樓"}},{"type":"Feature","geometry":{"type":"Point","coordinates":[121.485483,25.061709]},"properties":{"name":"葉春風耳鼻喉科診所","type":"診所","address":"新北市永和區中山路1段204號1樓"}},{"type":"Feature","geometry":{"type":"Point","coordinates":[121.517655,24.999691]},"properties":{"name":"林俊銘皮膚科診所","type":"診所","address":"新北市永和區中正路326號1．2樓"}},{"type":"Feature","geometry":{"type":"Point","coordinates":[121.521042,25.007132]},"properties":{"name":"黎新彬診所","type":"診所","address":"新北市永和區永貞路15號"}},{"type":"Feature","geometry":{"type":"Point","coordinates":[121.516995,25.005608]},"properties":{"name":"德美診所","type":"診所","address":"新北市永和區中正路455之1號"}},{"type":"Feature","geometry":{"type":"Point","coordinates":[121.514205,25.007642]},"properties":{"name":"蔡天惠婦產科診所","type":"診所","address":"新北市永和區福和路387號"}},{"type":"Feature","geometry":{"type":"Point","coordinates":[121.51113,25.002872]},"properties":{"name":"和安耳鼻喉科診所","type":"診所","address":"新北市永和區中和路525號1樓"}},{"type":"Feature","geometry":{"type":"Point","coordinates":[121.517715,25.00114]},"properties":{"name":"銘亮診所","type":"診所","address":"新北市永和區中正路376號"}},{"type":"Feature","geometry":{"type":"Point","coordinates":[121.522247,24.999834]},"properties":{"name":"王杰凱小兒科診所","type":"診所","address":"新北市永和區得和路275號1-2樓"}},{"type":"Feature","geometry":{"type":"Point","coordinates":[121.51816,25.013951]},"properties":{"name":"呂適存小兒科診所","type":"診所","address":"新北市永和區竹林路51號1樓"}},{"type":"Feature","geometry":{"type":"Point","coordinates":[121.51697,25.007376]},"properties":{"name":"天佑眼科診所","type":"診所","address":"新北市永和區福和路106號1樓"}},{"type":"Feature","geometry":{"type":"Point","coordinates":[121.5149,25.010368]},"properties":{"name":"明心診所","type":"診所","address":"新北市永和區中正路748號"}},{"type":"Feature","geometry":{"type":"Point","coordinates":[121.516397,24.998475]},"properties":{"name":"洪碩壎小兒科診所","type":"診所","address":"新北市永和區中正路157號1樓"}},{"type":"Feature","geometry":{"type":"Point","coordinates":[121.512817,24.993434]},"properties":{"name":"德上診所","type":"診所","address":"新北市永和區中正路106號1至3樓"}},{"type":"Feature","geometry":{"type":"Point","coordinates":[121.512455,25.010628]},"properties":{"name":"上立皮膚科診所","type":"診所","address":"新北市永和區中山路一段75號1．2樓"}},{"type":"Feature","geometry":{"type":"Point","coordinates":[121.512747,25.004415]},"properties":{"name":"芳瑞皮膚科診所","type":"診所","address":"新北市永和區永和路2段46號1－3樓"}},{"type":"Feature","geometry":{"type":"Point","coordinates":[121.523059,24.999726]},"properties":{"name":"柯景馨診所","type":"診所","address":"新北市永和區得和路307號1樓"}},{"type":"Feature","geometry":{"type":"Point","coordinates":[121.512747,25.004415]},"properties":{"name":"頂溪耳鼻喉科診所","type":"診所","address":"新北市永和區永和路2段139-1號1樓"}},{"type":"Feature","geometry":{"type":"Point","coordinates":[121.520566,25.010035]},"properties":{"name":"芝妍皮膚專科診所","type":"診所","address":"新北市永和區竹林路169號1、2樓"}},{"type":"Feature","geometry":{"type":"Point","coordinates":[121.517004,25.008116]},"properties":{"name":"樂華診所","type":"診所","address":"新北市永和區中正路632號1樓"}},{"type":"Feature","geometry":{"type":"Point","coordinates":[121.507828,25.011949]},"properties":{"name":"永愛診所","type":"診所","address":"新北市永和區永平路282之1號1樓及286之1號2樓"}},{"type":"Feature","geometry":{"type":"Point","coordinates":[121.519853,25.007671]},"properties":{"name":"冠宏骨科診所","type":"診所","address":"新北市永和區福和路246、248、250、252號1樓"}},{"type":"Feature","geometry":{"type":"Point","coordinates":[121.512747,25.004415]},"properties":{"name":"永和大學眼科診所","type":"診所","address":"新北市永和區永和路2段235－1號1樓及地下1樓"}},{"type":"Feature","geometry":{"type":"Point","coordinates":[121.523918,25.000211]},"properties":{"name":"黃賜濱皮膚科診所","type":"診所","address":"新北市永和區永元路116號1樓"}},{"type":"Feature","geometry":{"type":"Point","coordinates":[121.485483,25.061709]},"properties":{"name":"御生婦幼診所","type":"診所","address":"新北市永和區中山路1段277號1、2樓及275號2、3樓"}},{"type":"Feature","geometry":{"type":"Point","coordinates":[121.514835,25.007157]},"properties":{"name":"劉志明骨科診所","type":"診所","address":"新北市永和區自由街2號1樓"}},{"type":"Feature","geometry":{"type":"Point","coordinates":[121.52127,25.007716]},"properties":{"name":"柏安診所","type":"診所","address":"新北市永和區福和路135號1樓"}},{"type":"Feature","geometry":{"type":"Point","coordinates":[121.512747,25.004415]},"properties":{"name":"誠新耳鼻喉科診所","type":"診所","address":"新北市永和區永和路2段173號1、2樓"}},{"type":"Feature","geometry":{"type":"Point","coordinates":[121.507476,25.013859]},"properties":{"name":"惠恩診所","type":"診所","address":"新北市永和區保安路212－1號1樓"}},{"type":"Feature","geometry":{"type":"Point","coordinates":[121.485483,25.061709]},"properties":{"name":"永平身心診所","type":"診所","address":"新北市永和區中山路1段174號1樓"}},{"type":"Feature","geometry":{"type":"Point","coordinates":[121.508845,25.008097]},"properties":{"name":"姚仁青診所","type":"診所","address":"新北市永和區永貞路418號1樓及2樓－1"}},{"type":"Feature","geometry":{"type":"Point","coordinates":[121.517218,24.999073]},"properties":{"name":"佑達骨科診所","type":"診所","address":"新北市永和區中正路296號1、2、3樓"}},{"type":"Feature","geometry":{"type":"Point","coordinates":[121.516995,25.005608]},"properties":{"name":"晉康診所","type":"診所","address":"新北市永和區中正路455號9樓之1、之2"}},{"type":"Feature","geometry":{"type":"Point","coordinates":[121.517343,25.004758]},"properties":{"name":"彭程毅診所","type":"診所","address":"新北市永和區中正路516號1、2樓"}},{"type":"Feature","geometry":{"type":"Point","coordinates":[121.517736,24.999838]},"properties":{"name":"晶耀眼科診所","type":"診所","address":"新北市永和區中正路332號1、2樓"}},{"type":"Feature","geometry":{"type":"Point","coordinates":[121.517416,25.014735]},"properties":{"name":"飛揚診所","type":"診所","address":"新北市永和區竹林路27－1號1樓"}},{"type":"Feature","geometry":{"type":"Point","coordinates":[121.513125,24.994382]},"properties":{"name":"景愛復健診所","type":"診所","address":"新北市永和區中正路46號1、2、3、4樓"}},{"type":"Feature","geometry":{"type":"Point","coordinates":[121.511939,25.013031]},"properties":{"name":"悅滿意復健專科診所","type":"診所","address":"新北市永和區仁愛路127號1、2樓及129號1樓"}},{"type":"Feature","geometry":{"type":"Point","coordinates":[121.512432,25.014773]},"properties":{"name":"薛弘亮醫師診所","type":"診所","address":"新北市永和區信義路122號1樓"}},{"type":"Feature","geometry":{"type":"Point","coordinates":[121.522423,25.008053]},"properties":{"name":"星孕國際診所","type":"診所","address":"新北市永和區福和路94號3樓、96號3樓"}},{"type":"Feature","geometry":{"type":"Point","coordinates":[121.514932,24.996875]},"properties":{"name":"順誠耳鼻喉科診所","type":"診所","address":"新北市永和區中正路75號1樓"}},{"type":"Feature","geometry":{"type":"Point","coordinates":[121.51234,25.014688]},"properties":{"name":"信心診所","type":"診所","address":"新北市永和區仁愛路108號1樓"}},{"type":"Feature","geometry":{"type":"Point","coordinates":[121.514936,25.01301]},"properties":{"name":"逸原診所","type":"診所","address":"新北市永和區永和路1段69號1樓、2樓"}},{"type":"Feature","geometry":{"type":"Point","coordinates":[121.516416,25.017319]},"properties":{"name":"博愛婦產科診所","type":"診所","address":"新北市永和區光復街15號1樓"}},{"type":"Feature","geometry":{"type":"Point","coordinates":[121.517348,25.004693]},"properties":{"name":"博宏眼科診所","type":"診所","address":"新北市永和區中正路514號1樓、2樓"}},{"type":"Feature","geometry":{"type":"Point","coordinates":[121.514958,25.010344]},"properties":{"name":"頂溪紫陽復健科診所","type":"診所","address":"新北市永和區中正路746號2樓"}},{"type":"Feature","geometry":{"type":"Point","coordinates":[121.512817,24.993434]},"properties":{"name":"杏日診所","type":"診所","address":"新北市永和區中正路111號1、2樓"}},{"type":"Feature","geometry":{"type":"Point","coordinates":[121.517582,25.000294]},"properties":{"name":"逸全診所","type":"診所","address":"新北市永和區中正路253號6樓、6樓之1、6樓之2"}},{"type":"Feature","geometry":{"type":"Point","coordinates":[121.520708,25.008103]},"properties":{"name":"德謙耳鼻喉科診所","type":"診所","address":"新北市永和區竹林路216號1樓"}},{"type":"Feature","geometry":{"type":"Point","coordinates":[121.517416,25.014735]},"properties":{"name":"心晴診所","type":"診所","address":"新北市永和區竹林路27號1樓"}},{"type":"Feature","geometry":{"type":"Point","coordinates":[121.485483,25.061709]},"properties":{"name":"佳永診所","type":"診所","address":"新北市永和區中山路1段213號2樓及2樓之1"}},{"type":"Feature","geometry":{"type":"Point","coordinates":[121.485483,25.061709]},"properties":{"name":"旭恩小兒科診所","type":"診所","address":"新北市永和區中山路1段172號1樓"}},{"type":"Feature","geometry":{"type":"Point","coordinates":[121.52014,25.007815]},"properties":{"name":"福和診所","type":"診所","address":"新北市永和區福和路192號1樓"}},{"type":"Feature","geometry":{"type":"Point","coordinates":[121.517876,25.00759]},"properties":{"name":"美加婦產科診所","type":"診所","address":"新北市永和區福和路278號2－5樓"}},{"type":"Feature","geometry":{"type":"Point","coordinates":[121.51724,25.005797]},"properties":{"name":"中永和身心精神科診所","type":"診所","address":"新北市永和區中正路558號1、2樓"}},{"type":"Feature","geometry":{"type":"Point","coordinates":[121.517574,25.014524]},"properties":{"name":"悅腎診所","type":"診所","address":"新北市永和區竹林路33號3樓"}},{"type":"Feature","geometry":{"type":"Point","coordinates":[121.485483,25.061709]},"properties":{"name":"醫憲診所","type":"診所","address":"新北市永和區中山路1段259號1樓、2樓"}},{"type":"Feature","geometry":{"type":"Point","coordinates":[121.520334,25.010735]},"properties":{"name":"永馨復健診所","type":"診所","address":"新北市永和區竹林路139號1、2、3、4樓及141號1－3樓"}},{"type":"Feature","geometry":{"type":"Point","coordinates":[121.515675,25.003941]},"properties":{"name":"永和開心診所","type":"診所","address":"新北市永和區永貞路153號1樓"}},{"type":"Feature","geometry":{"type":"Point","coordinates":[121.514249,25.007866]},"properties":{"name":"恆新復健科診所","type":"診所","address":"新北市永和區福和路378號1、2、3樓、4樓"}},{"type":"Feature","geometry":{"type":"Point","coordinates":[121.51206,25.003963]},"properties":{"name":"頤康診所","type":"診所","address":"新北市永和區中和路581號1、2、3、4樓"}},{"type":"Feature","geometry":{"type":"Point","coordinates":[121.518088,25.007595]},"properties":{"name":"仲信診所","type":"診所","address":"新北市永和區福和路268號1樓"}},{"type":"Feature","geometry":{"type":"Point","coordinates":[121.519509,25.000284]},"properties":{"name":"高健診所","type":"診所","address":"新北市永和區得和路219號1樓"}},{"type":"Feature","geometry":{"type":"Point","coordinates":[121.51255,24.998474]},"properties":{"name":"雙和聚英視光眼科診所","type":"診所","address":"新北市永和區安樂路242號2樓"}},{"type":"Feature","geometry":{"type":"Point","coordinates":[121.526046,24.999238]},"properties":{"name":"得揚骨科診所","type":"診所","address":"新北市永和區得和路421號1樓、2樓"}},{"type":"Feature","geometry":{"type":"Point","coordinates":[121.522622,24.99979]},"properties":{"name":"杏福診所","type":"診所","address":"新北市永和區得和路289號1樓"}},{"type":"Feature","geometry":{"type":"Point","coordinates":[121.516744,24.99853]},"properties":{"name":"弘泰診所","type":"診所","address":"新北市永和區中正路258號1－3樓"}},{"type":"Feature","geometry":{"type":"Point","coordinates":[121.508406,24.99991]},"properties":{"name":"四季和悅婦產科診所","type":"診所","address":"新北市永和區中和路377號1樓，2樓"}},{"type":"Feature","geometry":{"type":"Point","coordinates":[121.513545,25.005653]},"properties":{"name":"承安內科診所","type":"診所","address":"新北市永和區自由街64號2樓"}},{"type":"Feature","geometry":{"type":"Point","coordinates":[121.514705,25.003954]},"properties":{"name":"得安診所","type":"診所","address":"新北市永和區永貞路240號1—2樓"}},{"type":"Feature","geometry":{"type":"Point","coordinates":[121.51954,25.000041]},"properties":{"name":"永和原力復健科診所","type":"診所","address":"新北市永和區得和路160號1樓(含地下一層)、162號2樓之1"}},{"type":"Feature","geometry":{"type":"Point","coordinates":[121.514958,25.010344]},"properties":{"name":"群英皮膚科整形外科診所","type":"診所","address":"新北市永和區中正路746號5樓"}},{"type":"Feature","geometry":{"type":"Point","coordinates":[121.514632,24.996097]},"properties":{"name":"永和醫憲診所","type":"診所","address":"新北市永和區中正路134號（1、2樓）"}},{"type":"Feature","geometry":{"type":"Point","coordinates":[121.516995,25.005608]},"properties":{"name":"益康診所","type":"診所","address":"新北市永和區中正路455號9樓"}},{"type":"Feature","geometry":{"type":"Point","coordinates":[121.485603,24.995921]},"properties":{"name":"良佳診所","type":"診所","address":"新北市中和區中正路632號1樓"}},{"type":"Feature","geometry":{"type":"Point","coordinates":[121.488482,24.996071]},"properties":{"name":"黃兆侃診所","type":"診所","address":"新北市中和區連城路337號"}},{"type":"Feature","geometry":{"type":"Point","coordinates":[121.51206,24.98678]},"properties":{"name":"林眼科診所","type":"診所","address":"新北市中和區興南路2段31巷6號"}},{"type":"Feature","geometry":{"type":"Point","coordinates":[121.512999,24.989661]},"properties":{"name":"景新診所","type":"診所","address":"新北市中和區景新街399巷10弄2號1樓"}},{"type":"Feature","geometry":{"type":"Point","coordinates":[121.512781,24.989511]},"properties":{"name":"十全外科婦產科診所","type":"診所","address":"新北市中和區景新街413號"}},{"type":"Feature","geometry":{"type":"Point","coordinates":[121.500479,24.996539]},"properties":{"name":"連城外科診所","type":"診所","address":"新北市中和區景平路461號"}},{"type":"Feature","geometry":{"type":"Point","coordinates":[121.51227,24.99323]},"properties":{"name":"戴廣懷小兒科診所","type":"診所","address":"新北市中和區安樂路66號"}},{"type":"Feature","geometry":{"type":"Point","coordinates":[121.481387,25.000605]},"properties":{"name":"陳國璋小兒科診所","type":"診所","address":"新北市中和區員山路200號"}},{"type":"Feature","geometry":{"type":"Point","coordinates":[121.505592,24.999823]},"properties":{"name":"劉彭小兒科診所","type":"診所","address":"新北市中和區中和路271號"}},{"type":"Feature","geometry":{"type":"Point","coordinates":[121.481386,25.000261]},"properties":{"name":"顏耳鼻喉科診所","type":"診所","address":"新北市中和區員山路184號"}},{"type":"Feature","geometry":{"type":"Point","coordinates":[121.485895,25.061771]},"properties":{"name":"白家聲診所","type":"診所","address":"新北市中和區中山路2段68號"}},{"type":"Feature","geometry":{"type":"Point","coordinates":[121.485496,25.061795]},"properties":{"name":"明燦眼科診所","type":"診所","address":"新北市中和區中山路3段196號1樓"}},{"type":"Feature","geometry":{"type":"Point","coordinates":[121.496801,25.002909]},"properties":{"name":"中和李內科診所","type":"診所","address":"新北市中和區景平路718號"}},{"type":"Feature","geometry":{"type":"Point","coordinates":[121.472449,25.003083]},"properties":{"name":"謝俊民診所","type":"診所","address":"新北市中和區莒光路95號"}},{"type":"Feature","geometry":{"type":"Point","coordinates":[121.513144,24.988762]},"properties":{"name":"張榮欽診所","type":"診所","address":"新北市中和區景新街445號"}},{"type":"Feature","geometry":{"type":"Point","coordinates":[121.510782,24.992452]},"properties":{"name":"英生耳鼻喉科診所","type":"診所","address":"新北市中和區景新街272號1樓"}},{"type":"Feature","geometry":{"type":"Point","coordinates":[121.412272,24.960088]},"properties":{"name":"家安診所","type":"診所","address":"新北市中和區中山路2段248號"}},{"type":"Feature","geometry":{"type":"Point","coordinates":[121.496828,25.003409]},"properties":{"name":"陳高輝耳鼻喉科診所","type":"診所","address":"新北市中和區景平路726－7號"}},{"type":"Feature","geometry":{"type":"Point","coordinates":[121.502172,24.999247]},"properties":{"name":"日欣診所","type":"診所","address":"新北市中和區南山路15號"}},{"type":"Feature","geometry":{"type":"Point","coordinates":[121.500841,25.000666]},"properties":{"name":"劉全能診所","type":"診所","address":"新北市中和區中和路66號1、2樓"}},{"type":"Feature","geometry":{"type":"Point","coordinates":[121.501334,24.995421]},"properties":{"name":"蘇年興耳鼻喉科診所","type":"診所","address":"新北市中和區景平路429之3號"}},{"type":"Feature","geometry":{"type":"Point","coordinates":[121.507598,24.98474]},"properties":{"name":"張維發診所","type":"診所","address":"新北市中和區華新街26號"}},{"type":"Feature","geometry":{"type":"Point","coordinates":[121.51206,24.98678]},"properties":{"name":"黃呈鵬小兒科診所","type":"診所","address":"新北市中和區興南路1段124號1樓"}},{"type":"Feature","geometry":{"type":"Point","coordinates":[121.49926,25.002231]},"properties":{"name":"亞都診所","type":"診所","address":"新北市中和區連城路5號"}},{"type":"Feature","geometry":{"type":"Point","coordinates":[121.48112,24.99709]},"properties":{"name":"黃源泰診所","type":"診所","address":"新北市中和區員山路183號"}},{"type":"Feature","geometry":{"type":"Point","coordinates":[121.481389,24.999813]},"properties":{"name":"冠明診所","type":"診所","address":"新北市中和區員山路166號"}},{"type":"Feature","geometry":{"type":"Point","coordinates":[121.505078,24.999631]},"properties":{"name":"吳嘉生診所","type":"診所","address":"新北市中和區中和路190號1樓至3樓"}},{"type":"Feature","geometry":{"type":"Point","coordinates":[121.503056,24.999922]},"properties":{"name":"祥明診所","type":"診所","address":"新北市中和區中和路171號"}},{"type":"Feature","geometry":{"type":"Point","coordinates":[121.499906,25.004562]},"properties":{"name":"榮生診所","type":"診所","address":"新北市中和區莊敬路15號"}},{"type":"Feature","geometry":{"type":"Point","coordinates":[121.50287,24.99571]},"properties":{"name":"趙耀軍耳鼻喉科診所","type":"診所","address":"新北市中和區南華路18之1號"}},{"type":"Feature","geometry":{"type":"Point","coordinates":[121.51206,24.98678]},"properties":{"name":"陸義發耳鼻喉科診所","type":"診所","address":"新北市中和區興南路1段38號"}},{"type":"Feature","geometry":{"type":"Point","coordinates":[121.499401,24.998632]},"properties":{"name":"莊朝傑眼科診所","type":"診所","address":"新北市中和區景平路511號1．2樓"}},{"type":"Feature","geometry":{"type":"Point","coordinates":[121.501038,24.997685]},"properties":{"name":"張偉哲眼科診所","type":"診所","address":"新北市中和區圓通路37號1、2樓"}},{"type":"Feature","geometry":{"type":"Point","coordinates":[121.495061,24.992293]},"properties":{"name":"西華診所","type":"診所","address":"新北市中和區圓通路293之2號1樓，2樓"}},{"type":"Feature","geometry":{"type":"Point","coordinates":[121.51206,24.98678]},"properties":{"name":"德祐診所","type":"診所","address":"新北市中和區興南路2段34巷1號1樓"}},{"type":"Feature","geometry":{"type":"Point","coordinates":[121.501751,24.990375]},"properties":{"name":"永康診所","type":"診所","address":"新北市中和區復興路290號"}},{"type":"Feature","geometry":{"type":"Point","coordinates":[121.522104,24.994311]},"properties":{"name":"宜生診所","type":"診所","address":"新北市中和區自立路121號1樓"}},{"type":"Feature","geometry":{"type":"Point","coordinates":[121.517224,24.99226]},"properties":{"name":"景民診所","type":"診所","address":"新北市中和區景平路164號"}},{"type":"Feature","geometry":{"type":"Point","coordinates":[121.512682,24.989698]},"properties":{"name":"合吉婦產科診所","type":"診所","address":"新北市中和區景新街403號1、2樓"}},{"type":"Feature","geometry":{"type":"Point","coordinates":[121.467726,25.002902]},"properties":{"name":"吳家裕耳鼻喉科診所","type":"診所","address":"新北市中和區德光路133號"}},{"type":"Feature","geometry":{"type":"Point","coordinates":[121.517352,24.992243]},"properties":{"name":"上允耳鼻喉科診所","type":"診所","address":"新北市中和區景平路160號"}},{"type":"Feature","geometry":{"type":"Point","coordinates":[121.482614,25.001082]},"properties":{"name":"民樂耳鼻喉科診所","type":"診所","address":"新北市中和區民樂路28號"}},{"type":"Feature","geometry":{"type":"Point","coordinates":[121.468996,25.001534]},"properties":{"name":"澤生診所","type":"診所","address":"新北市中和區民德路63號"}},{"type":"Feature","geometry":{"type":"Point","coordinates":[121.519958,24.994607]},"properties":{"name":"中和仁安診所","type":"診所","address":"新北市中和區自強路58號"}},{"type":"Feature","geometry":{"type":"Point","coordinates":[121.507869,24.984546]},"properties":{"name":"雙怡診所","type":"診所","address":"新北市中和區華新街49號"}},{"type":"Feature","geometry":{"type":"Point","coordinates":[121.510251,24.998209]},"properties":{"name":"晟恩診所","type":"診所","address":"新北市中和區宜安路120號"}},{"type":"Feature","geometry":{"type":"Point","coordinates":[121.504647,24.992007]},"properties":{"name":"南勢角復健診所","type":"診所","address":"新北市中和區景安路207號2樓"}},{"type":"Feature","geometry":{"type":"Point","coordinates":[121.481415,25.000469]},"properties":{"name":"家和診所","type":"診所","address":"新北市中和區員山路192號1樓"}},{"type":"Feature","geometry":{"type":"Point","coordinates":[121.48138,24.997832]},"properties":{"name":"王作仁診所","type":"診所","address":"新北市中和區員山路150－15號1樓"}},{"type":"Feature","geometry":{"type":"Point","coordinates":[121.522865,24.992691]},"properties":{"name":"慧禮診所","type":"診所","address":"新北市中和區自立路159號1樓"}},{"type":"Feature","geometry":{"type":"Point","coordinates":[121.513207,25.003449]},"properties":{"name":"育家聯合診所","type":"診所","address":"新北市中和區中安街40巷2號"}},{"type":"Feature","geometry":{"type":"Point","coordinates":[121.499758,24.993858]},"properties":{"name":"正生婦幼聯合診所","type":"診所","address":"新北市中和區中正路122號1、2樓"}},{"type":"Feature","geometry":{"type":"Point","coordinates":[121.48373,25.060746]},"properties":{"name":"蔡佳璋婦產科診所","type":"診所","address":"新北市中和區中山路3段152－1號1樓、2樓、3樓"}},{"type":"Feature","geometry":{"type":"Point","coordinates":[121.513282,24.988468]},"properties":{"name":"賴俊元皮膚科診所","type":"診所","address":"新北市中和區景新街453號"}},{"type":"Feature","geometry":{"type":"Point","coordinates":[121.489183,24.996075]},"properties":{"name":"康萊診所","type":"診所","address":"新北市中和區連城路317－2號"}},{"type":"Feature","geometry":{"type":"Point","coordinates":[121.485895,25.061771]},"properties":{"name":"郭長堺診所","type":"診所","address":"新北市中和區中山路2段268號"}},{"type":"Feature","geometry":{"type":"Point","coordinates":[121.504282,24.991174]},"properties":{"name":"曾咸統小兒科診所","type":"診所","address":"新北市中和區景安路229號1樓"}},{"type":"Feature","geometry":{"type":"Point","coordinates":[121.512783,24.994336]},"properties":{"name":"季明眼科診所","type":"診所","address":"新北市中和區安樂路81號2樓"}},{"type":"Feature","geometry":{"type":"Point","coordinates":[121.509791,24.998129]},"properties":{"name":"永安眼科診所","type":"診所","address":"新北市中和區宜安路129號1樓"}},{"type":"Feature","geometry":{"type":"Point","coordinates":[121.507528,24.984893]},"properties":{"name":"優寶婦產科診所","type":"診所","address":"新北市中和區華新街22號"}},{"type":"Feature","geometry":{"type":"Point","coordinates":[121.482309,24.995602]},"properties":{"name":"嘉櫻診所","type":"診所","address":"新北市中和區連城路348號1樓"}},{"type":"Feature","geometry":{"type":"Point","coordinates":[121.509076,24.99871]},"properties":{"name":"盧建宏耳鼻喉科診所","type":"診所","address":"新北市中和區宜安路151號"}},{"type":"Feature","geometry":{"type":"Point","coordinates":[121.512287,24.998333]},"properties":{"name":"王家醫科診所","type":"診所","address":"新北市中和區安平路157號"}},{"type":"Feature","geometry":{"type":"Point","coordinates":[121.508156,24.993315]},"properties":{"name":"欣禾診所","type":"診所","address":"新北市中和區景平路414，416號1．2．3樓"}},{"type":"Feature","geometry":{"type":"Point","coordinates":[121.502745,24.995858]},"properties":{"name":"馮泰龍小兒科診所","type":"診所","address":"新北市中和區南華路21號"}},{"type":"Feature","geometry":{"type":"Point","coordinates":[121.508173,24.983699]},"properties":{"name":"華欣診所","type":"診所","address":"新北市中和區華新街70號1樓"}},{"type":"Feature","geometry":{"type":"Point","coordinates":[121.502986,24.999691]},"properties":{"name":"王上卿婦產科診所","type":"診所","address":"新北市中和區中和路114號"}},{"type":"Feature","geometry":{"type":"Point","coordinates":[121.512334,25.003956]},"properties":{"name":"信望愛眼科診所","type":"診所","address":"新北市中和區中和路468號1、2樓"}},{"type":"Feature","geometry":{"type":"Point","coordinates":[121.485496,25.061795]},"properties":{"name":"坤暉小兒專科診所","type":"診所","address":"新北市中和區中山路3段94號1樓"}},{"type":"Feature","geometry":{"type":"Point","coordinates":[121.511962,24.985092]},"properties":{"name":"益德診所","type":"診所","address":"新北市中和區忠孝街75號1樓"}},{"type":"Feature","geometry":{"type":"Point","coordinates":[121.485496,25.061795]},"properties":{"name":"美和診所","type":"診所","address":"新北市中和區中山路3段19號1－2樓"}},{"type":"Feature","geometry":{"type":"Point","coordinates":[121.484811,24.996026]},"properties":{"name":"好家人診所","type":"診所","address":"新北市中和區中正路661號1樓"}},{"type":"Feature","geometry":{"type":"Point","coordinates":[121.510785,24.997091]},"properties":{"name":"友善宜安診所","type":"診所","address":"新北市中和區保健路73巷7號"}},{"type":"Feature","geometry":{"type":"Point","coordinates":[121.481285,25.001106]},"properties":{"name":"創悅皮膚科診所","type":"診所","address":"新北市中和區永貞路231號"}},{"type":"Feature","geometry":{"type":"Point","coordinates":[121.505921,24.999927]},"properties":{"name":"陳信吉耳鼻喉科診所","type":"診所","address":"新北市中和區中和路281號"}},{"type":"Feature","geometry":{"type":"Point","coordinates":[121.496828,25.003409]},"properties":{"name":"孫國勝外科診所","type":"診所","address":"新北市中和區景平路726號之4"}},{"type":"Feature","geometry":{"type":"Point","coordinates":[121.517103,24.992939]},"properties":{"name":"佳新小兒科診所","type":"診所","address":"新北市中和區大勇街23號1樓"}},{"type":"Feature","geometry":{"type":"Point","coordinates":[121.485496,25.061795]},"properties":{"name":"民揚診所","type":"診所","address":"新北市中和區中山路3段132號1、2樓"}},{"type":"Feature","geometry":{"type":"Point","coordinates":[121.46492,24.996272]},"properties":{"name":"嘉仁診所","type":"診所","address":"新北市中和區華順街132號1樓"}},{"type":"Feature","geometry":{"type":"Point","coordinates":[121.513292,24.988437]},"properties":{"name":"唯安診所","type":"診所","address":"新北市中和區景新街455號1、2樓"}},{"type":"Feature","geometry":{"type":"Point","coordinates":[121.504006,24.991173]},"properties":{"name":"翰霖耳鼻喉科診所","type":"診所","address":"新北市中和區景安路202號"}},{"type":"Feature","geometry":{"type":"Point","coordinates":[121.51206,24.98678]},"properties":{"name":"廣祥診所","type":"診所","address":"新北市中和區興南路2段27號1樓後半部及29號1樓、2樓"}},{"type":"Feature","geometry":{"type":"Point","coordinates":[121.513478,25.003393]},"properties":{"name":"王俊傑診所","type":"診所","address":"新北市中和區中安街8號"}},{"type":"Feature","geometry":{"type":"Point","coordinates":[121.504424,25.004409]},"properties":{"name":"佳和診所","type":"診所","address":"新北市中和區光華街7號1樓"}},{"type":"Feature","geometry":{"type":"Point","coordinates":[121.51206,24.98678]},"properties":{"name":"莊福仁內科診所","type":"診所","address":"新北市中和區興南路1段142－6號"}},{"type":"Feature","geometry":{"type":"Point","coordinates":[121.485496,25.061795]},"properties":{"name":"民治診所","type":"診所","address":"新北市中和區中山路3段156號1樓"}},{"type":"Feature","geometry":{"type":"Point","coordinates":[121.512609,24.989229]},"properties":{"name":"中和大愛眼科診所","type":"診所","address":"新北市中和區景新街410巷2號1、2樓"}},{"type":"Feature","geometry":{"type":"Point","coordinates":[121.500177,24.997544]},"properties":{"name":"黃基家小兒科診所","type":"診所","address":"新北市中和區景平路485號"}},{"type":"Feature","geometry":{"type":"Point","coordinates":[121.503085,24.995771]},"properties":{"name":"祐嘉骨科診所","type":"診所","address":"新北市中和區南華路22號1樓"}},{"type":"Feature","geometry":{"type":"Point","coordinates":[121.52223,24.995353]},"properties":{"name":"育晨診所","type":"診所","address":"新北市中和區自立路37號1樓"}},{"type":"Feature","geometry":{"type":"Point","coordinates":[121.522042,24.993939]},"properties":{"name":"宏泰診所","type":"診所","address":"新北市中和區自立路135號"}},{"type":"Feature","geometry":{"type":"Point","coordinates":[121.512438,25.003103]},"properties":{"name":"寧靜海診所","type":"診所","address":"新北市中和區永貞路239巷20號1樓"}},{"type":"Feature","geometry":{"type":"Point","coordinates":[121.472481,25.000828]},"properties":{"name":"皇家家醫診所","type":"診所","address":"新北市中和區莒光路148號1樓"}},{"type":"Feature","geometry":{"type":"Point","coordinates":[121.51206,24.98678]},"properties":{"name":"南勢角德祐診所","type":"診所","address":"新北市中和區興南路1段56巷1弄1號"}},{"type":"Feature","geometry":{"type":"Point","coordinates":[121.509744,24.998158]},"properties":{"name":"王伯涵皮膚科診所","type":"診所","address":"新北市中和區宜安路131號1樓、2樓"}},{"type":"Feature","geometry":{"type":"Point","coordinates":[121.485895,25.061771]},"properties":{"name":"賴凱新診所","type":"診所","address":"新北市中和區中山路2段102號1樓"}},{"type":"Feature","geometry":{"type":"Point","coordinates":[121.48373,25.060746]},"properties":{"name":"皇秦診所","type":"診所","address":"新北市中和區中山路3段39－1號1樓"}},{"type":"Feature","geometry":{"type":"Point","coordinates":[121.502136,24.998655]},"properties":{"name":"通安診所","type":"診所","address":"新北市中和區南山路45號1樓"}},{"type":"Feature","geometry":{"type":"Point","coordinates":[121.472511,25.00061]},"properties":{"name":"尚安診所","type":"診所","address":"新北市中和區莒光路154號1樓"}},{"type":"Feature","geometry":{"type":"Point","coordinates":[121.498972,25.00235]},"properties":{"name":"力康骨科診所","type":"診所","address":"新北市中和區連城路10號1樓、中山路2段211號2樓及2樓之"}},{"type":"Feature","geometry":{"type":"Point","coordinates":[121.510782,24.996557]},"properties":{"name":"安平家診所","type":"診所","address":"新北市中和區安平路89號1、2樓"}},{"type":"Feature","geometry":{"type":"Point","coordinates":[121.509904,24.989204]},"properties":{"name":"佑欣診所","type":"診所","address":"新北市中和區興南路一段90號1樓"}},{"type":"Feature","geometry":{"type":"Point","coordinates":[121.507401,24.985171]},"properties":{"name":"奇安診所","type":"診所","address":"新北市中和區華新街4號1樓"}},{"type":"Feature","geometry":{"type":"Point","coordinates":[121.510929,24.997436]},"properties":{"name":"余泰昌小兒科診所","type":"診所","address":"新北市中和區宜安路134-1號1樓"}},{"type":"Feature","geometry":{"type":"Point","coordinates":[121.481165,24.999462]},"properties":{"name":"里安眼科診所","type":"診所","address":"新北市中和區員山路271號1樓、2樓"}},{"type":"Feature","geometry":{"type":"Point","coordinates":[121.487816,24.998385]},"properties":{"name":"劍橋診所","type":"診所","address":"新北市中和區建一路150號9樓之4"}},{"type":"Feature","geometry":{"type":"Point","coordinates":[121.5119,24.996839]},"properties":{"name":"宜宏泌尿科內科診所","type":"診所","address":"新北市中和區宜安路54號1樓"}},{"type":"Feature","geometry":{"type":"Point","coordinates":[121.513001,24.989047]},"properties":{"name":"佳南診所","type":"診所","address":"新北市中和區景新街431號1、2樓"}},{"type":"Feature","geometry":{"type":"Point","coordinates":[121.501804,25.000122]},"properties":{"name":"中和重慶耳鼻喉科診所","type":"診所","address":"新北市中和區中和路127號1、2樓"}},{"type":"Feature","geometry":{"type":"Point","coordinates":[121.510655,25.000907]},"properties":{"name":"詠安耳鼻喉科診所","type":"診所","address":"新北市中和區中和路400巷12弄2號1樓"}},{"type":"Feature","geometry":{"type":"Point","coordinates":[121.526578,24.993819]},"properties":{"name":"延生診所","type":"診所","address":"新北市中和區成功路15號1樓"}},{"type":"Feature","geometry":{"type":"Point","coordinates":[121.509749,24.988646]},"properties":{"name":"大興耳鼻喉科診所","type":"診所","address":"新北市中和區興南路一段91號1樓"}},{"type":"Feature","geometry":{"type":"Point","coordinates":[121.511466,25.0011]},"properties":{"name":"寰康復健診所","type":"診所","address":"新北市中和區中安街104號1樓"}},{"type":"Feature","geometry":{"type":"Point","coordinates":[121.504467,24.991563]},"properties":{"name":"快樂小兒科診所","type":"診所","address":"新北市中和區景安路215號1樓"}},{"type":"Feature","geometry":{"type":"Point","coordinates":[121.504995,24.999839]},"properties":{"name":"杏嘉診所","type":"診所","address":"新北市中和區中和路253號1樓"}},{"type":"Feature","geometry":{"type":"Point","coordinates":[121.493501,24.997935]},"properties":{"name":"連城實和復健診所","type":"診所","address":"新北市中和區連城路168號1樓"}},{"type":"Feature","geometry":{"type":"Point","coordinates":[121.472125,25.006975]},"properties":{"name":"雄鶴診所","type":"診所","address":"新北市中和區漢生東路360號1樓、2樓、3樓"}},{"type":"Feature","geometry":{"type":"Point","coordinates":[121.512179,25.00373]},"properties":{"name":"捷安診所","type":"診所","address":"新北市中和區中和路456號1樓、2樓"}},{"type":"Feature","geometry":{"type":"Point","coordinates":[121.472152,25.006924]},"properties":{"name":"橋和皮膚專科診所","type":"診所","address":"新北市中和區漢生東路362號1樓，2樓"}},{"type":"Feature","geometry":{"type":"Point","coordinates":[121.507221,24.982257]},"properties":{"name":"正倫診所","type":"診所","address":"新北市中和區華新街176號1樓"}},{"type":"Feature","geometry":{"type":"Point","coordinates":[121.504254,24.991657]},"properties":{"name":"維登診所","type":"診所","address":"新北市中和區景安路194號1樓"}},{"type":"Feature","geometry":{"type":"Point","coordinates":[121.481155,25.000549]},"properties":{"name":"辰安耳鼻喉科診所","type":"診所","address":"新北市中和區員山路317號1樓"}},{"type":"Feature","geometry":{"type":"Point","coordinates":[121.513228,24.988669]},"properties":{"name":"景安眼科診所","type":"診所","address":"新北市中和區景新街447號1樓"}},{"type":"Feature","geometry":{"type":"Point","coordinates":[121.48138,24.997832]},"properties":{"name":"凱程診所","type":"診所","address":"新北市中和區員山路150之8號1樓"}},{"type":"Feature","geometry":{"type":"Point","coordinates":[121.500634,25.001356]},"properties":{"name":"漳怡內科診所","type":"診所","address":"新北市中和區中和路59號3樓及59號3樓之2"}},{"type":"Feature","geometry":{"type":"Point","coordinates":[121.503827,24.994132]},"properties":{"name":"晶樣診所","type":"診所","address":"新北市中和區景平路510號1、2樓"}},{"type":"Feature","geometry":{"type":"Point","coordinates":[121.522185,24.995092]},"properties":{"name":"立翔診所","type":"診所","address":"新北市中和區自立路43號1樓"}},{"type":"Feature","geometry":{"type":"Point","coordinates":[121.482902,25.001072]},"properties":{"name":"穗安復健科診所","type":"診所","address":"新北市中和區民樂路36號1樓"}},{"type":"Feature","geometry":{"type":"Point","coordinates":[121.505547,24.996034]},"properties":{"name":"光點眼科診所","type":"診所","address":"新北市中和區景安路88號1樓及88之1號（2樓）"}},{"type":"Feature","geometry":{"type":"Point","coordinates":[121.487877,24.999396]},"properties":{"name":"醫品診所","type":"診所","address":"新北市中和區建一路136之1號（1樓）"}},{"type":"Feature","geometry":{"type":"Point","coordinates":[121.485496,25.061795]},"properties":{"name":"雅文皮膚科診所","type":"診所","address":"新北市中和區中山路3段129號1至2樓"}},{"type":"Feature","geometry":{"type":"Point","coordinates":[121.498977,24.99965]},"properties":{"name":"德泰診所","type":"診所","address":"新北市中和區泰和街48號1樓及2樓"}},{"type":"Feature","geometry":{"type":"Point","coordinates":[121.502132,24.999017]},"properties":{"name":"朝安診所","type":"診所","address":"新北市中和區南山路27之1號（1樓及夾層）"}},{"type":"Feature","geometry":{"type":"Point","coordinates":[121.511826,25.003301]},"properties":{"name":"福和身心診所","type":"診所","address":"新北市中和區中和路428號1樓"}},{"type":"Feature","geometry":{"type":"Point","coordinates":[121.511594,24.991976]},"properties":{"name":"中和興南大學眼科診所","type":"診所","address":"新北市中和區安樂路3號1樓、5號1樓、5號2樓"}},{"type":"Feature","geometry":{"type":"Point","coordinates":[121.485895,25.061771]},"properties":{"name":"中和班廷謝安慈診所","type":"診所","address":"新北市中和區中山路2段208號2樓及210號1樓、2樓"}},{"type":"Feature","geometry":{"type":"Point","coordinates":[121.511924,24.990737]},"properties":{"name":"健新診所","type":"診所","address":"新北市中和區景新街338號5樓"}},{"type":"Feature","geometry":{"type":"Point","coordinates":[121.507933,24.998928]},"properties":{"name":"王曜庭診所","type":"診所","address":"新北市中和區景安路25號1樓及27號1樓"}},{"type":"Feature","geometry":{"type":"Point","coordinates":[121.485713,25.000561]},"properties":{"name":"新福星診所","type":"診所","address":"新北市中和區中正路778之1號1樓及780之1號1樓"}},{"type":"Feature","geometry":{"type":"Point","coordinates":[121.504558,24.993774]},"properties":{"name":"晟新診所","type":"診所","address":"新北市中和區景平路488號5樓"}},{"type":"Feature","geometry":{"type":"Point","coordinates":[121.499013,25.002127]},"properties":{"name":"力禾耳鼻喉科診所","type":"診所","address":"新北市中和區連城路15號（1樓）"}},{"type":"Feature","geometry":{"type":"Point","coordinates":[121.472215,25.002906]},"properties":{"name":"康陽診所","type":"診所","address":"新北市中和區莒光路78號1樓"}},{"type":"Feature","geometry":{"type":"Point","coordinates":[121.50995,24.990049]},"properties":{"name":"南方復健科診所","type":"診所","address":"新北市中和區和平街5－2號1、2樓及7號1、2樓"}},{"type":"Feature","geometry":{"type":"Point","coordinates":[121.499146,25.002426]},"properties":{"name":"維品身心診所","type":"診所","address":"新北市中和區連城路4號1樓"}},{"type":"Feature","geometry":{"type":"Point","coordinates":[121.505895,24.996409]},"properties":{"name":"辰星皮膚專科診所","type":"診所","address":"新北市中和區景安路117號1、2樓"}},{"type":"Feature","geometry":{"type":"Point","coordinates":[121.504519,24.999638]},"properties":{"name":"昌惟骨科診所","type":"診所","address":"新北市中和區中和路170號1樓"}},{"type":"Feature","geometry":{"type":"Point","coordinates":[121.484911,24.998476]},"properties":{"name":"合慶診所","type":"診所","address":"新北市中和區中正路705號1樓及707號1樓"}},{"type":"Feature","geometry":{"type":"Point","coordinates":[121.503595,24.990379]},"properties":{"name":"尚明眼科診所","type":"診所","address":"新北市中和區復興路260號1樓"}},{"type":"Feature","geometry":{"type":"Point","coordinates":[121.512495,24.990071]},"properties":{"name":"中和國泰診所","type":"診所","address":"新北市中和區景新街389號1樓至3樓"}},{"type":"Feature","geometry":{"type":"Point","coordinates":[121.505921,24.997634]},"properties":{"name":"安和復健科診所","type":"診所","address":"新北市中和區安和路167號1、2樓"}},{"type":"Feature","geometry":{"type":"Point","coordinates":[121.511619,24.992313]},"properties":{"name":"樂活精神科診所","type":"診所","address":"新北市中和區安樂路25號1樓"}},{"type":"Feature","geometry":{"type":"Point","coordinates":[121.511629,24.992208]},"properties":{"name":"淯陞診所","type":"診所","address":"新北市中和區安樂路19號1至2樓"}},{"type":"Feature","geometry":{"type":"Point","coordinates":[121.512667,24.989729]},"properties":{"name":"安祐診所","type":"診所","address":"新北市中和區景新街401號1樓、2樓"}},{"type":"Feature","geometry":{"type":"Point","coordinates":[121.512667,24.989729]},"properties":{"name":"健和診所","type":"診所","address":"新北市中和區景新街401號1樓、2樓"}},{"type":"Feature","geometry":{"type":"Point","coordinates":[121.498377,24.997807]},"properties":{"name":"聖心診所","type":"診所","address":"新北市中和區連勝街33號1樓"}},{"type":"Feature","geometry":{"type":"Point","coordinates":[121.472412,25.006972]},"properties":{"name":"光晶妍診所","type":"診所","address":"新北市中和區漢生東路353號1樓"}},{"type":"Feature","geometry":{"type":"Point","coordinates":[121.511805,24.991856]},"properties":{"name":"嘉俊骨科診所","type":"診所","address":"新北市中和區安樂路12號1樓及14號1樓"}},{"type":"Feature","geometry":{"type":"Point","coordinates":[121.513297,24.987842]},"properties":{"name":"中和容光皮膚專科診所","type":"診所","address":"新北市中和區景新街452號（1，2樓）"}},{"type":"Feature","geometry":{"type":"Point","coordinates":[121.51206,24.98678]},"properties":{"name":"李凱國皮膚科診所","type":"診所","address":"新北市中和區興南路1段146號1樓、2樓"}},{"type":"Feature","geometry":{"type":"Point","coordinates":[121.513289,24.987878]},"properties":{"name":"精湛眼科診所","type":"診所","address":"新北市中和區景新街450號（1、2樓）"}},{"type":"Feature","geometry":{"type":"Point","coordinates":[121.508098,24.990888]},"properties":{"name":"皮醫美南勢角診所","type":"診所","address":"新北市中和區和平街29號1至2樓"}},{"type":"Feature","geometry":{"type":"Point","coordinates":[121.485895,25.061771]},"properties":{"name":"雙和諾貝爾眼科診所","type":"診所","address":"新北市中和區中山路2段30號1樓"}},{"type":"Feature","geometry":{"type":"Point","coordinates":[121.505393,25.002885]},"properties":{"name":"眾心診所","type":"診所","address":"新北市中和區廣福路12之3號1樓"}},{"type":"Feature","geometry":{"type":"Point","coordinates":[121.513388,24.988246]},"properties":{"name":"建良耳鼻喉科診所","type":"診所","address":"新北市中和區景新街465號號1、2樓"}},{"type":"Feature","geometry":{"type":"Point","coordinates":[121.542555,24.971238]},"properties":{"name":"何耳鼻喉科診所","type":"診所","address":"新北市新店區北新路3段138號"}},{"type":"Feature","geometry":{"type":"Point","coordinates":[121.538605,24.96]},"properties":{"name":"林慶堂婦產科診所","type":"診所","address":"新北市新店區北新路2段193號1、2樓"}},{"type":"Feature","geometry":{"type":"Point","coordinates":[121.537447,24.958787]},"properties":{"name":"永吉外科診所","type":"診所","address":"新北市新店區北新路1段189號1樓"}},{"type":"Feature","geometry":{"type":"Point","coordinates":[121.542555,24.971238]},"properties":{"name":"中文內科小兒科診所","type":"診所","address":"新北市新店區北新路3段169號"}},{"type":"Feature","geometry":{"type":"Point","coordinates":[121.542555,24.971238]},"properties":{"name":"陳小兒科診所","type":"診所","address":"新北市新店區北新路3段100號"}},{"type":"Feature","geometry":{"type":"Point","coordinates":[121.537447,24.958787]},"properties":{"name":"啟生診所","type":"診所","address":"新北市新店區北新路1段185號1樓、187號1樓"}},{"type":"Feature","geometry":{"type":"Point","coordinates":[121.54221,24.971001]},"properties":{"name":"恩寧眼科診所","type":"診所","address":"新北市新店區中正路113號2樓"}},{"type":"Feature","geometry":{"type":"Point","coordinates":[121.539466,24.961867]},"properties":{"name":"太山家庭醫學科診所","type":"診所","address":"新北市新店區光明路244巷1號"}},{"type":"Feature","geometry":{"type":"Point","coordinates":[121.539201,24.973209]},"properties":{"name":"陳正宗診所","type":"診所","address":"新北市新店區中正路241號1樓"}},{"type":"Feature","geometry":{"type":"Point","coordinates":[121.542555,24.971238]},"properties":{"name":"東陽耳鼻喉科診所","type":"診所","address":"新北市新店區北新路3段154號"}},{"type":"Feature","geometry":{"type":"Point","coordinates":[121.537447,24.958787]},"properties":{"name":"睛彩眼科診所","type":"診所","address":"新北市新店區北新路1段323號"}},{"type":"Feature","geometry":{"type":"Point","coordinates":[121.540021,24.964675]},"properties":{"name":"黃宏超眼科診所","type":"診所","address":"新北市新店區力行路2號1樓"}},{"type":"Feature","geometry":{"type":"Point","coordinates":[121.540529,24.982805]},"properties":{"name":"顏秀吉婦產科診所","type":"診所","address":"新北市新店區民權路39號2樓"}},{"type":"Feature","geometry":{"type":"Point","coordinates":[121.542555,24.971238]},"properties":{"name":"惠安診所","type":"診所","address":"新北市新店區北新路3段16號"}},{"type":"Feature","geometry":{"type":"Point","coordinates":[121.542555,24.971238]},"properties":{"name":"汪耳鼻喉科診所","type":"診所","address":"新北市新店區北新路3段82號7樓－3"}},{"type":"Feature","geometry":{"type":"Point","coordinates":[121.509972,24.961214]},"properties":{"name":"高兒科診所","type":"診所","address":"新北市新店區安成街38號"}},{"type":"Feature","geometry":{"type":"Point","coordinates":[121.539037,24.973949]},"properties":{"name":"群惠耳鼻喉科診所","type":"診所","address":"新北市新店區中正路263－1號"}},{"type":"Feature","geometry":{"type":"Point","coordinates":[121.540406,24.976437]},"properties":{"name":"張榮宗內科診所","type":"診所","address":"新北市新店區建國路83－1號"}},{"type":"Feature","geometry":{"type":"Point","coordinates":[121.51059,24.960593]},"properties":{"name":"雁秋診所","type":"診所","address":"新北市新店區安成街10號"}},{"type":"Feature","geometry":{"type":"Point","coordinates":[121.539869,24.97837]},"properties":{"name":"吳耳鼻喉科診所","type":"診所","address":"新北市新店區民族路61號"}},{"type":"Feature","geometry":{"type":"Point","coordinates":[121.533946,24.979477]},"properties":{"name":"劉建梅診所","type":"診所","address":"新北市新店區中正路20、22號"}},{"type":"Feature","geometry":{"type":"Point","coordinates":[121.540692,24.976099]},"properties":{"name":"文玉小兒科診所","type":"診所","address":"新北市新店區建國路70號"}},{"type":"Feature","geometry":{"type":"Point","coordinates":[121.516442,24.963869]},"properties":{"name":"李亭鋒耳鼻喉科診所","type":"診所","address":"新北市新店區安康路2段123－1號1樓"}},{"type":"Feature","geometry":{"type":"Point","coordinates":[121.510084,24.961099]},"properties":{"name":"護康診所","type":"診所","address":"新北市新店區安成街32號"}},{"type":"Feature","geometry":{"type":"Point","coordinates":[121.535376,24.971845]},"properties":{"name":"富森診所","type":"診所","address":"新北市新店區三民路97號"}},{"type":"Feature","geometry":{"type":"Point","coordinates":[121.516386,24.969283]},"properties":{"name":"佳音診所","type":"診所","address":"新北市新店區安民街135號"}},{"type":"Feature","geometry":{"type":"Point","coordinates":[121.516442,24.963869]},"properties":{"name":"楊龍駿婦產科診所","type":"診所","address":"新北市新店區安康路2段142巷16號1樓"}},{"type":"Feature","geometry":{"type":"Point","coordinates":[121.542555,24.971238]},"properties":{"name":"蕭仁哲婦產科診所","type":"診所","address":"新北市新店區北新路3段165、167號1－4樓"}},{"type":"Feature","geometry":{"type":"Point","coordinates":[121.538605,24.96]},"properties":{"name":"陳沛生耳鼻喉科診所","type":"診所","address":"新北市新店區北新路2段39號"}},{"type":"Feature","geometry":{"type":"Point","coordinates":[121.516634,24.963929]},"properties":{"name":"呈恩診所","type":"診所","address":"新北市新店區安和路3段85號1樓"}},{"type":"Feature","geometry":{"type":"Point","coordinates":[121.542555,24.971238]},"properties":{"name":"為宏皮膚科診所","type":"診所","address":"新北市新店區北新路3段118號"}},{"type":"Feature","geometry":{"type":"Point","coordinates":[121.516442,24.963869]},"properties":{"name":"民康眼科診所","type":"診所","address":"新北市新店區安康路2段66號"}},{"type":"Feature","geometry":{"type":"Point","coordinates":[121.541538,24.971882]},"properties":{"name":"林建良耳鼻喉科診所","type":"診所","address":"新北市新店區中正路158號1樓"}},{"type":"Feature","geometry":{"type":"Point","coordinates":[121.510217,24.960962]},"properties":{"name":"和成診所","type":"診所","address":"新北市新店區安成街26號"}},{"type":"Feature","geometry":{"type":"Point","coordinates":[121.516634,24.963929]},"properties":{"name":"欣和診所","type":"診所","address":"新北市新店區安和路3段151號"}},{"type":"Feature","geometry":{"type":"Point","coordinates":[121.539425,24.982807]},"properties":{"name":"潘如瑾婦產科診所","type":"診所","address":"新北市新店區民權路61號1樓"}},{"type":"Feature","geometry":{"type":"Point","coordinates":[121.533914,24.960163]},"properties":{"name":"林逢慶診所","type":"診所","address":"新北市新店區安康路3段21號1樓"}},{"type":"Feature","geometry":{"type":"Point","coordinates":[121.516442,24.963869]},"properties":{"name":"幼安小兒科診所","type":"診所","address":"新北市新店區安康路2段99號"}},{"type":"Feature","geometry":{"type":"Point","coordinates":[121.541768,24.97871]},"properties":{"name":"信安診所","type":"診所","address":"新北市新店區民族路9號"}},{"type":"Feature","geometry":{"type":"Point","coordinates":[121.540234,24.972781]},"properties":{"name":"邱眼科診所","type":"診所","address":"新北市新店區中正路222號2樓"}},{"type":"Feature","geometry":{"type":"Point","coordinates":[121.533914,24.960163]},"properties":{"name":"佑康聯合診所","type":"診所","address":"新北市新店區安康路3段17號1樓"}},{"type":"Feature","geometry":{"type":"Point","coordinates":[121.539018,24.978959]},"properties":{"name":"德明眼科診所","type":"診所","address":"新北市新店區建國路136號1樓，138號2樓"}},{"type":"Feature","geometry":{"type":"Point","coordinates":[121.539975,24.973422]},"properties":{"name":"維霖內科診所","type":"診所","address":"新北市新店區建國路6－1號1樓2樓"}},{"type":"Feature","geometry":{"type":"Point","coordinates":[121.539782,24.977747]},"properties":{"name":"健全診所","type":"診所","address":"新北市新店區建國路117號1樓"}},{"type":"Feature","geometry":{"type":"Point","coordinates":[121.547677,24.952092]},"properties":{"name":"九宜診所","type":"診所","address":"新北市新店區北宜路1段52號1樓"}},{"type":"Feature","geometry":{"type":"Point","coordinates":[121.537339,24.976306]},"properties":{"name":"我的診所","type":"診所","address":"新北市新店區民族路183號1樓"}},{"type":"Feature","geometry":{"type":"Point","coordinates":[121.523368,24.9798]},"properties":{"name":"全康診所","type":"診所","address":"新北市新店區溪園路379號1樓、383號1樓"}},{"type":"Feature","geometry":{"type":"Point","coordinates":[121.547584,24.951865]},"properties":{"name":"安立診所","type":"診所","address":"新北市新店區北宜路2段28號1樓"}},{"type":"Feature","geometry":{"type":"Point","coordinates":[121.543295,24.973394]},"properties":{"name":"聖新診所","type":"診所","address":"新北市新店區寶橋路4號1樓"}},{"type":"Feature","geometry":{"type":"Point","coordinates":[121.516737,24.970294]},"properties":{"name":"安民診所","type":"診所","address":"新北市新店區安民街235號1樓"}},{"type":"Feature","geometry":{"type":"Point","coordinates":[121.540435,24.975951]},"properties":{"name":"又新診所","type":"診所","address":"新北市新店區建國路71號"}},{"type":"Feature","geometry":{"type":"Point","coordinates":[121.545443,24.974866]},"properties":{"name":"曾俊睿小兒科診所","type":"診所","address":"新北市新店區寶橋路54號1樓、2樓"}},{"type":"Feature","geometry":{"type":"Point","coordinates":[121.538605,24.96]},"properties":{"name":"國城診所","type":"診所","address":"新北市新店區北新路2段200號2樓、200號2樓之1"}},{"type":"Feature","geometry":{"type":"Point","coordinates":[121.538605,24.96]},"properties":{"name":"新眼光眼科診所","type":"診所","address":"新北市新店區北新路2段14號"}},{"type":"Feature","geometry":{"type":"Point","coordinates":[121.535059,24.972336]},"properties":{"name":"耀程耳鼻喉科診所","type":"診所","address":"新北市新店區三民路66號1樓"}},{"type":"Feature","geometry":{"type":"Point","coordinates":[121.494552,24.950421]},"properties":{"name":"加加小兒科診所","type":"診所","address":"新北市新店區玫瑰路14號1樓"}},{"type":"Feature","geometry":{"type":"Point","coordinates":[121.538961,24.973377]},"properties":{"name":"健維骨科診所","type":"診所","address":"新北市新店區中正路251號1、2樓"}},{"type":"Feature","geometry":{"type":"Point","coordinates":[121.54384,24.965664]},"properties":{"name":"楊聰才診所","type":"診所","address":"新北市新店區中興路2段239號2樓"}},{"type":"Feature","geometry":{"type":"Point","coordinates":[121.537801,24.981459]},"properties":{"name":"邱昰凱小兒科診所","type":"診所","address":"新北市新店區建國路226號1樓"}},{"type":"Feature","geometry":{"type":"Point","coordinates":[121.542555,24.971238]},"properties":{"name":"聖康診所","type":"診所","address":"新北市新店區北新路3段104號1樓"}},{"type":"Feature","geometry":{"type":"Point","coordinates":[121.538659,24.97897]},"properties":{"name":"大豐耳鼻喉科診所","type":"診所","address":"新北市新店區建國路161號1樓"}},{"type":"Feature","geometry":{"type":"Point","coordinates":[121.536375,24.971366]},"properties":{"name":"家光耳鼻喉科診所","type":"診所","address":"新北市新店區三民路32-1號1樓2樓"}},{"type":"Feature","geometry":{"type":"Point","coordinates":[121.516442,24.963869]},"properties":{"name":"美膚皮膚專科診所","type":"診所","address":"新北市新店區安康路2段148-1號1樓"}},{"type":"Feature","geometry":{"type":"Point","coordinates":[121.537447,24.958787]},"properties":{"name":"碧潭診所","type":"診所","address":"新北市新店區北新路1段21號1樓"}},{"type":"Feature","geometry":{"type":"Point","coordinates":[121.537296,24.974448]},"properties":{"name":"日安診所","type":"診所","address":"新北市新店區中正路289號1樓、2樓"}},{"type":"Feature","geometry":{"type":"Point","coordinates":[121.541676,24.971728]},"properties":{"name":"經典皮膚科診所","type":"診所","address":"新北市新店區中正路150號1樓、2樓"}},{"type":"Feature","geometry":{"type":"Point","coordinates":[121.538605,24.96]},"properties":{"name":"新晨皮膚專科診所","type":"診所","address":"新北市新店區北新路2段201號1樓"}},{"type":"Feature","geometry":{"type":"Point","coordinates":[121.538605,24.96]},"properties":{"name":"新店六順診所","type":"診所","address":"新北市新店區北新路2段10號1樓"}},{"type":"Feature","geometry":{"type":"Point","coordinates":[121.535142,24.982693]},"properties":{"name":"逸安診所","type":"診所","address":"新北市新店區民權路131號4樓、133號4樓、5樓"}},{"type":"Feature","geometry":{"type":"Point","coordinates":[121.540579,24.96458]},"properties":{"name":"富新骨科診所","type":"診所","address":"新北市新店區光明街288號1樓"}},{"type":"Feature","geometry":{"type":"Point","coordinates":[121.543662,24.978906]},"properties":{"name":"博德眼科診所","type":"診所","address":"新北市新店區寶強路10號3樓Ａ棟"}},{"type":"Feature","geometry":{"type":"Point","coordinates":[121.541921,24.971531]},"properties":{"name":"瑞安耳鼻喉科診所","type":"診所","address":"新北市新店區中正路140號1樓"}},{"type":"Feature","geometry":{"type":"Point","coordinates":[121.541921,24.971531]},"properties":{"name":"康禾診所","type":"診所","address":"新北市新店區中正路140號1樓"}},{"type":"Feature","geometry":{"type":"Point","coordinates":[121.548628,24.98036]},"properties":{"name":"恩康診所","type":"診所","address":"新北市新店區寶中路88號3樓"}},{"type":"Feature","geometry":{"type":"Point","coordinates":[121.54384,24.965664]},"properties":{"name":"張振榕診所","type":"診所","address":"新北市新店區中興路3段220巷1號1樓"}},{"type":"Feature","geometry":{"type":"Point","coordinates":[121.537447,24.958787]},"properties":{"name":"蘇永誠家醫科診所","type":"診所","address":"新北市新店區北新路1段52號1樓"}},{"type":"Feature","geometry":{"type":"Point","coordinates":[121.512563,24.961532]},"properties":{"name":"星展眼科診所","type":"診所","address":"新北市新店區安康路二段117之1號1樓117之1號2樓"}},{"type":"Feature","geometry":{"type":"Point","coordinates":[121.541145,24.983254]},"properties":{"name":"101SKIN晶漾診所","type":"診所","address":"新北市新店區北新路三段145號3樓"}},{"type":"Feature","geometry":{"type":"Point","coordinates":[121.52958,24.974512]},"properties":{"name":"大為診所","type":"診所","address":"新北市新店區中央五街17號1樓"}},{"type":"Feature","geometry":{"type":"Point","coordinates":[121.542555,24.971238]},"properties":{"name":"維格皮膚科診所","type":"診所","address":"新北市新店區北新路3段100號1樓、100號2樓"}},{"type":"Feature","geometry":{"type":"Point","coordinates":[121.534639,24.977382]},"properties":{"name":"仁佑診所","type":"診所","address":"新北市新店區中正路396號1樓398號1樓"}},{"type":"Feature","geometry":{"type":"Point","coordinates":[121.540652,24.96735]},"properties":{"name":"悅滿意新店復健專科診所","type":"診所","address":"新北市新店區中華路9號1樓"}},{"type":"Feature","geometry":{"type":"Point","coordinates":[121.535142,24.982693]},"properties":{"name":"逸守診所","type":"診所","address":"新北市新店區民權路131號5樓"}},{"type":"Feature","geometry":{"type":"Point","coordinates":[121.538605,24.96]},"properties":{"name":"湛明眼科診所","type":"診所","address":"新北市新店區北新路2段41號1樓、41號2樓"}},{"type":"Feature","geometry":{"type":"Point","coordinates":[121.542555,24.971238]},"properties":{"name":"新店北新身心診所","type":"診所","address":"新北市新店區北新路3段18號1樓"}},{"type":"Feature","geometry":{"type":"Point","coordinates":[121.539975,24.973422]},"properties":{"name":"蘇景傑診所","type":"診所","address":"新北市新店區建國路6號1樓"}},{"type":"Feature","geometry":{"type":"Point","coordinates":[121.542059,24.971418]},"properties":{"name":"安倍診所","type":"診所","address":"新北市新店區中正路132號1樓"}},{"type":"Feature","geometry":{"type":"Point","coordinates":[121.53951,24.97265]},"properties":{"name":"禾安復健科診所","type":"診所","address":"新北市新店區三民路2號1樓、2號2樓"}},{"type":"Feature","geometry":{"type":"Point","coordinates":[121.537086,24.974868]},"properties":{"name":"順安復健專科診所","type":"診所","address":"新北市新店區中正路322號1樓、2樓、3樓、4樓"}},{"type":"Feature","geometry":{"type":"Point","coordinates":[121.542555,24.971238]},"properties":{"name":"冠新復健科診所","type":"診所","address":"新北市新店區北新路3段112號1樓、2樓、3樓、4樓"}},{"type":"Feature","geometry":{"type":"Point","coordinates":[121.542555,24.971238]},"properties":{"name":"行一昌勳診所","type":"診所","address":"新北市新店區北新路3段212號（1樓）"}},{"type":"Feature","geometry":{"type":"Point","coordinates":[121.541921,24.971531]},"properties":{"name":"睿安診所","type":"診所","address":"新北市新店區中正路140號1樓"}},{"type":"Feature","geometry":{"type":"Point","coordinates":[121.542555,24.971238]},"properties":{"name":"新店大愛眼科診所","type":"診所","address":"新北市新店區北新路3段2號1、2樓"}},{"type":"Feature","geometry":{"type":"Point","coordinates":[121.545252,24.974731]},"properties":{"name":"立誠耳鼻喉科診所","type":"診所","address":"新北市新店區寶橋路48號（1樓）、52號（1樓）"}},{"type":"Feature","geometry":{"type":"Point","coordinates":[121.542555,24.971238]},"properties":{"name":"超亮皮膚科診所","type":"診所","address":"新北市新店區北新路3段128號1樓、2樓"}},{"type":"Feature","geometry":{"type":"Point","coordinates":[121.54205,24.978986]},"properties":{"name":"禾康復健科診所","type":"診所","address":"新北市新店區民族路2－1號1樓（含夾層）、2－1號2樓"}},{"type":"Feature","geometry":{"type":"Point","coordinates":[121.537939,24.982714]},"properties":{"name":"佳禾復健科診所","type":"診所","address":"新北市新店區建國路250號1樓、民權路87－2號2樓"}},{"type":"Feature","geometry":{"type":"Point","coordinates":[121.540966,24.978648]},"properties":{"name":"均樂身心診所","type":"診所","address":"新北市新店區民族路29號1樓"}},{"type":"Feature","geometry":{"type":"Point","coordinates":[121.543071,24.971995]},"properties":{"name":"嘉齊診所","type":"診所","address":"新北市新店區北新路一段56號1樓"}},{"type":"Feature","geometry":{"type":"Point","coordinates":[121.425073,25.025984]},"properties":{"name":"民泰診所","type":"診所","address":"新北市新莊區後港一路20號1樓"}},{"type":"Feature","geometry":{"type":"Point","coordinates":[121.457784,25.051436]},"properties":{"name":"陳一隆內科小兒科診所","type":"診所","address":"新北市新莊區福壽街126號"}},{"type":"Feature","geometry":{"type":"Point","coordinates":[121.447503,25.037371]},"properties":{"name":"柯誠立婦產科診所","type":"診所","address":"新北市新莊區新泰路171號1樓"}},{"type":"Feature","geometry":{"type":"Point","coordinates":[121.447407,25.037539]},"properties":{"name":"黃政司診所","type":"診所","address":"新北市新莊區新泰路181號"}},{"type":"Feature","geometry":{"type":"Point","coordinates":[121.453693,25.043385]},"properties":{"name":"鄭骨科耳鼻喉科診所","type":"診所","address":"新北市新莊區中港路263號1、2樓及267巷1號1、2樓"}},{"type":"Feature","geometry":{"type":"Point","coordinates":[121.419966,25.026132]},"properties":{"name":"林浩昌內科小兒科診所","type":"診所","address":"新北市新莊區富國路71號"}},{"type":"Feature","geometry":{"type":"Point","coordinates":[121.448189,25.036635]},"properties":{"name":"洪敏捷耳鼻喉科診所","type":"診所","address":"新北市新莊區新泰路122號"}},{"type":"Feature","geometry":{"type":"Point","coordinates":[121.455265,25.039903]},"properties":{"name":"陳桔泱診所","type":"診所","address":"新北市新莊區中港路119號"}},{"type":"Feature","geometry":{"type":"Point","coordinates":[121.449578,25.033145]},"properties":{"name":"德安婦產科診所","type":"診所","address":"新北市新莊區新泰路31號1－2樓"}},{"type":"Feature","geometry":{"type":"Point","coordinates":[121.451066,25.049313]},"properties":{"name":"賀生婦產科診所","type":"診所","address":"新北市新莊區幸福路626號1至2樓"}},{"type":"Feature","geometry":{"type":"Point","coordinates":[121.465603,25.045455]},"properties":{"name":"崇仁外科診所","type":"診所","address":"新北市新莊區化成路170號"}},{"type":"Feature","geometry":{"type":"Point","coordinates":[121.42657,25.027557]},"properties":{"name":"霖松婦產科診所","type":"診所","address":"新北市新莊區建福路52號2樓、54號1至2樓、56號2樓"}},{"type":"Feature","geometry":{"type":"Point","coordinates":[121.427706,25.021371]},"properties":{"name":"王正華小兒專科診所","type":"診所","address":"新北市新莊區民安路276號"}},{"type":"Feature","geometry":{"type":"Point","coordinates":[121.452087,25.049582]},"properties":{"name":"天給婦產科診所","type":"診所","address":"新北市新莊區幸福路670巷2弄23號1至5樓"}},{"type":"Feature","geometry":{"type":"Point","coordinates":[121.453094,25.044288]},"properties":{"name":"吉信耳鼻喉科診所","type":"診所","address":"新北市新莊區中港路286號"}},{"type":"Feature","geometry":{"type":"Point","coordinates":[121.44695,25.038486]},"properties":{"name":"劉思楨．許永川皮膚科診所","type":"診所","address":"新北市新莊區全泰里新泰路148號1、2樓"}},{"type":"Feature","geometry":{"type":"Point","coordinates":[121.452129,25.049949]},"properties":{"name":"謝耳鼻喉科診所","type":"診所","address":"新北市新莊區中港路487號1樓"}},{"type":"Feature","geometry":{"type":"Point","coordinates":[121.427816,25.026831]},"properties":{"name":"陳世昌婦產科診所","type":"診所","address":"新北市新莊區後港一路98號1樓及100號1至2樓"}},{"type":"Feature","geometry":{"type":"Point","coordinates":[121.447227,25.038264]},"properties":{"name":"王中煌診所","type":"診所","address":"新北市新莊區新泰路194號1、2樓"}},{"type":"Feature","geometry":{"type":"Point","coordinates":[121.425247,25.024047]},"properties":{"name":"邱欽斌小兒科診所","type":"診所","address":"新北市新莊區民安路141號1樓、141－1號2樓"}},{"type":"Feature","geometry":{"type":"Point","coordinates":[121.450516,25.049308]},"properties":{"name":"劉長達婦產科診所","type":"診所","address":"新北市新莊區幸福路684號1、2樓"}},{"type":"Feature","geometry":{"type":"Point","coordinates":[121.443254,25.036923]},"properties":{"name":"曲孝禮診所","type":"診所","address":"新北市新莊區公園一路84號1樓"}},{"type":"Feature","geometry":{"type":"Point","coordinates":[121.455155,25.037653]},"properties":{"name":"志豪診所","type":"診所","address":"新北市新莊區中港路275、277、279號1、2樓"}},{"type":"Feature","geometry":{"type":"Point","coordinates":[121.425967,25.02407]},"properties":{"name":"聶廷憲診所","type":"診所","address":"新北市新莊區建安街94號"}},{"type":"Feature","geometry":{"type":"Point","coordinates":[121.445892,25.034839]},"properties":{"name":"聯安診所","type":"診所","address":"新北市新莊區中正路330號1樓、330－1號2樓"}},{"type":"Feature","geometry":{"type":"Point","coordinates":[121.458821,25.049556]},"properties":{"name":"王建民耳鼻喉科診所","type":"診所","address":"新北市新莊區幸福路26號"}},{"type":"Feature","geometry":{"type":"Point","coordinates":[121.454732,25.049242]},"properties":{"name":"鄭安雄診所","type":"診所","address":"新北市新莊區幸福路549號1樓"}},{"type":"Feature","geometry":{"type":"Point","coordinates":[121.454899,25.052534]},"properties":{"name":"柏宏診所","type":"診所","address":"新北市新莊區昌平街10號1樓.12號1樓"}},{"type":"Feature","geometry":{"type":"Point","coordinates":[121.453184,25.054708]},"properties":{"name":"林基正皮膚科診所","type":"診所","address":"新北市新莊區中原路230號（1樓）"}},{"type":"Feature","geometry":{"type":"Point","coordinates":[121.421085,25.019634]},"properties":{"name":"榜生婦產科診所","type":"診所","address":"新北市新莊區龍安路339、341號1樓"}},{"type":"Feature","geometry":{"type":"Point","coordinates":[121.427048,25.021359]},"properties":{"name":"祐幼小兒科診所","type":"診所","address":"新北市新莊區民安西路21號1樓"}},{"type":"Feature","geometry":{"type":"Point","coordinates":[121.421985,25.025202]},"properties":{"name":"民富皮膚科診所","type":"診所","address":"新北市新莊區富國路110號1樓、夾層"}},{"type":"Feature","geometry":{"type":"Point","coordinates":[121.426909,25.021455]},"properties":{"name":"昭明眼科診所","type":"診所","address":"新北市新莊區民安西路17號"}},{"type":"Feature","geometry":{"type":"Point","coordinates":[121.453429,25.049199]},"properties":{"name":"陳鼎輔診所","type":"診所","address":"新北市新莊區幸福路595號1樓"}},{"type":"Feature","geometry":{"type":"Point","coordinates":[121.471682,25.085204]},"properties":{"name":"福華診所","type":"診所","address":"新北市新莊區復興路2段111號1樓111－1號"}},{"type":"Feature","geometry":{"type":"Point","coordinates":[121.42564,25.023875]},"properties":{"name":"藍主仕眼科診所","type":"診所","address":"新北市新莊區建安街102號1－2樓"}},{"type":"Feature","geometry":{"type":"Point","coordinates":[121.445452,25.048813]},"properties":{"name":"雅心婦產科診所","type":"診所","address":"新北市新莊區幸福路817巷1號"}},{"type":"Feature","geometry":{"type":"Point","coordinates":[121.455436,25.049276]},"properties":{"name":"幸福呂耳鼻喉科診所","type":"診所","address":"新北市新莊區幸福路529號"}},{"type":"Feature","geometry":{"type":"Point","coordinates":[121.44753,25.037743]},"properties":{"name":"照明眼科診所","type":"診所","address":"新北市新莊區新泰路174號1樓及2樓"}},{"type":"Feature","geometry":{"type":"Point","coordinates":[121.447278,25.049407]},"properties":{"name":"王榮文小兒科診所","type":"診所","address":"新北市新莊區中和街149號"}},{"type":"Feature","geometry":{"type":"Point","coordinates":[121.42615,25.022324]},"properties":{"name":"聯福診所","type":"診所","address":"新北市新莊區八德里民安路232號1、2樓"}},{"type":"Feature","geometry":{"type":"Point","coordinates":[121.444615,25.052533]},"properties":{"name":"新莊徐耳鼻喉科診所","type":"診所","address":"新北市新莊區中平路373號1樓"}},{"type":"Feature","geometry":{"type":"Point","coordinates":[121.426062,25.014651]},"properties":{"name":"林定參診所","type":"診所","address":"新北市新莊區民安西路211號1樓"}},{"type":"Feature","geometry":{"type":"Point","coordinates":[121.426173,25.022614]},"properties":{"name":"錦明耳鼻喉科診所","type":"診所","address":"新北市新莊區民安路195號"}},{"type":"Feature","geometry":{"type":"Point","coordinates":[121.455752,25.040712]},"properties":{"name":"黃信喜診所","type":"診所","address":"新北市新莊區中港路132巷10號1樓"}},{"type":"Feature","geometry":{"type":"Point","coordinates":[121.429535,25.027511]},"properties":{"name":"張昱錦診所","type":"診所","address":"新北市新莊區後港一路135號1樓"}},{"type":"Feature","geometry":{"type":"Point","coordinates":[121.454684,25.05298]},"properties":{"name":"健佑診所","type":"診所","address":"新北市新莊區昌平街55號1樓"}},{"type":"Feature","geometry":{"type":"Point","coordinates":[121.4261,25.022734]},"properties":{"name":"劉建輝診所","type":"診所","address":"新北市新莊區民安路191號"}},{"type":"Feature","geometry":{"type":"Point","coordinates":[121.458703,25.049552]},"properties":{"name":"黃呈榕眼科診所","type":"診所","address":"新北市新莊區幸福路30號"}},{"type":"Feature","geometry":{"type":"Point","coordinates":[121.427266,25.020373]},"properties":{"name":"吳政德耳鼻喉科診所","type":"診所","address":"新北市新莊區民安西路60號1樓及地下1樓"}},{"type":"Feature","geometry":{"type":"Point","coordinates":[121.45261,25.046503]},"properties":{"name":"陳明哲診所","type":"診所","address":"新北市新莊區中安街39號1樓"}},{"type":"Feature","geometry":{"type":"Point","coordinates":[121.445417,25.044781]},"properties":{"name":"馨平耳鼻喉科診所","type":"診所","address":"新北市新莊區中平路82巷12號1樓及夾層"}},{"type":"Feature","geometry":{"type":"Point","coordinates":[121.446541,25.049185]},"properties":{"name":"康福診所","type":"診所","address":"新北市新莊區幸福路794號1、2樓"}},{"type":"Feature","geometry":{"type":"Point","coordinates":[121.425887,25.014617]},"properties":{"name":"林復森耳鼻喉科診所","type":"診所","address":"新北市新莊區民安路220號"}},{"type":"Feature","geometry":{"type":"Point","coordinates":[121.424697,25.024955]},"properties":{"name":"蘇診所","type":"診所","address":"新北市新莊區民安路109號"}},{"type":"Feature","geometry":{"type":"Point","coordinates":[121.44486,25.043984]},"properties":{"name":"青青診所","type":"診所","address":"新北市新莊區中平路50號1樓"}},{"type":"Feature","geometry":{"type":"Point","coordinates":[121.427157,25.019981]},"properties":{"name":"康群診所","type":"診所","address":"新北市新莊區民安西路74號"}},{"type":"Feature","geometry":{"type":"Point","coordinates":[121.425105,25.026196]},"properties":{"name":"莊申南婦產科診所","type":"診所","address":"新北市新莊區後港一路29號1樓"}},{"type":"Feature","geometry":{"type":"Point","coordinates":[121.454478,25.049236]},"properties":{"name":"寶健診所","type":"診所","address":"新北市新莊區幸福路555號1樓"}},{"type":"Feature","geometry":{"type":"Point","coordinates":[121.457046,25.049496]},"properties":{"name":"李復健科骨科診所","type":"診所","address":"新北市新莊區幸福路68號"}},{"type":"Feature","geometry":{"type":"Point","coordinates":[121.43003,25.031198]},"properties":{"name":"安新診所","type":"診所","address":"新北市新莊區中正路145─22號1、2樓"}},{"type":"Feature","geometry":{"type":"Point","coordinates":[121.419869,25.026161]},"properties":{"name":"沈耳鼻喉科診所","type":"診所","address":"新北市新莊區富國路67號1樓"}},{"type":"Feature","geometry":{"type":"Point","coordinates":[121.452436,25.044926]},"properties":{"name":"中心診所","type":"診所","address":"新北市新莊區中港路321號1樓"}},{"type":"Feature","geometry":{"type":"Point","coordinates":[121.424746,25.02435]},"properties":{"name":"志銘小兒科診所","type":"診所","address":"新北市新莊區富國路200號1樓"}},{"type":"Feature","geometry":{"type":"Point","coordinates":[121.449206,25.049073]},"properties":{"name":"幸福小兒科診所","type":"診所","address":"新北市新莊區幸福路729號"}},{"type":"Feature","geometry":{"type":"Point","coordinates":[121.421144,25.022153]},"properties":{"name":"大新大診所","type":"診所","address":"新北市新莊區萬安街127巷24、26號一樓"}},{"type":"Feature","geometry":{"type":"Point","coordinates":[121.426262,25.022459]},"properties":{"name":"錦興皮膚科診所","type":"診所","address":"新北市新莊區建安里民安路201號2樓"}},{"type":"Feature","geometry":{"type":"Point","coordinates":[121.417948,25.020698]},"properties":{"name":"安諾婦產科診所","type":"診所","address":"新北市新莊區龍安路98號1至2樓"}},{"type":"Feature","geometry":{"type":"Point","coordinates":[121.446108,25.039903]},"properties":{"name":"大學眼科診所","type":"診所","address":"新北市新莊區新泰路240、242號1樓、2樓、3樓"}},{"type":"Feature","geometry":{"type":"Point","coordinates":[121.445943,25.040072]},"properties":{"name":"大益診所","type":"診所","address":"新北市新莊區立言里新泰路261號2樓及263號1至2樓"}},{"type":"Feature","geometry":{"type":"Point","coordinates":[121.427698,25.010778]},"properties":{"name":"新庚診所","type":"診所","address":"新北市新莊區民安西路370號及370－1號1樓及376號2樓"}},{"type":"Feature","geometry":{"type":"Point","coordinates":[121.445119,25.041808]},"properties":{"name":"賴昌和皮膚科診所","type":"診所","address":"新北市新莊區新泰路316號1樓"}},{"type":"Feature","geometry":{"type":"Point","coordinates":[121.4475,25.037004]},"properties":{"name":"新莊惠欣婦產科小兒科診所","type":"診所","address":"新北市新莊區建中街72－1號1、2、3、4樓"}},{"type":"Feature","geometry":{"type":"Point","coordinates":[121.417904,25.026213]},"properties":{"name":"宏祐診所","type":"診所","address":"新北市新莊區中正路879－3號1樓"}},{"type":"Feature","geometry":{"type":"Point","coordinates":[121.427285,25.012083]},"properties":{"name":"大和復健科診所","type":"診所","address":"新北市新莊區西盛街427號1至2樓"}},{"type":"Feature","geometry":{"type":"Point","coordinates":[121.43003,25.031198]},"properties":{"name":"曜生婦產科診所","type":"診所","address":"新北市新莊區中正路243號1至3樓"}},{"type":"Feature","geometry":{"type":"Point","coordinates":[121.445054,25.041944]},"properties":{"name":"黃宏立診所","type":"診所","address":"新北市新莊區立功里新泰路326號1樓"}},{"type":"Feature","geometry":{"type":"Point","coordinates":[121.454334,25.049232]},"properties":{"name":"麗新皮膚科診所","type":"診所","address":"新北市新莊區自信里幸福路559號1樓"}},{"type":"Feature","geometry":{"type":"Point","coordinates":[121.446824,25.049018]},"properties":{"name":"廣田耳鼻喉科診所","type":"診所","address":"新北市新莊區中宏里幸福路777號1樓"}},{"type":"Feature","geometry":{"type":"Point","coordinates":[121.43003,25.031198]},"properties":{"name":"新莊大愛眼科診所","type":"診所","address":"新北市新莊區中正路333號1至2樓"}},{"type":"Feature","geometry":{"type":"Point","coordinates":[121.446338,25.034075]},"properties":{"name":"家豐診所","type":"診所","address":"新北市新莊區中正路377巷5號1至2樓及地下室、3號1樓"}},{"type":"Feature","geometry":{"type":"Point","coordinates":[121.444954,25.04752]},"properties":{"name":"瑞和復健科診所","type":"診所","address":"新北市新莊區中平路160號1樓"}},{"type":"Feature","geometry":{"type":"Point","coordinates":[121.442797,25.045755]},"properties":{"name":"李蓮宗診所","type":"診所","address":"新北市新莊區立基里新泰路480號1樓"}},{"type":"Feature","geometry":{"type":"Point","coordinates":[121.449436,25.039396]},"properties":{"name":"公園診所","type":"診所","address":"新北市新莊區公園路58號1樓"}},{"type":"Feature","geometry":{"type":"Point","coordinates":[121.444817,25.051866]},"properties":{"name":"一生診所","type":"診所","address":"新北市新莊區中平里中平路304號1樓"}},{"type":"Feature","geometry":{"type":"Point","coordinates":[121.424933,25.018565]},"properties":{"name":"隆安診所","type":"診所","address":"新北市新莊區龍安路465號"}},{"type":"Feature","geometry":{"type":"Point","coordinates":[121.444673,25.051073]},"properties":{"name":"吳小兒科診所","type":"診所","address":"新北市新莊區立廷里中平路297號1樓"}},{"type":"Feature","geometry":{"type":"Point","coordinates":[121.425187,25.018487]},"properties":{"name":"光華診所","type":"診所","address":"新北市新莊區龍安路473號1樓"}},{"type":"Feature","geometry":{"type":"Point","coordinates":[121.446559,25.039397]},"properties":{"name":"施博仁診所","type":"診所","address":"新北市新莊區立德里新泰路234號1樓"}},{"type":"Feature","geometry":{"type":"Point","coordinates":[121.455023,25.049256]},"properties":{"name":"麗安診所","type":"診所","address":"新北市新莊區幸福路541號1樓"}},{"type":"Feature","geometry":{"type":"Point","coordinates":[121.422153,25.019188]},"properties":{"name":"春詠診所","type":"診所","address":"新北市新莊區南港里龍安路278巷2號1樓"}},{"type":"Feature","geometry":{"type":"Point","coordinates":[121.449261,25.034847]},"properties":{"name":"佳泰診所","type":"診所","address":"新北市新莊區文衡里新泰路62號"}},{"type":"Feature","geometry":{"type":"Point","coordinates":[121.427879,25.021496]},"properties":{"name":"禾豐骨外科診所","type":"診所","address":"新北市新莊區民安路284號1、2樓及286號1樓"}},{"type":"Feature","geometry":{"type":"Point","coordinates":[121.444673,25.043713]},"properties":{"name":"吳峰璋皮膚科診所","type":"診所","address":"新北市新莊區中平路29號1樓、31號2樓、33號2樓"}},{"type":"Feature","geometry":{"type":"Point","coordinates":[121.44557,25.052744]},"properties":{"name":"上和耳鼻喉科診所","type":"診所","address":"新北市新莊區中平里中和街150號"}},{"type":"Feature","geometry":{"type":"Point","coordinates":[121.424002,25.020603]},"properties":{"name":"曉民診所","type":"診所","address":"新北市新莊區成德里八德街125號1樓及地下1樓"}},{"type":"Feature","geometry":{"type":"Point","coordinates":[121.449183,25.034974]},"properties":{"name":"家泰耳鼻喉科診所","type":"診所","address":"新北市新莊區新泰路70號1樓"}},{"type":"Feature","geometry":{"type":"Point","coordinates":[121.455648,25.049281]},"properties":{"name":"志安診所","type":"診所","address":"新北市新莊區幸福路521號"}},{"type":"Feature","geometry":{"type":"Point","coordinates":[121.422946,24.994956]},"properties":{"name":"禾欣診所","type":"診所","address":"新北市新莊區復興路1段91號1樓"}},{"type":"Feature","geometry":{"type":"Point","coordinates":[121.452821,25.045297]},"properties":{"name":"安庚內科診所","type":"診所","address":"新北市新莊區中安街1號1樓中港路306號3樓"}},{"type":"Feature","geometry":{"type":"Point","coordinates":[121.456891,25.037689]},"properties":{"name":"樂寶兒婦幼診所","type":"診所","address":"新北市新莊區中正路82－1號1樓"}},{"type":"Feature","geometry":{"type":"Point","coordinates":[121.449261,25.034847]},"properties":{"name":"嘉泰耳鼻喉科診所","type":"診所","address":"新北市新莊區新泰路62號1樓"}},{"type":"Feature","geometry":{"type":"Point","coordinates":[121.425562,25.022699]},"properties":{"name":"和新診所","type":"診所","address":"新北市新莊區八德街3號1樓"}},{"type":"Feature","geometry":{"type":"Point","coordinates":[121.425538,24.984477]},"properties":{"name":"元程婦產科診所","type":"診所","address":"新北市新莊區中華路2段47號1樓"}},{"type":"Feature","geometry":{"type":"Point","coordinates":[121.418801,25.02648]},"properties":{"name":"康熙診所","type":"診所","address":"新北市新莊區富國路27號1樓"}},{"type":"Feature","geometry":{"type":"Point","coordinates":[121.444688,25.050181]},"properties":{"name":"陳世中耳鼻喉科診所","type":"診所","address":"新北市新莊區中平路277號1樓"}},{"type":"Feature","geometry":{"type":"Point","coordinates":[121.422946,24.994956]},"properties":{"name":"泰興耳鼻喉科診所","type":"診所","address":"新北市新莊區復興路1段25號1樓"}},{"type":"Feature","geometry":{"type":"Point","coordinates":[121.41763,25.027603]},"properties":{"name":"晉安診所","type":"診所","address":"新北市新莊區中正路700之24號1樓、2樓"}},{"type":"Feature","geometry":{"type":"Point","coordinates":[121.455516,25.049275]},"properties":{"name":"新莊翰林眼科診所","type":"診所","address":"新北市新莊區幸福路525號"}},{"type":"Feature","geometry":{"type":"Point","coordinates":[121.45538,25.050843]},"properties":{"name":"新莊實和復健診所","type":"診所","address":"新北市新莊區昌隆街23、25號1、2樓"}},{"type":"Feature","geometry":{"type":"Point","coordinates":[121.421657,25.025282]},"properties":{"name":"富康骨科診所","type":"診所","address":"新北市新莊區富國路102號2樓（1層、2層）"}},{"type":"Feature","geometry":{"type":"Point","coordinates":[121.422946,24.994956]},"properties":{"name":"上友兒童診所","type":"診所","address":"新北市新莊區復興路1段199號1樓"}},{"type":"Feature","geometry":{"type":"Point","coordinates":[121.425562,25.022699]},"properties":{"name":"合新診所","type":"診所","address":"新北市新莊區八德街3號1樓"}},{"type":"Feature","geometry":{"type":"Point","coordinates":[121.448089,25.036849]},"properties":{"name":"原華診所","type":"診所","address":"新北市新莊區新泰路128號1樓至3樓"}},{"type":"Feature","geometry":{"type":"Point","coordinates":[121.445964,25.034627]},"properties":{"name":"新莊新仁診所","type":"診所","address":"新北市新莊區中正路387號5－6樓及389號6樓"}},{"type":"Feature","geometry":{"type":"Point","coordinates":[121.425562,25.022699]},"properties":{"name":"禾新耳鼻喉科診所","type":"診所","address":"新北市新莊區八德街3號1樓"}},{"type":"Feature","geometry":{"type":"Point","coordinates":[121.418494,25.026569]},"properties":{"name":"新莊睛彩眼科診所","type":"診所","address":"新北市新莊區富國路17號1樓"}},{"type":"Feature","geometry":{"type":"Point","coordinates":[121.426085,25.015291]},"properties":{"name":"育慶小兒科診所","type":"診所","address":"新北市新莊區民安西路195－1號1樓"}},{"type":"Feature","geometry":{"type":"Point","coordinates":[121.42322,25.024886]},"properties":{"name":"魏皮膚科診所","type":"診所","address":"新北市新莊區富國路156號1樓"}},{"type":"Feature","geometry":{"type":"Point","coordinates":[121.424781,25.023515]},"properties":{"name":"文鼎診所","type":"診所","address":"新北市新莊區民安路188巷8弄3號1樓、2樓"}},{"type":"Feature","geometry":{"type":"Point","coordinates":[121.451987,25.049575]},"properties":{"name":"天佑診所","type":"診所","address":"新北市新莊區幸福路670巷2弄21號1樓"}},{"type":"Feature","geometry":{"type":"Point","coordinates":[121.426186,25.026506]},"properties":{"name":"恩典診所","type":"診所","address":"新北市新莊區後港一路55號1樓"}},{"type":"Feature","geometry":{"type":"Point","coordinates":[121.434504,25.032475]},"properties":{"name":"晴美身心診所","type":"診所","address":"新北市新莊區中正路575號2樓及577號2樓"}},{"type":"Feature","geometry":{"type":"Point","coordinates":[121.44717,25.037927]},"properties":{"name":"育心身心精神科診所","type":"診所","address":"新北市新莊區新泰路193號1、2樓"}},{"type":"Feature","geometry":{"type":"Point","coordinates":[121.450466,25.049298]},"properties":{"name":"幸福骨科診所","type":"診所","address":"新北市新莊區幸福路686號1、2樓"}},{"type":"Feature","geometry":{"type":"Point","coordinates":[121.417353,25.020893]},"properties":{"name":"至祥診所","type":"診所","address":"新北市新莊區龍安路78號1樓"}},{"type":"Feature","geometry":{"type":"Point","coordinates":[121.449431,25.033921]},"properties":{"name":"弘久診所","type":"診所","address":"新北市新莊區新泰路57號1樓至2樓"}},{"type":"Feature","geometry":{"type":"Point","coordinates":[121.45039,25.045548]},"properties":{"name":"自立診所","type":"診所","address":"新北市新莊區中港一街52號1樓"}},{"type":"Feature","geometry":{"type":"Point","coordinates":[121.426334,25.018121]},"properties":{"name":"樂樂診所","type":"診所","address":"新北市新莊區龍安路507號1樓"}},{"type":"Feature","geometry":{"type":"Point","coordinates":[121.444677,25.04602]},"properties":{"name":"大方診所","type":"診所","address":"新北市新莊區中平路89號1樓"}},{"type":"Feature","geometry":{"type":"Point","coordinates":[121.458968,25.049553]},"properties":{"name":"健恩診所","type":"診所","address":"新北市新莊區幸福路20號1樓"}},{"type":"Feature","geometry":{"type":"Point","coordinates":[121.425105,25.026196]},"properties":{"name":"盛豐診所","type":"診所","address":"新北市新莊區後港一路29號2、3樓"}},{"type":"Feature","geometry":{"type":"Point","coordinates":[121.426424,25.02416]},"properties":{"name":"明新診所","type":"診所","address":"新北市新莊區建安街109號1樓"}},{"type":"Feature","geometry":{"type":"Point","coordinates":[121.449431,25.033921]},"properties":{"name":"宏久診所","type":"診所","address":"新北市新莊區新泰路57號1樓至2樓"}},{"type":"Feature","geometry":{"type":"Point","coordinates":[121.455027,25.052361]},"properties":{"name":"昌明耳鼻喉科診所","type":"診所","address":"新北市新莊區昌明街80號1樓"}},{"type":"Feature","geometry":{"type":"Point","coordinates":[121.449436,25.039396]},"properties":{"name":"新莊至善診所","type":"診所","address":"新北市新莊區公園路58號1樓"}},{"type":"Feature","geometry":{"type":"Point","coordinates":[121.427103,25.021304]},"properties":{"name":"微笑23眼科診所","type":"診所","address":"新北市新莊區民安西路23號1樓"}},{"type":"Feature","geometry":{"type":"Point","coordinates":[121.444673,25.043713]},"properties":{"name":"中平耳鼻喉科診所","type":"診所","address":"新北市新莊區中平路29號1樓．31號2樓．33號2樓"}},{"type":"Feature","geometry":{"type":"Point","coordinates":[121.460208,25.043832]},"properties":{"name":"思原內科診所","type":"診所","address":"新北市新莊區思源路48號2樓"}},{"type":"Feature","geometry":{"type":"Point","coordinates":[121.4276,25.021102]},"properties":{"name":"新康骨科診所","type":"診所","address":"新北市新莊區民安東路3號1樓、2樓．5號1樓、2樓"}},{"type":"Feature","geometry":{"type":"Point","coordinates":[121.457536,25.049532]},"properties":{"name":"信賴皮膚專科診所","type":"診所","address":"新北市新莊區幸福路52號1樓"}},{"type":"Feature","geometry":{"type":"Point","coordinates":[121.422804,24.994971]},"properties":{"name":"好心情身心精神科診所","type":"診所","address":"新北市新莊區復興路2段10號1樓"}},{"type":"Feature","geometry":{"type":"Point","coordinates":[121.452706,25.045758]},"properties":{"name":"英群骨科診所","type":"診所","address":"新北市新莊區中安街7－2號1、2樓"}},{"type":"Feature","geometry":{"type":"Point","coordinates":[121.422804,24.994971]},"properties":{"name":"璟順骨科診所","type":"診所","address":"新北市新莊區復興路2段131號1樓、135號1樓"}},{"type":"Feature","geometry":{"type":"Point","coordinates":[121.449183,25.034974]},"properties":{"name":"成泰診所","type":"診所","address":"新北市新莊區新泰路70號1樓"}},{"type":"Feature","geometry":{"type":"Point","coordinates":[121.458185,25.049428]},"properties":{"name":"家福診所","type":"診所","address":"新北市新莊區福壽街67號1、2樓"}},{"type":"Feature","geometry":{"type":"Point","coordinates":[121.458185,25.049428]},"properties":{"name":"家慈診所","type":"診所","address":"新北市新莊區福壽街67號1、2樓"}},{"type":"Feature","geometry":{"type":"Point","coordinates":[121.446864,25.036754]},"properties":{"name":"巧兒親子診所","type":"診所","address":"新北市新莊區建中街92號1樓"}},{"type":"Feature","geometry":{"type":"Point","coordinates":[121.454839,25.048326]},"properties":{"name":"安田耳鼻喉科診所","type":"診所","address":"新北市新莊區自信街51號1樓"}},{"type":"Feature","geometry":{"type":"Point","coordinates":[121.457777,25.051718]},"properties":{"name":"立安耳鼻喉科診所","type":"診所","address":"新北市新莊區福壽街134號1樓"}},{"type":"Feature","geometry":{"type":"Point","coordinates":[121.456721,25.045396]},"properties":{"name":"思賢診所","type":"診所","address":"新北市新莊區自立街200號1樓"}},{"type":"Feature","geometry":{"type":"Point","coordinates":[121.444685,25.044412]},"properties":{"name":"寶祥診所","type":"診所","address":"新北市新莊區中平路53號1樓至2樓"}},{"type":"Feature","geometry":{"type":"Point","coordinates":[121.451346,25.04812]},"properties":{"name":"建嘉小兒科診所","type":"診所","address":"新北市新莊區中誠街40號1樓"}},{"type":"Feature","geometry":{"type":"Point","coordinates":[121.455225,25.054542]},"properties":{"name":"果仁小兒科診所","type":"診所","address":"新北市新莊區中原路146號1樓"}},{"type":"Feature","geometry":{"type":"Point","coordinates":[121.426356,25.024119]},"properties":{"name":"杏原診所","type":"診所","address":"新北市新莊區建安街113號1－2樓、115號1－2樓"}},{"type":"Feature","geometry":{"type":"Point","coordinates":[121.446699,25.035012]},"properties":{"name":"新欣診所","type":"診所","address":"新北市新莊區中正路302號1樓"}},{"type":"Feature","geometry":{"type":"Point","coordinates":[121.455778,25.054235]},"properties":{"name":"維修診所","type":"診所","address":"新北市新莊區中原路93號1樓"}},{"type":"Feature","geometry":{"type":"Point","coordinates":[121.444233,25.045099]},"properties":{"name":"王一成診所","type":"診所","address":"新北市新莊區中平路81巷8號1樓"}},{"type":"Feature","geometry":{"type":"Point","coordinates":[121.458185,25.049428]},"properties":{"name":"家貞診所","type":"診所","address":"新北市新莊區福壽街67號1、2樓"}},{"type":"Feature","geometry":{"type":"Point","coordinates":[121.414759,25.029744]},"properties":{"name":"軒禾診所","type":"診所","address":"新北市新莊區天祥街114號1樓及夾層"}},{"type":"Feature","geometry":{"type":"Point","coordinates":[121.462431,25.054718]},"properties":{"name":"童麗娜皮膚專科診所","type":"診所","address":"新北市新莊區中原東路89巷1號1樓"}},{"type":"Feature","geometry":{"type":"Point","coordinates":[121.448431,25.03582]},"properties":{"name":"馥齡診所","type":"診所","address":"新北市新莊區新泰路115號4樓、117號1樓"}},{"type":"Feature","geometry":{"type":"Point","coordinates":[121.444815,25.051986]},"properties":{"name":"晶盈眼科診所","type":"診所","address":"新北市新莊區中平路308號1、2樓"}},{"type":"Feature","geometry":{"type":"Point","coordinates":[121.426445,25.021806]},"properties":{"name":"永悅診所","type":"診所","address":"新北市新莊區民安西路6號1樓"}},{"type":"Feature","geometry":{"type":"Point","coordinates":[121.455778,25.054235]},"properties":{"name":"唯修診所","type":"診所","address":"新北市新莊區中原路93號1樓"}},{"type":"Feature","geometry":{"type":"Point","coordinates":[121.449366,25.034672]},"properties":{"name":"新莊葉自強診所","type":"診所","address":"新北市新莊區新泰路52號（1樓）"}},{"type":"Feature","geometry":{"type":"Point","coordinates":[121.446798,25.052857]},"properties":{"name":"張博堯診所","type":"診所","address":"新北市新莊區中榮街116號1樓"}},{"type":"Feature","geometry":{"type":"Point","coordinates":[121.446774,25.049191]},"properties":{"name":"仁大耳鼻喉科診所","type":"診所","address":"新北市新莊區幸福路784號（ l 樓、 2 樓）"}},{"type":"Feature","geometry":{"type":"Point","coordinates":[121.44641,25.049183]},"properties":{"name":"立丞診所","type":"診所","address":"新北市新莊區幸福路798號1、2樓"}},{"type":"Feature","geometry":{"type":"Point","coordinates":[121.456495,25.052371]},"properties":{"name":"加恩診所","type":"診所","address":"新北市新莊區昌明街38號、40之1號1樓"}},{"type":"Feature","geometry":{"type":"Point","coordinates":[121.434689,25.029119]},"properties":{"name":"杏軒診所","type":"診所","address":"新北市新莊區建國一路120號1樓"}},{"type":"Feature","geometry":{"type":"Point","coordinates":[121.444922,25.050305]},"properties":{"name":"穩達診所","type":"診所","address":"新北市新莊區中平路270巷1號1樓、2樓及272號1樓、2樓"}},{"type":"Feature","geometry":{"type":"Point","coordinates":[121.422804,24.994971]},"properties":{"name":"頂安診所","type":"診所","address":"新北市新莊區復興路2段74號1樓"}},{"type":"Feature","geometry":{"type":"Point","coordinates":[121.446045,25.049167]},"properties":{"name":"皮醫師新莊診所","type":"診所","address":"新北市新莊區幸福路806號1樓"}},{"type":"Feature","geometry":{"type":"Point","coordinates":[121.448008,25.036987]},"properties":{"name":"世博診所","type":"診所","address":"新北市新莊區新泰路134號1樓、2樓"}},{"type":"Feature","geometry":{"type":"Point","coordinates":[121.463519,25.054637]},"properties":{"name":"力新診所","type":"診所","address":"新北市新莊區中原東路62號1樓"}},{"type":"Feature","geometry":{"type":"Point","coordinates":[121.463519,25.054637]},"properties":{"name":"宜新診所","type":"診所","address":"新北市新莊區中原東路62號1樓"}},{"type":"Feature","geometry":{"type":"Point","coordinates":[121.448088,25.047563]},"properties":{"name":"逸好診所","type":"診所","address":"新北市新莊區中和街186巷1號（1樓、2樓、3樓）"}},{"type":"Feature","geometry":{"type":"Point","coordinates":[121.46089,25.049341]},"properties":{"name":"恆友精神科診所","type":"診所","address":"新北市新莊區幸福東路135號1樓"}},{"type":"Feature","geometry":{"type":"Point","coordinates":[121.455191,25.049265]},"properties":{"name":"心翔身心精神科診所","type":"診所","address":"新北市新莊區幸福路535號1樓"}},{"type":"Feature","geometry":{"type":"Point","coordinates":[121.452706,25.045758]},"properties":{"name":"祥佑診所","type":"診所","address":"新北市新莊區中安街7號3樓"}},{"type":"Feature","geometry":{"type":"Point","coordinates":[121.448702,25.049063]},"properties":{"name":"幸福大愛眼科診所","type":"診所","address":"新北市新莊區幸福路743號1樓、2樓"}},{"type":"Feature","geometry":{"type":"Point","coordinates":[121.426498,25.024372]},"properties":{"name":"昕康耳鼻喉科診所","type":"診所","address":"新北市新莊區建安街78號1樓"}},{"type":"Feature","geometry":{"type":"Point","coordinates":[121.455249,25.049267]},"properties":{"name":"鄭仁壽耳鼻喉科診所","type":"診所","address":"新北市新莊區幸福路533號1樓"}},{"type":"Feature","geometry":{"type":"Point","coordinates":[121.45132,25.036013]},"properties":{"name":"順新復健科診所","type":"診所","address":"新北市新莊區中正路160號1樓及地下一層"}},{"type":"Feature","geometry":{"type":"Point","coordinates":[121.422804,24.994971]},"properties":{"name":"富都心診所","type":"診所","address":"新北市新莊區復興路2段59號1樓"}},{"type":"Feature","geometry":{"type":"Point","coordinates":[121.424542,25.024463]},"properties":{"name":"宇康診所","type":"診所","address":"新北市新莊區富國路184號1樓"}},{"type":"Feature","geometry":{"type":"Point","coordinates":[121.45788,25.046545]},"properties":{"name":"杏誠診所","type":"診所","address":"新北市新莊區福樂街68號1、2樓"}},{"type":"Feature","geometry":{"type":"Point","coordinates":[121.418439,25.026588]},"properties":{"name":"新莊軒琪診所","type":"診所","address":"新北市新莊區富國路15號1樓"}},{"type":"Feature","geometry":{"type":"Point","coordinates":[121.457171,25.049348]},"properties":{"name":"新和耳鼻喉科診所","type":"診所","address":"新北市新莊區幸福路69號1樓"}},{"type":"Feature","geometry":{"type":"Point","coordinates":[121.42808,25.018767]},"properties":{"name":"鉅儒診所","type":"診所","address":"新北市新莊區西盛街180號1樓"}},{"type":"Feature","geometry":{"type":"Point","coordinates":[121.45592,25.049292]},"properties":{"name":"新莊高美泌尿科診所","type":"診所","address":"新北市新莊區幸福路509號1樓"}},{"type":"Feature","geometry":{"type":"Point","coordinates":[121.450747,25.054228]},"properties":{"name":"信榮診所","type":"診所","address":"新北市新莊區中原路209號1樓"}},{"type":"Feature","geometry":{"type":"Point","coordinates":[121.435112,25.032953]},"properties":{"name":"輔大診所","type":"診所","address":"新北市新莊區中正路510號（醫學綜合大樓1樓）"}},{"type":"Feature","geometry":{"type":"Point","coordinates":[121.453121,25.035568]},"properties":{"name":"宥澄診所","type":"診所","address":"新北市新莊區中正路195號1、2樓"}},{"type":"Feature","geometry":{"type":"Point","coordinates":[121.421356,24.989271]},"properties":{"name":"賴內科小兒科診所","type":"診所","address":"新北市樹林區育英街52號"}},{"type":"Feature","geometry":{"type":"Point","coordinates":[121.425304,24.996259]},"properties":{"name":"許芳豪內科小兒科診所","type":"診所","address":"新北市樹林區千歲街45－3號"}},{"type":"Feature","geometry":{"type":"Point","coordinates":[121.39262,24.97212]},"properties":{"name":"賴貞祥婦產科診所","type":"診所","address":"新北市樹林區中山路1段160號"}},{"type":"Feature","geometry":{"type":"Point","coordinates":[121.39262,24.97212]},"properties":{"name":"合聖診所","type":"診所","address":"新北市樹林區中山路1段240號"}},{"type":"Feature","geometry":{"type":"Point","coordinates":[121.421185,24.989164]},"properties":{"name":"杏恩診所","type":"診所","address":"新北市樹林區育英街41號"}},{"type":"Feature","geometry":{"type":"Point","coordinates":[121.39262,24.97212]},"properties":{"name":"周眼科診所","type":"診所","address":"新北市樹林區中山路1段125號"}},{"type":"Feature","geometry":{"type":"Point","coordinates":[121.39262,24.97212]},"properties":{"name":"合順診所","type":"診所","address":"新北市樹林區中山路1段168號"}},{"type":"Feature","geometry":{"type":"Point","coordinates":[121.419591,24.981275]},"properties":{"name":"博民診所","type":"診所","address":"新北市樹林區中華路215號"}},{"type":"Feature","geometry":{"type":"Point","coordinates":[121.39262,24.97212]},"properties":{"name":"山佳診所","type":"診所","address":"新北市樹林區中山路3段203號"}},{"type":"Feature","geometry":{"type":"Point","coordinates":[121.426036,24.993128]},"properties":{"name":"幼安聯合診所","type":"診所","address":"新北市樹林區鎮前街26號1、2樓"}},{"type":"Feature","geometry":{"type":"Point","coordinates":[121.416714,24.980579]},"properties":{"name":"敏昌診所","type":"診所","address":"新北市樹林區中華路146號1樓"}},{"type":"Feature","geometry":{"type":"Point","coordinates":[121.388531,24.955589]},"properties":{"name":"詠聖診所","type":"診所","address":"新北市樹林區佳園路1段39號－1、1樓"}},{"type":"Feature","geometry":{"type":"Point","coordinates":[121.418076,24.988346]},"properties":{"name":"念生耳鼻喉科診所","type":"診所","address":"新北市樹林區文化街45號1樓"}},{"type":"Feature","geometry":{"type":"Point","coordinates":[121.425989,24.993032]},"properties":{"name":"佳生婦產科診所","type":"診所","address":"新北市樹林區鎮前街30號1、2樓"}},{"type":"Feature","geometry":{"type":"Point","coordinates":[121.39262,24.97212]},"properties":{"name":"樹林泰新診所","type":"診所","address":"新北市樹林區中山路1段30號"}},{"type":"Feature","geometry":{"type":"Point","coordinates":[121.418204,24.980806]},"properties":{"name":"遠祺婦產科診所","type":"診所","address":"新北市樹林區中華路112號1、2樓，112－1號1、2樓"}},{"type":"Feature","geometry":{"type":"Point","coordinates":[121.39262,24.97212]},"properties":{"name":"朱水松耳鼻喉科診所","type":"診所","address":"新北市樹林區中山路1段151－2號"}},{"type":"Feature","geometry":{"type":"Point","coordinates":[121.418517,24.980745]},"properties":{"name":"林岳宏小兒科陳德馨皮膚科聯合診所","type":"診所","address":"新北市樹林區中華路241號1樓"}},{"type":"Feature","geometry":{"type":"Point","coordinates":[121.415758,24.980402]},"properties":{"name":"安濟診所","type":"診所","address":"新北市樹林區中華路162號"}},{"type":"Feature","geometry":{"type":"Point","coordinates":[121.423538,24.993519]},"properties":{"name":"樹新耳鼻喉科診所","type":"診所","address":"新北市樹林區長壽街12之2號1樓"}},{"type":"Feature","geometry":{"type":"Point","coordinates":[121.405253,25.01668]},"properties":{"name":"三福診所","type":"診所","address":"新北市樹林區三福街56巷7號1樓"}},{"type":"Feature","geometry":{"type":"Point","coordinates":[121.39262,24.97212]},"properties":{"name":"蔡瓊倩內科診所","type":"診所","address":"新北市樹林區中山路1段151－2號"}},{"type":"Feature","geometry":{"type":"Point","coordinates":[121.422719,24.992419]},"properties":{"name":"何廷裕小兒科診所","type":"診所","address":"新北市樹林區日新街34號"}},{"type":"Feature","geometry":{"type":"Point","coordinates":[121.427071,24.994758]},"properties":{"name":"柯盈賢小兒科診所","type":"診所","address":"新北市樹林區樹新路41號1樓"}},{"type":"Feature","geometry":{"type":"Point","coordinates":[121.426028,24.992812]},"properties":{"name":"興明皮膚專科診所","type":"診所","address":"新北市樹林區鎮前街7號1樓"}},{"type":"Feature","geometry":{"type":"Point","coordinates":[121.421742,24.993211]},"properties":{"name":"正安診所","type":"診所","address":"新北市樹林區復興路63號"}},{"type":"Feature","geometry":{"type":"Point","coordinates":[121.427231,24.993275]},"properties":{"name":"家祥診所","type":"診所","address":"新北市樹林區保安街1段54號1、2樓"}},{"type":"Feature","geometry":{"type":"Point","coordinates":[121.384228,24.949053]},"properties":{"name":"承恩診所","type":"診所","address":"新北市樹林區學勤路597號1樓"}},{"type":"Feature","geometry":{"type":"Point","coordinates":[121.425156,24.996487]},"properties":{"name":"千歲小兒科診所","type":"診所","address":"新北市樹林區千歲街47號1樓"}},{"type":"Feature","geometry":{"type":"Point","coordinates":[121.39262,24.97212]},"properties":{"name":"鄭仲欽皮膚科診所","type":"診所","address":"新北市樹林區中山路1段32號1樓"}},{"type":"Feature","geometry":{"type":"Point","coordinates":[121.379682,24.950281]},"properties":{"name":"柚子小兒科診所","type":"診所","address":"新北市樹林區學府路362號1樓"}},{"type":"Feature","geometry":{"type":"Point","coordinates":[121.425733,24.992596]},"properties":{"name":"松禾診所","type":"診所","address":"新北市樹林區鎮前街58號2樓"}},{"type":"Feature","geometry":{"type":"Point","coordinates":[121.39262,24.97212]},"properties":{"name":"安泰診所","type":"診所","address":"新北市樹林區中山路1段123號1、2、3、4、5樓"}},{"type":"Feature","geometry":{"type":"Point","coordinates":[121.418195,24.980154]},"properties":{"name":"揚昇診所","type":"診所","address":"新北市樹林區太元街21號1、2樓、23號1、2樓"}},{"type":"Feature","geometry":{"type":"Point","coordinates":[121.378047,24.946247]},"properties":{"name":"高啟原復健診所","type":"診所","address":"新北市樹林區大義路252號1樓、1樓夾層、2樓"}},{"type":"Feature","geometry":{"type":"Point","coordinates":[121.425904,24.992586]},"properties":{"name":"大樹診所","type":"診所","address":"新北市樹林區鎮前街19號、19之1號1樓、21號2樓"}},{"type":"Feature","geometry":{"type":"Point","coordinates":[121.39262,24.97212]},"properties":{"name":"永峰診所","type":"診所","address":"新北市樹林區中山路1段177號1樓、177之1號1樓、2樓"}},{"type":"Feature","geometry":{"type":"Point","coordinates":[121.415129,24.981595]},"properties":{"name":"誠陽復健科診所","type":"診所","address":"新北市樹林區東華街81、83、85號1樓"}},{"type":"Feature","geometry":{"type":"Point","coordinates":[121.422588,24.994676]},"properties":{"name":"莊豐如診所","type":"診所","address":"新北市樹林區復興路18號1樓"}},{"type":"Feature","geometry":{"type":"Point","coordinates":[121.425991,24.992748]},"properties":{"name":"星瞳眼科診所","type":"診所","address":"新北市樹林區鎮前街11號1樓"}},{"type":"Feature","geometry":{"type":"Point","coordinates":[121.4218,24.995795]},"properties":{"name":"惠生保安婦幼診所","type":"診所","address":"新北市樹林區保安街一段190號（1－2樓）"}},{"type":"Feature","geometry":{"type":"Point","coordinates":[121.39262,24.97212]},"properties":{"name":"喜悅診所","type":"診所","address":"新北市樹林區中山路1段10號1樓"}},{"type":"Feature","geometry":{"type":"Point","coordinates":[121.425701,24.990612]},"properties":{"name":"信和診所","type":"診所","address":"新北市樹林區博愛街178號1、2樓"}},{"type":"Feature","geometry":{"type":"Point","coordinates":[121.425701,24.990612]},"properties":{"name":"信和耳鼻喉科診所","type":"診所","address":"新北市樹林區博愛街178號1、2樓"}},{"type":"Feature","geometry":{"type":"Point","coordinates":[121.39262,24.97212]},"properties":{"name":"康普生眼科診所","type":"診所","address":"新北市樹林區中山路1段186號1樓、186－1號2樓"}},{"type":"Feature","geometry":{"type":"Point","coordinates":[121.381815,24.945839]},"properties":{"name":"三樹金鶯診所","type":"診所","address":"新北市樹林區學成路600號1樓、2樓"}},{"type":"Feature","geometry":{"type":"Point","coordinates":[121.427231,24.993275]},"properties":{"name":"大英診所","type":"診所","address":"新北市樹林區保安街1段192號之1，1樓"}},{"type":"Feature","geometry":{"type":"Point","coordinates":[121.4228,24.992111]},"properties":{"name":"立康診所","type":"診所","address":"新北市樹林區日新街39號（1樓）"}},{"type":"Feature","geometry":{"type":"Point","coordinates":[121.379037,24.949762]},"properties":{"name":"愛雅婦產科診所","type":"診所","address":"新北市樹林區大雅路366號1樓"}},{"type":"Feature","geometry":{"type":"Point","coordinates":[121.379409,24.946413]},"properties":{"name":"新北大診所","type":"診所","address":"新北市樹林區學成路507號（1樓）"}},{"type":"Feature","geometry":{"type":"Point","coordinates":[121.417585,24.980503]},"properties":{"name":"樹林金鶯診所","type":"診所","address":"新北市樹林區中華路124號1樓及2樓"}},{"type":"Feature","geometry":{"type":"Point","coordinates":[121.345972,24.95074]},"properties":{"name":"鄭龍傑診所","type":"診所","address":"新北市鶯歌區尖山埔路167號"}},{"type":"Feature","geometry":{"type":"Point","coordinates":[121.340737,24.944516]},"properties":{"name":"黃家庭醫學科診所","type":"診所","address":"新北市鶯歌區尖山路286號"}},{"type":"Feature","geometry":{"type":"Point","coordinates":[121.350964,24.953552]},"properties":{"name":"崇文診所","type":"診所","address":"新北市鶯歌區國慶街141號"}},{"type":"Feature","geometry":{"type":"Point","coordinates":[121.348589,24.954465]},"properties":{"name":"詹王成婦產科診所","type":"診所","address":"新北市鶯歌區南雅路9號"}},{"type":"Feature","geometry":{"type":"Point","coordinates":[121.344217,24.950226]},"properties":{"name":"秦德水家庭醫學科診所","type":"診所","address":"新北市鶯歌區鶯桃路2段21號"}},{"type":"Feature","geometry":{"type":"Point","coordinates":[121.351331,24.952898]},"properties":{"name":"陳文隆外科診所","type":"診所","address":"新北市鶯歌區國慶街171號1樓"}},{"type":"Feature","geometry":{"type":"Point","coordinates":[121.333655,24.96309]},"properties":{"name":"博音診所","type":"診所","address":"新北市鶯歌區鶯桃路371號"}},{"type":"Feature","geometry":{"type":"Point","coordinates":[121.329745,24.96849]},"properties":{"name":"麥婦產科診所","type":"診所","address":"新北市鶯歌區鶯桃路571號1－2樓及573號1－3樓"}},{"type":"Feature","geometry":{"type":"Point","coordinates":[121.351053,24.953047]},"properties":{"name":"博美皮膚科診所","type":"診所","address":"新北市鶯歌區國慶街162號1．2樓"}},{"type":"Feature","geometry":{"type":"Point","coordinates":[121.349661,24.953656]},"properties":{"name":"建國耳鼻喉科診所","type":"診所","address":"新北市鶯歌區建國路180號"}},{"type":"Feature","geometry":{"type":"Point","coordinates":[121.352467,24.953792]},"properties":{"name":"韓乃輝診所","type":"診所","address":"新北市鶯歌區中正一路52號"}},{"type":"Feature","geometry":{"type":"Point","coordinates":[121.348516,24.953413]},"properties":{"name":"康健家庭醫學科診所","type":"診所","address":"新北市鶯歌區建國路231號"}},{"type":"Feature","geometry":{"type":"Point","coordinates":[121.351048,24.953382]},"properties":{"name":"慈德聯合診所","type":"診所","address":"新北市鶯歌區國慶街151號1樓"}},{"type":"Feature","geometry":{"type":"Point","coordinates":[121.350986,24.953513]},"properties":{"name":"明輝眼科診所","type":"診所","address":"新北市鶯歌區國慶街143號1樓"}},{"type":"Feature","geometry":{"type":"Point","coordinates":[121.349972,24.953389]},"properties":{"name":"怡兒診所","type":"診所","address":"新北市鶯歌區建國路173號1－3樓"}},{"type":"Feature","geometry":{"type":"Point","coordinates":[121.35544,24.953976]},"properties":{"name":"立好診所","type":"診所","address":"新北市鶯歌區文化路181號1－2樓"}},{"type":"Feature","geometry":{"type":"Point","coordinates":[121.355986,24.955957]},"properties":{"name":"維新診所","type":"診所","address":"新北市鶯歌區建國路36號1、2樓"}},{"type":"Feature","geometry":{"type":"Point","coordinates":[121.355986,24.955957]},"properties":{"name":"養心診所","type":"診所","address":"新北市鶯歌區建國路36號1樓"}},{"type":"Feature","geometry":{"type":"Point","coordinates":[121.35123,24.953076]},"properties":{"name":"金鶯診所","type":"診所","address":"新北市鶯歌區國慶街167號1樓"}},{"type":"Feature","geometry":{"type":"Point","coordinates":[121.345451,24.955916]},"properties":{"name":"大山耳鼻喉科診所","type":"診所","address":"新北市鶯歌區光明街126號1樓"}},{"type":"Feature","geometry":{"type":"Point","coordinates":[121.35365,24.956858]},"properties":{"name":"幸安診所","type":"診所","address":"新北市鶯歌區仁愛路1號5樓"}},{"type":"Feature","geometry":{"type":"Point","coordinates":[121.35083,24.953425]},"properties":{"name":"澄欣復健科診所","type":"診所","address":"新北市鶯歌區國慶街140號、142號1樓、166號1、2樓"}},{"type":"Feature","geometry":{"type":"Point","coordinates":[121.329792,24.968447]},"properties":{"name":"新英診所","type":"診所","address":"新北市鶯歌區鶯桃路569號1樓"}},{"type":"Feature","geometry":{"type":"Point","coordinates":[121.351027,24.953089]},"properties":{"name":"欣慈診所","type":"診所","address":"新北市鶯歌區國慶街160號1樓"}},{"type":"Feature","geometry":{"type":"Point","coordinates":[121.349424,24.953572]},"properties":{"name":"家康診所","type":"診所","address":"新北市鶯歌區建國路202號1、2樓"}},{"type":"Feature","geometry":{"type":"Point","coordinates":[121.353189,24.9539]},"properties":{"name":"佳晟診所","type":"診所","address":"新北市鶯歌區建國路85號5樓"}},{"type":"Feature","geometry":{"type":"Point","coordinates":[121.3748,24.927681]},"properties":{"name":"主恩診所","type":"診所","address":"新北市三峽區大同路98－2號1樓"}},{"type":"Feature","geometry":{"type":"Point","coordinates":[121.370812,24.936251]},"properties":{"name":"彭耳鼻喉科診所","type":"診所","address":"新北市三峽區文化路132號"}},{"type":"Feature","geometry":{"type":"Point","coordinates":[121.373344,24.930883]},"properties":{"name":"永澄診所","type":"診所","address":"新北市三峽區光明路20號1樓"}},{"type":"Feature","geometry":{"type":"Point","coordinates":[121.373968,24.932173]},"properties":{"name":"詹小兒科診所","type":"診所","address":"新北市三峽區中華路13－6號1樓"}},{"type":"Feature","geometry":{"type":"Point","coordinates":[121.371841,24.936261]},"properties":{"name":"錦霖診所","type":"診所","address":"新北市三峽區文化路86號"}},{"type":"Feature","geometry":{"type":"Point","coordinates":[121.364827,24.938814]},"properties":{"name":"趙敏政耳鼻喉科診所","type":"診所","address":"新北市三峽區復興路93、95號1樓"}},{"type":"Feature","geometry":{"type":"Point","coordinates":[121.395395,24.93632]},"properties":{"name":"詠康診所","type":"診所","address":"新北市三峽區介壽路1段159號"}},{"type":"Feature","geometry":{"type":"Point","coordinates":[121.374902,24.935855]},"properties":{"name":"一盧診所","type":"診所","address":"新北市三峽區民生街79號1樓"}},{"type":"Feature","geometry":{"type":"Point","coordinates":[121.396373,24.93581]},"properties":{"name":"慶霖診所","type":"診所","address":"新北市三峽區溪北里橫溪路25號"}},{"type":"Feature","geometry":{"type":"Point","coordinates":[121.375493,24.936539]},"properties":{"name":"新安診所","type":"診所","address":"新北市三峽區民生街36號"}},{"type":"Feature","geometry":{"type":"Point","coordinates":[121.373445,24.93647]},"properties":{"name":"建民診所","type":"診所","address":"新北市三峽區復興路33號"}},{"type":"Feature","geometry":{"type":"Point","coordinates":[121.371736,24.936263]},"properties":{"name":"名家皮膚科診所","type":"診所","address":"新北市三峽區文化路90號1樓、2樓"}},{"type":"Feature","geometry":{"type":"Point","coordinates":[121.372278,24.935912]},"properties":{"name":"慧安診所","type":"診所","address":"新北市三峽區文化路59號9樓－2"}},{"type":"Feature","geometry":{"type":"Point","coordinates":[121.368379,24.936102]},"properties":{"name":"甲東眼科診所","type":"診所","address":"新北市三峽區文化路212號"}},{"type":"Feature","geometry":{"type":"Point","coordinates":[121.37418,24.932653]},"properties":{"name":"謝明福復健科診所","type":"診所","address":"新北市三峽區中華路22號2樓"}},{"type":"Feature","geometry":{"type":"Point","coordinates":[121.366781,24.935838]},"properties":{"name":"如原診所","type":"診所","address":"新北市三峽區文化路264－1號1樓"}},{"type":"Feature","geometry":{"type":"Point","coordinates":[121.375116,24.935966]},"properties":{"name":"冠昕診所","type":"診所","address":"新北市三峽區民生街69號1樓"}},{"type":"Feature","geometry":{"type":"Point","coordinates":[121.364056,24.936569]},"properties":{"name":"佳佑診所","type":"診所","address":"新北市三峽區中山路169巷2號2樓、4樓"}},{"type":"Feature","geometry":{"type":"Point","coordinates":[121.374534,24.947706]},"properties":{"name":"晴美眼科診所","type":"診所","address":"新北市三峽區大德路266號1樓（含夾層）"}},{"type":"Feature","geometry":{"type":"Point","coordinates":[121.373748,24.932638]},"properties":{"name":"王湘琦身心診所","type":"診所","address":"新北市三峽區中華路28巷8號1樓"}},{"type":"Feature","geometry":{"type":"Point","coordinates":[121.372278,24.935912]},"properties":{"name":"安旭診所","type":"診所","address":"新北市三峽區文化路59號8樓之1"}},{"type":"Feature","geometry":{"type":"Point","coordinates":[121.37702,24.944968]},"properties":{"name":"悅兒診所","type":"診所","address":"新北市三峽區學成路329之1號1樓"}},{"type":"Feature","geometry":{"type":"Point","coordinates":[121.374213,24.935904]},"properties":{"name":"三峽大學眼科診所","type":"診所","address":"新北市三峽區復興路7號1樓、5號2樓"}},{"type":"Feature","geometry":{"type":"Point","coordinates":[121.373071,24.935854]},"properties":{"name":"博智診所","type":"診所","address":"新北市三峽區文化路23號1樓"}},{"type":"Feature","geometry":{"type":"Point","coordinates":[121.372636,24.937823]},"properties":{"name":"敏家診所","type":"診所","address":"新北市三峽區復興路108號1、2樓、106號2樓"}},{"type":"Feature","geometry":{"type":"Point","coordinates":[121.378844,24.943626]},"properties":{"name":"聯鴻骨科診所","type":"診所","address":"新北市三峽區大義路5號1、2樓，7號1、2樓"}},{"type":"Feature","geometry":{"type":"Point","coordinates":[121.373968,24.932173]},"properties":{"name":"三禾診所","type":"診所","address":"新北市三峽區中華路13之5號4樓"}},{"type":"Feature","geometry":{"type":"Point","coordinates":[121.375064,24.94369]},"properties":{"name":"杏宜診所","type":"診所","address":"新北市三峽區大學路102號1樓"}},{"type":"Feature","geometry":{"type":"Point","coordinates":[121.375892,24.941707]},"properties":{"name":"北大小兒科診所","type":"診所","address":"新北市三峽區大學路87號1樓"}},{"type":"Feature","geometry":{"type":"Point","coordinates":[121.369899,24.93591]},"properties":{"name":"文化耳鼻喉科診所","type":"診所","address":"新北市三峽區文化路127號1樓"}},{"type":"Feature","geometry":{"type":"Point","coordinates":[121.374561,24.94309]},"properties":{"name":"星龍耳鼻喉科診所","type":"診所","address":"新北市三峽區國際一街5號1樓"}},{"type":"Feature","geometry":{"type":"Point","coordinates":[121.373637,24.94867]},"properties":{"name":"新禾診所","type":"診所","address":"新北市三峽區學成路235號1樓"}},{"type":"Feature","geometry":{"type":"Point","coordinates":[121.372762,24.946502]},"properties":{"name":"蕭皓天皮膚專科診所","type":"診所","address":"新北市三峽區大學路186號1、2樓"}},{"type":"Feature","geometry":{"type":"Point","coordinates":[121.367197,24.927532]},"properties":{"name":"中園診所","type":"診所","address":"新北市三峽區弘園街37號1樓"}},{"type":"Feature","geometry":{"type":"Point","coordinates":[121.395395,24.93632]},"properties":{"name":"清福診所","type":"診所","address":"新北市三峽區介壽路1段280號1樓"}},{"type":"Feature","geometry":{"type":"Point","coordinates":[121.369899,24.93591]},"properties":{"name":"泓廷耳鼻喉科診所","type":"診所","address":"新北市三峽區文化路127號1樓"}},{"type":"Feature","geometry":{"type":"Point","coordinates":[121.37587,24.944524]},"properties":{"name":"蘋果樹北大內科診所","type":"診所","address":"新北市三峽區大德路127號1樓、2樓"}},{"type":"Feature","geometry":{"type":"Point","coordinates":[121.374353,24.932758]},"properties":{"name":"錦禾診所","type":"診所","address":"新北市三峽區中華路20號2樓之1"}},{"type":"Feature","geometry":{"type":"Point","coordinates":[121.370233,24.934735]},"properties":{"name":"安膚診所","type":"診所","address":"新北市三峽區民權街8號1樓"}},{"type":"Feature","geometry":{"type":"Point","coordinates":[121.374093,24.945364]},"properties":{"name":"慈佑診所","type":"診所","address":"新北市三峽區學勤路16號1樓"}},{"type":"Feature","geometry":{"type":"Point","coordinates":[121.395395,24.93632]},"properties":{"name":"祥福診所","type":"診所","address":"新北市三峽區介壽路1段267號1樓"}},{"type":"Feature","geometry":{"type":"Point","coordinates":[121.369899,24.93591]},"properties":{"name":"欣群耳鼻喉科診所","type":"診所","address":"新北市三峽區文化路127號1樓"}},{"type":"Feature","geometry":{"type":"Point","coordinates":[121.37587,24.944524]},"properties":{"name":"蘋果樹北大診所","type":"診所","address":"新北市三峽區大德路127號1樓、2樓"}},{"type":"Feature","geometry":{"type":"Point","coordinates":[121.444154,25.169675]},"properties":{"name":"黃秋陽診所","type":"診所","address":"新北市淡水區中山路7號"}},{"type":"Feature","geometry":{"type":"Point","coordinates":[121.444812,25.169416]},"properties":{"name":"林得時婦產科診所","type":"診所","address":"新北市淡水區中山路14號"}},{"type":"Feature","geometry":{"type":"Point","coordinates":[121.444072,25.169877]},"properties":{"name":"許景新耳鼻喉科診所","type":"診所","address":"新北市淡水區中山路17號"}},{"type":"Feature","geometry":{"type":"Point","coordinates":[121.446509,25.168134]},"properties":{"name":"李文旭內科診所","type":"診所","address":"新北市淡水區中正東路45－1號"}},{"type":"Feature","geometry":{"type":"Point","coordinates":[121.441026,25.174435]},"properties":{"name":"陳世芳診所","type":"診所","address":"新北市淡水區重建街198號"}},{"type":"Feature","geometry":{"type":"Point","coordinates":[121.443283,25.1704]},"properties":{"name":"劉政耳鼻喉科診所","type":"診所","address":"新北市淡水區中山路53號1樓"}},{"type":"Feature","geometry":{"type":"Point","coordinates":[121.460749,25.136603]},"properties":{"name":"新光家醫科診所","type":"診所","address":"新北市淡水區民族路12號2樓"}},{"type":"Feature","geometry":{"type":"Point","coordinates":[121.44776,25.168933]},"properties":{"name":"淳仁聯合診所","type":"診所","address":"新北市淡水區學府路35號"}},{"type":"Feature","geometry":{"type":"Point","coordinates":[121.527766,25.097966]},"properties":{"name":"滙眾內科診所","type":"診所","address":"新北市淡水區中山北路1段101號"}},{"type":"Feature","geometry":{"type":"Point","coordinates":[121.445709,25.17165]},"properties":{"name":"元明眼科診所","type":"診所","address":"新北市淡水區英專路85號"}},{"type":"Feature","geometry":{"type":"Point","coordinates":[121.446601,25.168085]},"properties":{"name":"永光眼科診所","type":"診所","address":"新北市淡水區中正東路47－1號1、2、3樓"}},{"type":"Feature","geometry":{"type":"Point","coordinates":[121.450658,25.179598]},"properties":{"name":"劉小冰兒科診所","type":"診所","address":"新北市淡水區北新路175號"}},{"type":"Feature","geometry":{"type":"Point","coordinates":[121.447583,25.16807]},"properties":{"name":"李兆然家醫科診所","type":"診所","address":"新北市淡水區學府路18號"}},{"type":"Feature","geometry":{"type":"Point","coordinates":[121.461643,25.135828]},"properties":{"name":"鴻恩診所","type":"診所","address":"新北市淡水區民族路50巷1號"}},{"type":"Feature","geometry":{"type":"Point","coordinates":[121.440754,25.173359]},"properties":{"name":"博安診所","type":"診所","address":"新北市淡水區中山路159－7、8號地下一樓"}},{"type":"Feature","geometry":{"type":"Point","coordinates":[121.450253,25.179538]},"properties":{"name":"華生家醫科皮膚科聯合診所","type":"診所","address":"新北市淡水區北新路169巷4號1樓"}},{"type":"Feature","geometry":{"type":"Point","coordinates":[121.447685,25.177559]},"properties":{"name":"大忠耳鼻喉科診所","type":"診所","address":"新北市淡水區大忠街113巷31號1樓"}},{"type":"Feature","geometry":{"type":"Point","coordinates":[121.441146,25.174143]},"properties":{"name":"順生婦產科診所","type":"診所","address":"新北市淡水區中山路179號1樓"}},{"type":"Feature","geometry":{"type":"Point","coordinates":[121.447123,25.168551]},"properties":{"name":"能安診所","type":"診所","address":"新北市淡水區博愛街68號1樓"}},{"type":"Feature","geometry":{"type":"Point","coordinates":[121.461212,25.136657]},"properties":{"name":"祐銘耳鼻喉科診所","type":"診所","address":"新北市淡水區民族路31號1、2樓"}},{"type":"Feature","geometry":{"type":"Point","coordinates":[121.447544,25.177577]},"properties":{"name":"睛采眼科診所","type":"診所","address":"新北市淡水區大忠街113巷29號"}},{"type":"Feature","geometry":{"type":"Point","coordinates":[121.445878,25.171748]},"properties":{"name":"英專耳鼻喉科皮膚科診所","type":"診所","address":"新北市淡水區英專路96號"}},{"type":"Feature","geometry":{"type":"Point","coordinates":[121.445526,25.178073]},"properties":{"name":"梁衛賓診所","type":"診所","address":"新北市淡水區北新路43號1樓"}},{"type":"Feature","geometry":{"type":"Point","coordinates":[121.442869,25.181307]},"properties":{"name":"黃麟偉診所","type":"診所","address":"新北市淡水區新春街163號"}},{"type":"Feature","geometry":{"type":"Point","coordinates":[121.447857,25.177315]},"properties":{"name":"水碓瑞安診所","type":"診所","address":"新北市淡水區北新路182巷61號"}},{"type":"Feature","geometry":{"type":"Point","coordinates":[121.527766,25.097966]},"properties":{"name":"彩虹眼科診所","type":"診所","address":"新北市淡水區中山北路1段89號"}},{"type":"Feature","geometry":{"type":"Point","coordinates":[121.445062,25.168781]},"properties":{"name":"怡安診所","type":"診所","address":"新北市淡水區中正東路1段57、59號1、2樓"}},{"type":"Feature","geometry":{"type":"Point","coordinates":[121.461212,25.136657]},"properties":{"name":"祐銘眼科診所","type":"診所","address":"新北市淡水區民族路31號1、2樓"}},{"type":"Feature","geometry":{"type":"Point","coordinates":[121.423694,25.182971]},"properties":{"name":"淡海診所","type":"診所","address":"新北市淡水區沙崙路158－1號1樓"}},{"type":"Feature","geometry":{"type":"Point","coordinates":[121.443432,25.17809]},"properties":{"name":"恩友診所","type":"診所","address":"新北市淡水區大義街5號1樓"}},{"type":"Feature","geometry":{"type":"Point","coordinates":[121.444964,25.183145]},"properties":{"name":"卓訓德診所","type":"診所","address":"新北市淡水區新市一路3段36號"}},{"type":"Feature","geometry":{"type":"Point","coordinates":[121.527766,25.097966]},"properties":{"name":"文川耳鼻喉科診所","type":"診所","address":"新北市淡水區中山北路1段91號1樓"}},{"type":"Feature","geometry":{"type":"Point","coordinates":[121.446861,25.167954]},"properties":{"name":"康如診所","type":"診所","address":"新北市淡水區中正東路53之8號1樓、53之9號2樓"}},{"type":"Feature","geometry":{"type":"Point","coordinates":[121.527766,25.097966]},"properties":{"name":"榮芳骨科診所","type":"診所","address":"新北市淡水區中山北路1段149巷22號及24號1樓"}},{"type":"Feature","geometry":{"type":"Point","coordinates":[121.451322,25.179332]},"properties":{"name":"陳灼彭身心醫診所","type":"診所","address":"新北市淡水區北新路192號－1"}},{"type":"Feature","geometry":{"type":"Point","coordinates":[121.528371,25.087222]},"properties":{"name":"頂好耳鼻喉科診所","type":"診所","address":"新北市淡水區中山北路2段184號、186號"}},{"type":"Feature","geometry":{"type":"Point","coordinates":[121.448216,25.168781]},"properties":{"name":"實康復健科診所","type":"診所","address":"新北市淡水區學府路36號2樓"}},{"type":"Feature","geometry":{"type":"Point","coordinates":[121.445062,25.168781]},"properties":{"name":"匯康內科診所","type":"診所","address":"新北市淡水區中正東路2段121號2樓、2樓之2、2樓之1"}},{"type":"Feature","geometry":{"type":"Point","coordinates":[121.527766,25.097966]},"properties":{"name":"陳正熙診所","type":"診所","address":"新北市淡水區中山北路1段87號1、2、3樓"}},{"type":"Feature","geometry":{"type":"Point","coordinates":[121.441837,25.170731]},"properties":{"name":"菲絲美診所","type":"診所","address":"新北市淡水區中山路107號1、2、3樓"}},{"type":"Feature","geometry":{"type":"Point","coordinates":[121.447228,25.168732]},"properties":{"name":"呂仁金皮膚科診所","type":"診所","address":"新北市淡水區學府路51巷1弄26號1樓"}},{"type":"Feature","geometry":{"type":"Point","coordinates":[121.460376,25.138164]},"properties":{"name":"旭安診所","type":"診所","address":"新北市淡水區民生路52巷2弄6號1樓"}},{"type":"Feature","geometry":{"type":"Point","coordinates":[121.444964,25.183145]},"properties":{"name":"宜禾診所","type":"診所","address":"新北市淡水區新市一路3段105號1樓"}},{"type":"Feature","geometry":{"type":"Point","coordinates":[121.445742,25.171956]},"properties":{"name":"心悅身心診所","type":"診所","address":"新北市淡水區英專路99號"}},{"type":"Feature","geometry":{"type":"Point","coordinates":[121.443868,25.18895]},"properties":{"name":"沐恩診所","type":"診所","address":"新北市淡水區濱海路1段143號1樓"}},{"type":"Feature","geometry":{"type":"Point","coordinates":[121.459993,25.138939]},"properties":{"name":"喜聖診所","type":"診所","address":"新北市淡水區民權路59號1樓，53號2樓，55號2樓"}},{"type":"Feature","geometry":{"type":"Point","coordinates":[121.429071,25.200287]},"properties":{"name":"加惠診所","type":"診所","address":"新北市淡水區新市五路3段378號1樓"}},{"type":"Feature","geometry":{"type":"Point","coordinates":[121.445554,25.168232]},"properties":{"name":"怡和診所","type":"診所","address":"新北市淡水區中正路1段130之8號（1－2層）"}},{"type":"Feature","geometry":{"type":"Point","coordinates":[121.457343,25.160149]},"properties":{"name":"禾原內科診所","type":"診所","address":"新北市淡水區淡金路1段551號（1－2層）"}},{"type":"Feature","geometry":{"type":"Point","coordinates":[121.441311,25.171249]},"properties":{"name":"公祥診所","type":"診所","address":"新北市淡水區中山路38、38－1、38－2、38－3、40號"}},{"type":"Feature","geometry":{"type":"Point","coordinates":[121.44472,25.169762]},"properties":{"name":"慧腎診所","type":"診所","address":"新北市淡水區英專路21巷25號1至4樓及27號1至4樓"}},{"type":"Feature","geometry":{"type":"Point","coordinates":[121.649157,25.079848]},"properties":{"name":"楊內科小兒科診所","type":"診所","address":"新北市汐止區汐萬路1段25號"}},{"type":"Feature","geometry":{"type":"Point","coordinates":[121.656627,25.068317]},"properties":{"name":"民生診所","type":"診所","address":"新北市汐止區中正路294號"}},{"type":"Feature","geometry":{"type":"Point","coordinates":[121.632368,25.064573]},"properties":{"name":"佑昌內科診所","type":"診所","address":"新北市汐止區中興路95號"}},{"type":"Feature","geometry":{"type":"Point","coordinates":[121.621075,25.054734]},"properties":{"name":"佑安診所","type":"診所","address":"新北市汐止區大同路2段370號1樓"}},{"type":"Feature","geometry":{"type":"Point","coordinates":[121.642169,25.064313]},"properties":{"name":"黃玟珍診所","type":"診所","address":"新北市汐止區樟樹一路122號"}},{"type":"Feature","geometry":{"type":"Point","coordinates":[121.630459,25.065162]},"properties":{"name":"弘人小兒科診所","type":"診所","address":"新北市汐止區福德二路152號1樓"}},{"type":"Feature","geometry":{"type":"Point","coordinates":[121.621075,25.054734]},"properties":{"name":"高登眼科診所","type":"診所","address":"新北市汐止區大同路2段282號2樓"}},{"type":"Feature","geometry":{"type":"Point","coordinates":[121.665565,25.070996]},"properties":{"name":"宏彬診所","type":"診所","address":"新北市汐止區茄苳路37號1樓"}},{"type":"Feature","geometry":{"type":"Point","coordinates":[121.660132,25.064865]},"properties":{"name":"蘇右任耳鼻喉科診所","type":"診所","address":"新北市汐止區新台五路2段10號"}},{"type":"Feature","geometry":{"type":"Point","coordinates":[121.642049,25.065161]},"properties":{"name":"戴政傑診所","type":"診所","address":"新北市汐止區樟樹一路133巷1號"}},{"type":"Feature","geometry":{"type":"Point","coordinates":[121.659793,25.064442]},"properties":{"name":"汐止長青診所","type":"診所","address":"新北市汐止區秀峰路68號1樓"}},{"type":"Feature","geometry":{"type":"Point","coordinates":[121.662062,25.066445]},"properties":{"name":"吳宗憲診所","type":"診所","address":"新北市汐止區忠孝東路210號"}},{"type":"Feature","geometry":{"type":"Point","coordinates":[121.662768,25.067159]},"properties":{"name":"羅小兒科診所","type":"診所","address":"新北市汐止區忠孝東路244號1樓"}},{"type":"Feature","geometry":{"type":"Point","coordinates":[121.630682,25.071157]},"properties":{"name":"元泰診所","type":"診所","address":"新北市汐止區明峰街108號1樓"}},{"type":"Feature","geometry":{"type":"Point","coordinates":[121.665445,25.070252]},"properties":{"name":"李懷德小兒科診所","type":"診所","address":"新北市汐止區忠孝東路343號"}},{"type":"Feature","geometry":{"type":"Point","coordinates":[121.632229,25.070241]},"properties":{"name":"湖前診所","type":"診所","address":"新北市汐止區湖前街60號－3"}},{"type":"Feature","geometry":{"type":"Point","coordinates":[121.632009,25.06985]},"properties":{"name":"洪皮膚科診所","type":"診所","address":"新北市汐止區湖前街41號"}},{"type":"Feature","geometry":{"type":"Point","coordinates":[121.656395,25.065098]},"properties":{"name":"東暉診所","type":"診所","address":"新北市汐止區新興路3號8樓"}},{"type":"Feature","geometry":{"type":"Point","coordinates":[121.630762,25.070416]},"properties":{"name":"佳祥診所","type":"診所","address":"新北市汐止區民族三街7號1樓"}},{"type":"Feature","geometry":{"type":"Point","coordinates":[121.630778,25.066725]},"properties":{"name":"彭耳鼻喉專科診所","type":"診所","address":"新北市汐止區中興路226號"}},{"type":"Feature","geometry":{"type":"Point","coordinates":[121.633831,25.06469]},"properties":{"name":"蘇小兒科診所","type":"診所","address":"新北市汐止區福德一路245號"}},{"type":"Feature","geometry":{"type":"Point","coordinates":[121.621075,25.054734]},"properties":{"name":"吳婦產科診所","type":"診所","address":"新北市汐止區大同路2段171號1樓"}},{"type":"Feature","geometry":{"type":"Point","coordinates":[121.663996,25.068405]},"properties":{"name":"許至仁診所","type":"診所","address":"新北市汐止區忠孝東路290號"}},{"type":"Feature","geometry":{"type":"Point","coordinates":[121.654725,25.060819]},"properties":{"name":"青山診所","type":"診所","address":"新北市汐止區莊敬街129號1樓"}},{"type":"Feature","geometry":{"type":"Point","coordinates":[121.621075,25.054734]},"properties":{"name":"洪耳鼻喉科診所","type":"診所","address":"新北市汐止區大同路2段332號1樓"}},{"type":"Feature","geometry":{"type":"Point","coordinates":[121.663073,25.070191]},"properties":{"name":"朝芳診所","type":"診所","address":"新北市汐止區中正路8號"}},{"type":"Feature","geometry":{"type":"Point","coordinates":[121.629674,25.070602]},"properties":{"name":"雙雙小兒科診所","type":"診所","address":"新北市汐止區明峰街143號"}},{"type":"Feature","geometry":{"type":"Point","coordinates":[121.630703,25.065055]},"properties":{"name":"福德診所","type":"診所","address":"新北市汐止區中興里福德二路171號"}},{"type":"Feature","geometry":{"type":"Point","coordinates":[121.63477,25.062212]},"properties":{"name":"世康診所","type":"診所","address":"新北市汐止區中興路86號3樓"}},{"type":"Feature","geometry":{"type":"Point","coordinates":[121.663501,25.072377]},"properties":{"name":"祥和診所","type":"診所","address":"新北市汐止區建成路37巷13號"}},{"type":"Feature","geometry":{"type":"Point","coordinates":[121.621075,25.054734]},"properties":{"name":"大同耳鼻喉科診所","type":"診所","address":"新北市汐止區大同路2段300號1樓及298號2樓之1"}},{"type":"Feature","geometry":{"type":"Point","coordinates":[121.663574,25.064242]},"properties":{"name":"人禾小兒科診所","type":"診所","address":"新北市汐止區仁愛路140號1樓"}},{"type":"Feature","geometry":{"type":"Point","coordinates":[121.642232,25.06487]},"properties":{"name":"洪振凱診所","type":"診所","address":"新北市汐止區樟樹一路136號"}},{"type":"Feature","geometry":{"type":"Point","coordinates":[121.656717,25.063874]},"properties":{"name":"新和診所","type":"診所","address":"新北市汐止區新興路36號1樓"}},{"type":"Feature","geometry":{"type":"Point","coordinates":[121.62933,25.06773]},"properties":{"name":"康寧耳鼻喉科診所","type":"診所","address":"新北市汐止區康寧街386號1樓"}},{"type":"Feature","geometry":{"type":"Point","coordinates":[121.661846,25.065964]},"properties":{"name":"謝宏杰身心精神科診所","type":"診所","address":"新北市汐止區新台五路1段232號1樓"}},{"type":"Feature","geometry":{"type":"Point","coordinates":[121.662131,25.066514]},"properties":{"name":"許哲豪皮膚科診所","type":"診所","address":"新北市汐止區忠孝東路214號1樓"}},{"type":"Feature","geometry":{"type":"Point","coordinates":[121.664948,25.072817]},"properties":{"name":"顏志瑋診所","type":"診所","address":"新北市汐止區建成路18號1樓"}},{"type":"Feature","geometry":{"type":"Point","coordinates":[121.664326,25.065472]},"properties":{"name":"三益診所","type":"診所","address":"新北市汐止區仁愛路187號1樓"}},{"type":"Feature","geometry":{"type":"Point","coordinates":[121.637514,25.067684]},"properties":{"name":"德祐小兒科診所","type":"診所","address":"新北市汐止區福德一路117之1號1樓"}},{"type":"Feature","geometry":{"type":"Point","coordinates":[121.664704,25.069394]},"properties":{"name":"鴻海診所","type":"診所","address":"新北市汐止區忠孝東路317號1樓"}},{"type":"Feature","geometry":{"type":"Point","coordinates":[121.661846,25.065964]},"properties":{"name":"新台安診所","type":"診所","address":"新北市汐止區新台五路1段178號1樓"}},{"type":"Feature","geometry":{"type":"Point","coordinates":[121.621075,25.054734]},"properties":{"name":"荃盛復健科診所","type":"診所","address":"新北市汐止區大同路2段312巷7號1樓"}},{"type":"Feature","geometry":{"type":"Point","coordinates":[121.653881,25.063184]},"properties":{"name":"美連心診所","type":"診所","address":"新北市汐止區連興街60號1樓"}},{"type":"Feature","geometry":{"type":"Point","coordinates":[121.628639,25.064559]},"properties":{"name":"馨生婦產科小兒科診所","type":"診所","address":"新北市汐止區福德二路215號1樓、215之1號1樓"}},{"type":"Feature","geometry":{"type":"Point","coordinates":[121.628639,25.064559]},"properties":{"name":"馨悅婦產科診所","type":"診所","address":"新北市汐止區福德二路215號12樓、215號之一12樓"}},{"type":"Feature","geometry":{"type":"Point","coordinates":[121.621075,25.054734]},"properties":{"name":"合康診所","type":"診所","address":"新北市汐止區大同路2段512號1樓"}},{"type":"Feature","geometry":{"type":"Point","coordinates":[121.62939,25.067741]},"properties":{"name":"佳林皮膚科診所","type":"診所","address":"新北市汐止區康寧街388號1樓"}},{"type":"Feature","geometry":{"type":"Point","coordinates":[121.633838,25.067071]},"properties":{"name":"鐊明診所","type":"診所","address":"新北市汐止區福德二路58號1樓"}},{"type":"Feature","geometry":{"type":"Point","coordinates":[121.629294,25.068212]},"properties":{"name":"皓明眼科診所","type":"診所","address":"新北市汐止區中興路199號1樓"}},{"type":"Feature","geometry":{"type":"Point","coordinates":[121.662747,25.067414]},"properties":{"name":"晶華眼科診所","type":"診所","address":"新北市汐止區忠孝東路241號1樓及3樓"}},{"type":"Feature","geometry":{"type":"Point","coordinates":[121.665726,25.070959]},"properties":{"name":"茂昌眼科診所","type":"診所","address":"新北市汐止區忠孝東路399號2樓"}},{"type":"Feature","geometry":{"type":"Point","coordinates":[121.662813,25.068326]},"properties":{"name":"體生診所","type":"診所","address":"新北市汐止區新昌路64、66號1樓"}},{"type":"Feature","geometry":{"type":"Point","coordinates":[121.654899,25.063575]},"properties":{"name":"杏萱婦產科診所","type":"診所","address":"新北市汐止區連興街32號1樓"}},{"type":"Feature","geometry":{"type":"Point","coordinates":[121.631384,25.066036]},"properties":{"name":"中欣診所","type":"診所","address":"新北市汐止區中興路202號1樓"}},{"type":"Feature","geometry":{"type":"Point","coordinates":[121.656395,25.065098]},"properties":{"name":"東辰診所","type":"診所","address":"新北市汐止區新興路3號6樓"}},{"type":"Feature","geometry":{"type":"Point","coordinates":[121.65628,25.066994]},"properties":{"name":"宏欣診所","type":"診所","address":"新北市汐止區大同路2段221號1樓"}},{"type":"Feature","geometry":{"type":"Point","coordinates":[121.659651,25.063376]},"properties":{"name":"蘇怡菁家醫科診所","type":"診所","address":"新北市汐止區仁愛路43號1樓"}},{"type":"Feature","geometry":{"type":"Point","coordinates":[121.63027,25.066744]},"properties":{"name":"巴黎國際長春診所","type":"診所","address":"新北市汐止區中興路181之1號1樓、2樓、181之2號2樓"}},{"type":"Feature","geometry":{"type":"Point","coordinates":[121.621075,25.054734]},"properties":{"name":"田安診所","type":"診所","address":"新北市汐止區大同路2段171號3樓、173號3樓"}},{"type":"Feature","geometry":{"type":"Point","coordinates":[121.629,25.067662]},"properties":{"name":"恆御復健科診所","type":"診所","address":"新北市汐止區康寧街374號、376號1樓"}},{"type":"Feature","geometry":{"type":"Point","coordinates":[121.662662,25.068083]},"properties":{"name":"汐止陳診所","type":"診所","address":"新北市汐止區新昌路52號1樓"}},{"type":"Feature","geometry":{"type":"Point","coordinates":[121.632492,25.064419]},"properties":{"name":"健欣骨科診所","type":"診所","address":"新北市汐止區中興路91號1樓、2樓"}},{"type":"Feature","geometry":{"type":"Point","coordinates":[121.662328,25.070246]},"properties":{"name":"育和診所","type":"診所","address":"新北市汐止區中正路31號1、2樓"}},{"type":"Feature","geometry":{"type":"Point","coordinates":[121.665868,25.071803]},"properties":{"name":"得美皮膚專科診所","type":"診所","address":"新北市汐止區忠孝東路427號1樓"}},{"type":"Feature","geometry":{"type":"Point","coordinates":[121.630242,25.067926]},"properties":{"name":"祐一復健科診所","type":"診所","address":"新北市汐止區康寧街410號1樓、2樓"}},{"type":"Feature","geometry":{"type":"Point","coordinates":[121.666007,25.072654]},"properties":{"name":"宏澤診所","type":"診所","address":"新北市汐止區忠孝東路459號1樓"}},{"type":"Feature","geometry":{"type":"Point","coordinates":[121.634369,25.06521]},"properties":{"name":"汐止有間診所","type":"診所","address":"新北市汐止區福德一路220號1樓"}},{"type":"Feature","geometry":{"type":"Point","coordinates":[121.661846,25.065964]},"properties":{"name":"汐止力康復健科診所","type":"診所","address":"新北市汐止區新台五路1段93號3樓"}},{"type":"Feature","geometry":{"type":"Point","coordinates":[121.621075,25.054734]},"properties":{"name":"多麗診所","type":"診所","address":"新北市汐止區大同路2段233號1樓"}},{"type":"Feature","geometry":{"type":"Point","coordinates":[121.808897,25.107416]},"properties":{"name":"簡診所","type":"診所","address":"新北市瑞芳區明燈路3段39－3號1樓"}},{"type":"Feature","geometry":{"type":"Point","coordinates":[121.808897,25.107416]},"properties":{"name":"家康陳診所","type":"診所","address":"新北市瑞芳區明燈路3段36號"}},{"type":"Feature","geometry":{"type":"Point","coordinates":[121.808897,25.107416]},"properties":{"name":"詠安診所","type":"診所","address":"新北市瑞芳區明燈路3段79號1樓"}},{"type":"Feature","geometry":{"type":"Point","coordinates":[121.808897,25.107416]},"properties":{"name":"安星診所","type":"診所","address":"新北市瑞芳區明燈路3段37號"}},{"type":"Feature","geometry":{"type":"Point","coordinates":[121.808897,25.107416]},"properties":{"name":"瑞光眼科診所","type":"診所","address":"新北市瑞芳區明燈路3段96號"}},{"type":"Feature","geometry":{"type":"Point","coordinates":[121.808897,25.107416]},"properties":{"name":"瑞聯診所","type":"診所","address":"新北市瑞芳區明燈路3段13號1樓"}},{"type":"Feature","geometry":{"type":"Point","coordinates":[121.808897,25.107416]},"properties":{"name":"康橋診所","type":"診所","address":"新北市瑞芳區明燈路3段39－7號1樓"}},{"type":"Feature","geometry":{"type":"Point","coordinates":[121.808897,25.107416]},"properties":{"name":"健康１０１診所","type":"診所","address":"新北市瑞芳區明燈路3段9號1樓"}},{"type":"Feature","geometry":{"type":"Point","coordinates":[121.805542,25.107742]},"properties":{"name":"福康診所","type":"診所","address":"新北市瑞芳區中正路82號1樓"}},{"type":"Feature","geometry":{"type":"Point","coordinates":[121.761949,25.100729]},"properties":{"name":"偉文診所","type":"診所","address":"新北市瑞芳區大埔路130號1樓"}},{"type":"Feature","geometry":{"type":"Point","coordinates":[121.806806,25.107411]},"properties":{"name":"瑞誠診所","type":"診所","address":"新北市瑞芳區中正路42號1樓"}},{"type":"Feature","geometry":{"type":"Point","coordinates":[121.854478,25.110724]},"properties":{"name":"合安診所","type":"診所","address":"新北市瑞芳區大浦路106號1樓"}},{"type":"Feature","geometry":{"type":"Point","coordinates":[121.808896,25.10777]},"properties":{"name":"瑞豐診所","type":"診所","address":"新北市瑞芳區明燈路2段48號1樓、48之1號1樓"}},{"type":"Feature","geometry":{"type":"Point","coordinates":[121.807746,25.106658]},"properties":{"name":"晴安診所","type":"診所","address":"新北市瑞芳區民權街6巷1之1號1樓"}},{"type":"Feature","geometry":{"type":"Point","coordinates":[121.442308,24.975111]},"properties":{"name":"李外科診所","type":"診所","address":"新北市土城區中正路1號6樓"}},{"type":"Feature","geometry":{"type":"Point","coordinates":[121.464359,24.985777]},"properties":{"name":"秀偉小兒科診所","type":"診所","address":"新北市土城區金城路2段380號"}},{"type":"Feature","geometry":{"type":"Point","coordinates":[121.458952,24.981096]},"properties":{"name":"郭海昌診所","type":"診所","address":"新北市土城區青雲路224號"}},{"type":"Feature","geometry":{"type":"Point","coordinates":[121.443113,24.980863]},"properties":{"name":"余耳鼻喉科診所","type":"診所","address":"新北市土城區中央路1段245號"}},{"type":"Feature","geometry":{"type":"Point","coordinates":[121.443113,24.980863]},"properties":{"name":"賴家庭醫學科診所","type":"診所","address":"新北市土城區中央路1段169號1樓"}},{"type":"Feature","geometry":{"type":"Point","coordinates":[121.455409,24.991525]},"properties":{"name":"廣福診所","type":"診所","address":"新北市土城區廣興街31號"}},{"type":"Feature","geometry":{"type":"Point","coordinates":[121.443113,24.980863]},"properties":{"name":"曾明禮皮膚科診所","type":"診所","address":"新北市土城區中央路1段61號1、2樓及63號1、2樓"}},{"type":"Feature","geometry":{"type":"Point","coordinates":[121.44837,24.988361]},"properties":{"name":"三安診所","type":"診所","address":"新北市土城區裕民路37號1樓"}},{"type":"Feature","geometry":{"type":"Point","coordinates":[121.442094,24.974718]},"properties":{"name":"曾惠坤診所","type":"診所","address":"新北市土城區光明街7號2樓"}},{"type":"Feature","geometry":{"type":"Point","coordinates":[121.442912,24.980906]},"properties":{"name":"土城診所","type":"診所","address":"新北市土城區中央路2段177巷22號1樓"}},{"type":"Feature","geometry":{"type":"Point","coordinates":[121.443113,24.980863]},"properties":{"name":"維安小兒科診所","type":"診所","address":"新北市土城區中央路1段67－2號"}},{"type":"Feature","geometry":{"type":"Point","coordinates":[121.464836,24.985918]},"properties":{"name":"延吉診所","type":"診所","address":"新北市土城區明德路1段24號"}},{"type":"Feature","geometry":{"type":"Point","coordinates":[121.442912,24.980906]},"properties":{"name":"李楫航小兒科診所","type":"診所","address":"新北市土城區中央路2段149巷8之1號1樓"}},{"type":"Feature","geometry":{"type":"Point","coordinates":[121.449518,24.982162]},"properties":{"name":"學府周耳鼻喉科診所","type":"診所","address":"新北市土城區學府路1段117號1樓、2樓"}},{"type":"Feature","geometry":{"type":"Point","coordinates":[121.469624,24.990113]},"properties":{"name":"延平診所","type":"診所","address":"新北市土城區延和路205號"}},{"type":"Feature","geometry":{"type":"Point","coordinates":[121.442912,24.980906]},"properties":{"name":"亞泰診所","type":"診所","address":"新北市土城區中央路2段278巷16號"}},{"type":"Feature","geometry":{"type":"Point","coordinates":[121.442912,24.980906]},"properties":{"name":"煌昌診所","type":"診所","address":"新北市土城區中央路2段119－1號"}},{"type":"Feature","geometry":{"type":"Point","coordinates":[121.46437,24.986237]},"properties":{"name":"蔡永福小兒科診所","type":"診所","address":"新北市土城區金城路3段176－1號1樓"}},{"type":"Feature","geometry":{"type":"Point","coordinates":[121.442912,24.980906]},"properties":{"name":"歐家庭醫學科診所","type":"診所","address":"新北市土城區中央路2段180巷15號1樓"}},{"type":"Feature","geometry":{"type":"Point","coordinates":[121.449518,24.982162]},"properties":{"name":"張國樑診所","type":"診所","address":"新北市土城區學府路1段72號1樓"}},{"type":"Feature","geometry":{"type":"Point","coordinates":[121.449518,24.982162]},"properties":{"name":"瞿眼科診所","type":"診所","address":"新北市土城區學府路1段73號"}},{"type":"Feature","geometry":{"type":"Point","coordinates":[121.462362,24.988032]},"properties":{"name":"張孝馨診所","type":"診所","address":"新北市土城區立德路37號"}},{"type":"Feature","geometry":{"type":"Point","coordinates":[121.449518,24.982162]},"properties":{"name":"廣全家庭醫學科診所","type":"診所","address":"新北市土城區學府路1段170號1樓"}},{"type":"Feature","geometry":{"type":"Point","coordinates":[121.443237,24.97532]},"properties":{"name":"家峰耳鼻喉科診所","type":"診所","address":"新北市土城區中正路15號1樓及夾層"}},{"type":"Feature","geometry":{"type":"Point","coordinates":[121.44769,24.988511]},"properties":{"name":"鍾眼科診所","type":"診所","address":"新北市土城區裕民路24號1樓"}},{"type":"Feature","geometry":{"type":"Point","coordinates":[121.443113,24.980863]},"properties":{"name":"維康診所","type":"診所","address":"新北市土城區中央路1段224號1樓"}},{"type":"Feature","geometry":{"type":"Point","coordinates":[121.449789,24.987274]},"properties":{"name":"嘉恩耳鼻喉科診所","type":"診所","address":"新北市土城區裕民路76號"}},{"type":"Feature","geometry":{"type":"Point","coordinates":[121.464836,24.985918]},"properties":{"name":"郭舒民診所","type":"診所","address":"新北市土城區明德路1段35號1樓"}},{"type":"Feature","geometry":{"type":"Point","coordinates":[121.443113,24.980863]},"properties":{"name":"王培玲診所","type":"診所","address":"新北市土城區中央路1段110號1樓"}},{"type":"Feature","geometry":{"type":"Point","coordinates":[121.46437,24.986237]},"properties":{"name":"城安耳鼻喉科診所","type":"診所","address":"新北市土城區金城路3段30號1樓"}},{"type":"Feature","geometry":{"type":"Point","coordinates":[121.538376,24.961888]},"properties":{"name":"泰康診所","type":"診所","address":"新北市土城區中央路2段238號"}},{"type":"Feature","geometry":{"type":"Point","coordinates":[121.449518,24.982162]},"properties":{"name":"安祥婦產科診所","type":"診所","address":"新北市土城區學府路1段59號1樓"}},{"type":"Feature","geometry":{"type":"Point","coordinates":[121.443011,24.980879]},"properties":{"name":"梁診所","type":"診所","address":"新北市土城區中央路4段75號1樓"}},{"type":"Feature","geometry":{"type":"Point","coordinates":[121.449518,24.982162]},"properties":{"name":"學府實和聯合診所","type":"診所","address":"新北市土城區學府路1段121號1，2樓"}},{"type":"Feature","geometry":{"type":"Point","coordinates":[121.464836,24.985918]},"properties":{"name":"莊京憲耳鼻喉科診所","type":"診所","address":"新北市土城區明德路1段2號1樓"}},{"type":"Feature","geometry":{"type":"Point","coordinates":[121.451778,24.986015]},"properties":{"name":"羅文亮小兒科診所","type":"診所","address":"新北市土城區裕民路144號1樓"}},{"type":"Feature","geometry":{"type":"Point","coordinates":[121.458042,24.981506]},"properties":{"name":"廣泉診所","type":"診所","address":"新北市土城區清水路114號6樓"}},{"type":"Feature","geometry":{"type":"Point","coordinates":[121.464656,24.985812]},"properties":{"name":"元福診所","type":"診所","address":"新北市土城區明德路2段62號4樓"}},{"type":"Feature","geometry":{"type":"Point","coordinates":[121.442912,24.980906]},"properties":{"name":"祐生耳鼻喉科診所","type":"診所","address":"新北市土城區中央路2段223之9號1樓"}},{"type":"Feature","geometry":{"type":"Point","coordinates":[121.449518,24.982162]},"properties":{"name":"宏陽耳鼻喉科診所","type":"診所","address":"新北市土城區學府路1段105號"}},{"type":"Feature","geometry":{"type":"Point","coordinates":[121.461158,24.982867]},"properties":{"name":"康合診所","type":"診所","address":"新北市土城區清水路233號"}},{"type":"Feature","geometry":{"type":"Point","coordinates":[121.449518,24.982162]},"properties":{"name":"吉康小兒科診所","type":"診所","address":"新北市土城區學府路1段188號1樓"}},{"type":"Feature","geometry":{"type":"Point","coordinates":[121.468764,24.990299]},"properties":{"name":"育昇診所","type":"診所","address":"新北市土城區延和路174號1樓"}},{"type":"Feature","geometry":{"type":"Point","coordinates":[121.469108,24.990392]},"properties":{"name":"新明診所","type":"診所","address":"新北市土城區延和路187號1樓"}},{"type":"Feature","geometry":{"type":"Point","coordinates":[121.464179,24.985619]},"properties":{"name":"吳俊穎眼科診所","type":"診所","address":"新北市土城區清水路336號"}},{"type":"Feature","geometry":{"type":"Point","coordinates":[121.467237,24.989817]},"properties":{"name":"洪正祝小兒科診所","type":"診所","address":"新北市土城區延和路112號1樓"}},{"type":"Feature","geometry":{"type":"Point","coordinates":[121.453629,24.983937]},"properties":{"name":"土城劉內科診所","type":"診所","address":"新北市土城區裕民路226號"}},{"type":"Feature","geometry":{"type":"Point","coordinates":[121.442912,24.980906]},"properties":{"name":"祐生眼科診所","type":"診所","address":"新北市土城區中央路2段223－9號1樓"}},{"type":"Feature","geometry":{"type":"Point","coordinates":[121.46437,24.986237]},"properties":{"name":"健兒診所","type":"診所","address":"新北市土城區金城路3段50號2樓"}},{"type":"Feature","geometry":{"type":"Point","coordinates":[121.442912,24.980906]},"properties":{"name":"元佳診所","type":"診所","address":"新北市土城區中央路2段253、255號3樓"}},{"type":"Feature","geometry":{"type":"Point","coordinates":[121.4501,24.987332]},"properties":{"name":"蔡侑儒皮膚科診所","type":"診所","address":"新北市土城區裕民路83號1、2樓"}},{"type":"Feature","geometry":{"type":"Point","coordinates":[121.449518,24.982162]},"properties":{"name":"土城學府皮膚科診所","type":"診所","address":"新北市土城區學府路1段29號1樓"}},{"type":"Feature","geometry":{"type":"Point","coordinates":[121.4501,24.987332]},"properties":{"name":"羅林小兒科診所","type":"診所","address":"新北市土城區裕民路83號1、2樓"}},{"type":"Feature","geometry":{"type":"Point","coordinates":[121.449687,24.987585]},"properties":{"name":"惟馨婦產科診所","type":"診所","address":"新北市土城區裕民路73號2樓"}},{"type":"Feature","geometry":{"type":"Point","coordinates":[121.442912,24.980906]},"properties":{"name":"健業診所","type":"診所","address":"新北市土城區中央路2段223之10號2、3樓"}},{"type":"Feature","geometry":{"type":"Point","coordinates":[121.443011,24.980879]},"properties":{"name":"誠安耳鼻喉科診所","type":"診所","address":"新北市土城區中央路4段38號1樓"}},{"type":"Feature","geometry":{"type":"Point","coordinates":[121.464359,24.985777]},"properties":{"name":"永佳婦產專科診所","type":"診所","address":"新北市土城區金城路2段248－2號2樓、250號1、2樓"}},{"type":"Feature","geometry":{"type":"Point","coordinates":[121.443011,24.980879]},"properties":{"name":"頂埔中心診所","type":"診所","address":"新北市土城區中央路4段286號1樓"}},{"type":"Feature","geometry":{"type":"Point","coordinates":[121.443113,24.980863]},"properties":{"name":"維誠小兒科診所","type":"診所","address":"新北市土城區中央路1段67－2號1樓"}},{"type":"Feature","geometry":{"type":"Point","coordinates":[121.442912,24.980906]},"properties":{"name":"城林小兒科診所","type":"診所","address":"新北市土城區中央路2段312號1樓"}},{"type":"Feature","geometry":{"type":"Point","coordinates":[121.467398,24.987373]},"properties":{"name":"謝志偉皮膚專科診所","type":"診所","address":"新北市土城區金城路三段164號1樓"}},{"type":"Feature","geometry":{"type":"Point","coordinates":[121.451446,24.986507]},"properties":{"name":"裕安診所","type":"診所","address":"新北市土城區裕民路131號1樓"}},{"type":"Feature","geometry":{"type":"Point","coordinates":[121.46437,24.986237]},"properties":{"name":"誠康耳鼻喉科診所","type":"診所","address":"新北市土城區金城路3段137號1樓"}},{"type":"Feature","geometry":{"type":"Point","coordinates":[121.466037,24.984365]},"properties":{"name":"民安復健科診所","type":"診所","address":"新北市土城區延吉街311號2樓"}},{"type":"Feature","geometry":{"type":"Point","coordinates":[121.449938,24.987183]},"properties":{"name":"永康身心診所","type":"診所","address":"新北市土城區裕民路82號1樓"}},{"type":"Feature","geometry":{"type":"Point","coordinates":[121.469675,24.985939]},"properties":{"name":"上吉診所","type":"診所","address":"新北市土城區延吉街122號1、2樓"}},{"type":"Feature","geometry":{"type":"Point","coordinates":[121.455238,24.993435]},"properties":{"name":"廣益診所","type":"診所","address":"新北市土城區廣明街56號1樓"}},{"type":"Feature","geometry":{"type":"Point","coordinates":[121.463026,24.987714]},"properties":{"name":"博盛耳鼻喉科診所","type":"診所","address":"新北市土城區立德路66、68號1樓"}},{"type":"Feature","geometry":{"type":"Point","coordinates":[121.455544,24.987643]},"properties":{"name":"仁祐骨科診所","type":"診所","address":"新北市土城區學府路一段116號1樓、2樓"}},{"type":"Feature","geometry":{"type":"Point","coordinates":[121.463026,24.987714]},"properties":{"name":"博聖診所","type":"診所","address":"新北市土城區立德路66、68號1樓"}},{"type":"Feature","geometry":{"type":"Point","coordinates":[121.448359,24.987798]},"properties":{"name":"裕立診所","type":"診所","address":"新北市土城區裕生路4號1樓"}},{"type":"Feature","geometry":{"type":"Point","coordinates":[121.463026,24.987714]},"properties":{"name":"博勝診所","type":"診所","address":"新北市土城區立德路66、68號1樓"}},{"type":"Feature","geometry":{"type":"Point","coordinates":[121.46437,24.986237]},"properties":{"name":"立吉診所","type":"診所","address":"新北市土城區金城路3段41號1樓、2樓"}},{"type":"Feature","geometry":{"type":"Point","coordinates":[121.442912,24.980906]},"properties":{"name":"人人診所","type":"診所","address":"新北市土城區中央路2段20之2號1、2樓"}},{"type":"Feature","geometry":{"type":"Point","coordinates":[121.46437,24.986237]},"properties":{"name":"穗城復健科診所","type":"診所","address":"新北市土城區金城路3段176號1樓、2樓、176－2號"}},{"type":"Feature","geometry":{"type":"Point","coordinates":[121.449518,24.982162]},"properties":{"name":"悠活精神科診所","type":"診所","address":"新北市土城區學府路1段158號1樓"}},{"type":"Feature","geometry":{"type":"Point","coordinates":[121.460605,24.979]},"properties":{"name":"仁康診所","type":"診所","address":"新北市土城區青仁路29號1樓"}},{"type":"Feature","geometry":{"type":"Point","coordinates":[121.442912,24.980906]},"properties":{"name":"建馨復健科診所","type":"診所","address":"新北市土城區中央路2段196號1樓、2樓"}},{"type":"Feature","geometry":{"type":"Point","coordinates":[121.464656,24.985812]},"properties":{"name":"光晶妍眼科診所","type":"診所","address":"新北市土城區明德路2段189號1樓"}},{"type":"Feature","geometry":{"type":"Point","coordinates":[121.464359,24.985777]},"properties":{"name":"傾心婦產科診所","type":"診所","address":"新北市土城區金城路2段259號1樓"}},{"type":"Feature","geometry":{"type":"Point","coordinates":[121.459082,24.982256]},"properties":{"name":"大昌診所","type":"診所","address":"新北市土城區青雲路184號1樓"}},{"type":"Feature","geometry":{"type":"Point","coordinates":[121.46437,24.986237]},"properties":{"name":"合康身心診所","type":"診所","address":"新北市土城區金城路3段17號1樓"}},{"type":"Feature","geometry":{"type":"Point","coordinates":[121.442912,24.980906]},"properties":{"name":"杏光骨科診所","type":"診所","address":"新北市土城區中央路2段107號1、2樓及109號1、2樓"}},{"type":"Feature","geometry":{"type":"Point","coordinates":[121.442912,24.980906]},"properties":{"name":"土城中央診所","type":"診所","address":"新北市土城區中央路2段219號1樓"}},{"type":"Feature","geometry":{"type":"Point","coordinates":[121.44223,24.973191]},"properties":{"name":"興城骨科診所","type":"診所","address":"新北市土城區光明街58號1樓及夾層"}},{"type":"Feature","geometry":{"type":"Point","coordinates":[121.442912,24.980906]},"properties":{"name":"涵恩婦產科診所","type":"診所","address":"新北市土城區中央路2段163號1樓"}},{"type":"Feature","geometry":{"type":"Point","coordinates":[121.467307,24.989877]},"properties":{"name":"祥恩診所","type":"診所","address":"新北市土城區延和路114號1樓"}},{"type":"Feature","geometry":{"type":"Point","coordinates":[121.442912,24.980906]},"properties":{"name":"立全診所","type":"診所","address":"新北市土城區中央路2段150號1、2樓"}},{"type":"Feature","geometry":{"type":"Point","coordinates":[121.45173,24.98605]},"properties":{"name":"上承診所","type":"診所","address":"新北市土城區裕民路142號1、2樓"}},{"type":"Feature","geometry":{"type":"Point","coordinates":[121.442912,24.980906]},"properties":{"name":"奕馨親子診所","type":"診所","address":"新北市土城區中央路2段61巷32號1樓"}},{"type":"Feature","geometry":{"type":"Point","coordinates":[121.454602,24.99358]},"properties":{"name":"瑞明診所","type":"診所","address":"新北市土城區廣明街63巷2弄1號1樓"}},{"type":"Feature","geometry":{"type":"Point","coordinates":[121.448071,24.988534]},"properties":{"name":"裕民至祥診所","type":"診所","address":"新北市土城區裕民路27號1樓及夾層"}},{"type":"Feature","geometry":{"type":"Point","coordinates":[121.470529,24.986199]},"properties":{"name":"青禾診所","type":"診所","address":"新北市土城區延吉街141號1、2、3樓"}},{"type":"Feature","geometry":{"type":"Point","coordinates":[121.459843,24.983651]},"properties":{"name":"名仁診所","type":"診所","address":"新北市土城區立雲街3號1樓"}},{"type":"Feature","geometry":{"type":"Point","coordinates":[121.473228,25.080983]},"properties":{"name":"李鴻圖診所","type":"診所","address":"新北市蘆洲區成功路70號"}},{"type":"Feature","geometry":{"type":"Point","coordinates":[121.471706,25.081822]},"properties":{"name":"共和診所","type":"診所","address":"新北市蘆洲區中正路4號1樓、10號1樓"}},{"type":"Feature","geometry":{"type":"Point","coordinates":[121.468821,25.085292]},"properties":{"name":"莊炳煌診所","type":"診所","address":"新北市蘆洲區中正路175號"}},{"type":"Feature","geometry":{"type":"Point","coordinates":[121.476867,25.084396]},"properties":{"name":"洪文能診所","type":"診所","address":"新北市蘆洲區民族路46號"}},{"type":"Feature","geometry":{"type":"Point","coordinates":[121.4797,25.087241]},"properties":{"name":"顏鴻仁家庭醫學科診所","type":"診所","address":"新北市蘆洲區民族路127號"}},{"type":"Feature","geometry":{"type":"Point","coordinates":[121.47971,25.08128]},"properties":{"name":"王國欽耳鼻喉科診所","type":"診所","address":"新北市蘆洲區集賢路420號"}},{"type":"Feature","geometry":{"type":"Point","coordinates":[121.471814,25.081487]},"properties":{"name":"陳介臣婦產科診所","type":"診所","address":"新北市蘆洲區中山二路139號1－2樓"}},{"type":"Feature","geometry":{"type":"Point","coordinates":[121.45937,25.090648]},"properties":{"name":"協和診所","type":"診所","address":"新北市蘆洲區永平街12號1樓"}},{"type":"Feature","geometry":{"type":"Point","coordinates":[121.473319,25.080529]},"properties":{"name":"永全診所","type":"診所","address":"新北市蘆洲區中山一路241號"}},{"type":"Feature","geometry":{"type":"Point","coordinates":[121.461441,25.07999]},"properties":{"name":"林錦榮小兒科診所","type":"診所","address":"新北市蘆洲區中華街66號"}},{"type":"Feature","geometry":{"type":"Point","coordinates":[121.462419,25.080815]},"properties":{"name":"蘆洲李耳鼻喉科診所","type":"診所","address":"新北市蘆洲區中華街63號 1樓"}},{"type":"Feature","geometry":{"type":"Point","coordinates":[121.471456,25.081837]},"properties":{"name":"潘眼科診所","type":"診所","address":"新北市蘆洲區中正路11號1樓2樓"}},{"type":"Feature","geometry":{"type":"Point","coordinates":[121.478075,25.087034]},"properties":{"name":"宏國診所","type":"診所","address":"新北市蘆洲區信義路272號"}},{"type":"Feature","geometry":{"type":"Point","coordinates":[121.459681,25.081923]},"properties":{"name":"宏康診所","type":"診所","address":"新北市蘆洲區長安街207巷3號"}},{"type":"Feature","geometry":{"type":"Point","coordinates":[121.459224,25.082238]},"properties":{"name":"鴻昇診所","type":"診所","address":"新北市蘆洲區中原路51號"}},{"type":"Feature","geometry":{"type":"Point","coordinates":[121.47143,25.081873]},"properties":{"name":"劉安邦耳鼻喉科診所","type":"診所","address":"新北市蘆洲區中正路13號"}},{"type":"Feature","geometry":{"type":"Point","coordinates":[121.470904,25.080812]},"properties":{"name":"啟安婦產科家庭醫學科診所","type":"診所","address":"新北市蘆洲區中山二路111號1樓"}},{"type":"Feature","geometry":{"type":"Point","coordinates":[121.480829,25.083881]},"properties":{"name":"集賢內科診所","type":"診所","address":"新北市蘆洲區集賢路356號1、2、3樓358號2、3樓"}},{"type":"Feature","geometry":{"type":"Point","coordinates":[121.471572,25.081388]},"properties":{"name":"曉兒耳鼻喉科診所","type":"診所","address":"新北市蘆洲區中山二路151號"}},{"type":"Feature","geometry":{"type":"Point","coordinates":[121.494023,25.054785]},"properties":{"name":"華邦診所","type":"診所","address":"新北市蘆洲區中正路119－1號1樓"}},{"type":"Feature","geometry":{"type":"Point","coordinates":[121.469004,25.085003]},"properties":{"name":"蘇眼科診所","type":"診所","address":"新北市蘆洲區中正路163號1樓"}},{"type":"Feature","geometry":{"type":"Point","coordinates":[121.474867,25.086451]},"properties":{"name":"林昭良耳鼻喉科診所","type":"診所","address":"新北市蘆洲區復興路70號"}},{"type":"Feature","geometry":{"type":"Point","coordinates":[121.462419,25.080815]},"properties":{"name":"張眼科診所","type":"診所","address":"新北市蘆洲區中華街63號2樓、67號2樓、69號2樓之2"}},{"type":"Feature","geometry":{"type":"Point","coordinates":[121.458891,25.083385]},"properties":{"name":"蘆洲成功耳鼻喉科診所","type":"診所","address":"新北市蘆洲區長安街253號1－2樓"}},{"type":"Feature","geometry":{"type":"Point","coordinates":[121.463168,25.079814]},"properties":{"name":"聯邦診所","type":"診所","address":"新北市蘆洲區長安街52號"}},{"type":"Feature","geometry":{"type":"Point","coordinates":[121.482022,25.087124]},"properties":{"name":"鴻文耳鼻喉科診所","type":"診所","address":"新北市蘆洲區集賢路224巷14號"}},{"type":"Feature","geometry":{"type":"Point","coordinates":[121.469949,25.083708]},"properties":{"name":"詠贊聯合診所","type":"診所","address":"新北市蘆洲區中正路85號1－4樓"}},{"type":"Feature","geometry":{"type":"Point","coordinates":[121.458277,25.08436]},"properties":{"name":"大安診所","type":"診所","address":"新北市蘆洲區長安街283號"}},{"type":"Feature","geometry":{"type":"Point","coordinates":[121.474767,25.086358]},"properties":{"name":"田眼科診所","type":"診所","address":"新北市蘆洲區復興路66號"}},{"type":"Feature","geometry":{"type":"Point","coordinates":[121.477884,25.084921]},"properties":{"name":"蘆洲立民診所","type":"診所","address":"新北市蘆洲區民族路88號1、2樓及90號1樓"}},{"type":"Feature","geometry":{"type":"Point","coordinates":[121.458826,25.083474]},"properties":{"name":"寶明診所","type":"診所","address":"新北市蘆洲區長安街255號"}},{"type":"Feature","geometry":{"type":"Point","coordinates":[121.462344,25.08035]},"properties":{"name":"超群耳鼻喉科診所","type":"診所","address":"新北市蘆洲區長安街78號1樓"}},{"type":"Feature","geometry":{"type":"Point","coordinates":[121.4785,25.086372]},"properties":{"name":"李明哲診所","type":"診所","address":"新北市蘆洲區信義路246號1樓"}},{"type":"Feature","geometry":{"type":"Point","coordinates":[121.464645,25.090579]},"properties":{"name":"仁美診所","type":"診所","address":"新北市蘆洲區中正路371號1、2、3樓"}},{"type":"Feature","geometry":{"type":"Point","coordinates":[121.478593,25.085532]},"properties":{"name":"民族診所","type":"診所","address":"新北市蘆洲區民族路53號"}},{"type":"Feature","geometry":{"type":"Point","coordinates":[121.460722,25.081724]},"properties":{"name":"群安診所","type":"診所","address":"新北市蘆洲區長安街118號"}},{"type":"Feature","geometry":{"type":"Point","coordinates":[121.463586,25.082097]},"properties":{"name":"長榮耳鼻喉科診所","type":"診所","address":"新北市蘆洲區長榮路15號1樓"}},{"type":"Feature","geometry":{"type":"Point","coordinates":[121.47147,25.091415]},"properties":{"name":"趙國雄診所","type":"診所","address":"新北市蘆洲區民族路369號1樓"}},{"type":"Feature","geometry":{"type":"Point","coordinates":[121.461076,25.084984]},"properties":{"name":"蘆洲實和復健診所","type":"診所","address":"新北市蘆洲區長榮路156號1樓2樓"}},{"type":"Feature","geometry":{"type":"Point","coordinates":[121.462107,25.083509]},"properties":{"name":"昱明診所","type":"診所","address":"新北市蘆洲區長榮路67號1樓"}},{"type":"Feature","geometry":{"type":"Point","coordinates":[121.462675,25.083413]},"properties":{"name":"宥宥婦幼診所","type":"診所","address":"新北市蘆洲區長榮路58號1至6樓"}},{"type":"Feature","geometry":{"type":"Point","coordinates":[121.459246,25.089474]},"properties":{"name":"上安診所","type":"診所","address":"新北市蘆洲區長榮路381號1樓"}},{"type":"Feature","geometry":{"type":"Point","coordinates":[121.47882,25.080868]},"properties":{"name":"真善美婦產科診所","type":"診所","address":"新北市蘆洲區中山一路41號1樓"}},{"type":"Feature","geometry":{"type":"Point","coordinates":[121.469601,25.084288]},"properties":{"name":"乾祐診所","type":"診所","address":"新北市蘆洲區中正路119號"}},{"type":"Feature","geometry":{"type":"Point","coordinates":[121.458277,25.08436]},"properties":{"name":"佑明眼科診所","type":"診所","address":"新北市蘆洲區長安街283號1樓"}},{"type":"Feature","geometry":{"type":"Point","coordinates":[121.459734,25.087215]},"properties":{"name":"蘆洲大愛眼科診所","type":"診所","address":"新北市蘆洲區長榮路96、98號1樓及夾層"}},{"type":"Feature","geometry":{"type":"Point","coordinates":[121.460573,25.081854]},"properties":{"name":"蔡嘉哲骨科診所","type":"診所","address":"新北市蘆洲區長安街124號1樓"}},{"type":"Feature","geometry":{"type":"Point","coordinates":[121.457565,25.087998]},"properties":{"name":"許修平診所","type":"診所","address":"新北市蘆洲區長安街290號"}},{"type":"Feature","geometry":{"type":"Point","coordinates":[121.469219,25.084807]},"properties":{"name":"樂活診所","type":"診所","address":"新北市蘆洲區中正路151號1樓"}},{"type":"Feature","geometry":{"type":"Point","coordinates":[121.474029,25.081144]},"properties":{"name":"黃天一耳鼻喉科診所","type":"診所","address":"新北市蘆洲區中山一路180號1樓"}},{"type":"Feature","geometry":{"type":"Point","coordinates":[121.462967,25.082718]},"properties":{"name":"本一診所","type":"診所","address":"新北市蘆洲區長榮路43－1號1樓"}},{"type":"Feature","geometry":{"type":"Point","coordinates":[121.469461,25.084424]},"properties":{"name":"安美皮膚科診所","type":"診所","address":"新北市蘆洲區中正路125號1樓"}},{"type":"Feature","geometry":{"type":"Point","coordinates":[121.465985,25.089025]},"properties":{"name":"壬康精神科診所","type":"診所","address":"新北市蘆洲區中正路114號1樓"}},{"type":"Feature","geometry":{"type":"Point","coordinates":[121.461233,25.084391]},"properties":{"name":"宥宥小兒科診所","type":"診所","address":"新北市蘆洲區長榮路175號1樓"}},{"type":"Feature","geometry":{"type":"Point","coordinates":[121.471485,25.081801]},"properties":{"name":"杏東診所","type":"診所","address":"新北市蘆洲區中正路9號1樓"}},{"type":"Feature","geometry":{"type":"Point","coordinates":[121.462257,25.08063]},"properties":{"name":"健群診所","type":"診所","address":"新北市蘆洲區中華街71號1、2樓"}},{"type":"Feature","geometry":{"type":"Point","coordinates":[121.471808,25.090222]},"properties":{"name":"人安診所","type":"診所","address":"新北市蘆洲區民權路133號1樓"}},{"type":"Feature","geometry":{"type":"Point","coordinates":[121.462257,25.08063]},"properties":{"name":"建群診所","type":"診所","address":"新北市蘆洲區中華街71號1、2樓"}},{"type":"Feature","geometry":{"type":"Point","coordinates":[121.459604,25.082809]},"properties":{"name":"全嘉耳鼻喉科診所","type":"診所","address":"新北市蘆洲區長安街156號1樓"}},{"type":"Feature","geometry":{"type":"Point","coordinates":[121.477122,25.0877]},"properties":{"name":"聖哲耳鼻喉科診所","type":"診所","address":"新北市蘆洲區復興路148號"}},{"type":"Feature","geometry":{"type":"Point","coordinates":[121.462009,25.08364]},"properties":{"name":"愛林鑫北診所","type":"診所","address":"新北市蘆洲區長榮路75號1樓"}},{"type":"Feature","geometry":{"type":"Point","coordinates":[121.469922,25.090481]},"properties":{"name":"湯瑪士親子兒科診所","type":"診所","address":"新北市蘆洲區民族路377號1－2樓"}},{"type":"Feature","geometry":{"type":"Point","coordinates":[121.462257,25.08063]},"properties":{"name":"健群耳鼻喉科診所","type":"診所","address":"新北市蘆洲區中華街71號1、2樓"}},{"type":"Feature","geometry":{"type":"Point","coordinates":[121.473194,25.080644]},"properties":{"name":"陳彥廷診所","type":"診所","address":"新北市蘆洲區中山一路212號1樓"}},{"type":"Feature","geometry":{"type":"Point","coordinates":[121.469096,25.085244]},"properties":{"name":"福田診所","type":"診所","address":"新北市蘆洲區中正路140號1樓"}},{"type":"Feature","geometry":{"type":"Point","coordinates":[121.479062,25.085892]},"properties":{"name":"佑安耳鼻喉科診所","type":"診所","address":"新北市蘆洲區民族路69號1樓"}},{"type":"Feature","geometry":{"type":"Point","coordinates":[121.478403,25.088949]},"properties":{"name":"欣彥身心診所","type":"診所","address":"新北市蘆洲區復興路200號1樓"}},{"type":"Feature","geometry":{"type":"Point","coordinates":[121.459688,25.087898]},"properties":{"name":"仁川診所","type":"診所","address":"新北市蘆洲區長榮路410號1樓"}},{"type":"Feature","geometry":{"type":"Point","coordinates":[121.471955,25.081534]},"properties":{"name":"俊亨婦產科診所","type":"診所","address":"新北市蘆洲區中山二路135號1－4樓"}},{"type":"Feature","geometry":{"type":"Point","coordinates":[121.47381,25.082027]},"properties":{"name":"中山骨科診所","type":"診所","address":"新北市蘆洲區中山二路51號1、2樓"}},{"type":"Feature","geometry":{"type":"Point","coordinates":[121.459768,25.086808]},"properties":{"name":"愛麗生婦產科診所","type":"診所","address":"新北市蘆洲區長榮路323號1－5樓及325號2－5樓"}},{"type":"Feature","geometry":{"type":"Point","coordinates":[121.4785,25.086372]},"properties":{"name":"菁采皮膚專科診所","type":"診所","address":"新北市蘆洲區信義路246－1號1樓"}},{"type":"Feature","geometry":{"type":"Point","coordinates":[121.476099,25.090649]},"properties":{"name":"兒樂吉診所","type":"診所","address":"新北市蘆洲區民族路267號1樓"}},{"type":"Feature","geometry":{"type":"Point","coordinates":[121.477985,25.089174]},"properties":{"name":"安馨婦產科診所","type":"診所","address":"新北市蘆洲區民族路203號1樓"}},{"type":"Feature","geometry":{"type":"Point","coordinates":[121.476005,25.087308]},"properties":{"name":"德興診所","type":"診所","address":"新北市蘆洲區復興路67號1樓"}},{"type":"Feature","geometry":{"type":"Point","coordinates":[121.475828,25.081506]},"properties":{"name":"佳聖診所","type":"診所","address":"新北市蘆洲區中山一路129號6樓、7樓"}},{"type":"Feature","geometry":{"type":"Point","coordinates":[121.481447,25.083461]},"properties":{"name":"弘一診所","type":"診所","address":"新北市蘆洲區重陽街82、86號1樓"}},{"type":"Feature","geometry":{"type":"Point","coordinates":[121.47559,25.08243]},"properties":{"name":"東大眼科診所","type":"診所","address":"新北市蘆洲區三民路19號1－2樓"}},{"type":"Feature","geometry":{"type":"Point","coordinates":[121.476635,25.087788]},"properties":{"name":"沅昇復健科診所","type":"診所","address":"新北市蘆洲區復興路87巷6號、6－1號、8－1號1樓"}},{"type":"Feature","geometry":{"type":"Point","coordinates":[121.470939,25.082488]},"properties":{"name":"六福診所","type":"診所","address":"新北市蘆洲區中正路45號1樓"}},{"type":"Feature","geometry":{"type":"Point","coordinates":[121.470785,25.082651]},"properties":{"name":"健勇皮診所","type":"診所","address":"新北市蘆洲區中正路55號1樓"}},{"type":"Feature","geometry":{"type":"Point","coordinates":[121.48275,25.086944]},"properties":{"name":"巨鼎骨科診所","type":"診所","address":"新北市蘆洲區集賢路222之6號1、2樓"}},{"type":"Feature","geometry":{"type":"Point","coordinates":[121.477361,25.087669]},"properties":{"name":"欣向美診所","type":"診所","address":"新北市蘆洲區信義路365號1樓"}},{"type":"Feature","geometry":{"type":"Point","coordinates":[121.46389,25.079358]},"properties":{"name":"丁良文內科診所","type":"診所","address":"新北市蘆洲區長安街30號1樓"}},{"type":"Feature","geometry":{"type":"Point","coordinates":[121.458646,25.083768]},"properties":{"name":"健安診所","type":"診所","address":"新北市蘆洲區長安街265號1樓"}},{"type":"Feature","geometry":{"type":"Point","coordinates":[121.458646,25.083768]},"properties":{"name":"建安診所","type":"診所","address":"新北市蘆洲區長安街265號1樓"}},{"type":"Feature","geometry":{"type":"Point","coordinates":[121.458253,25.084105]},"properties":{"name":"長安骨科診所","type":"診所","address":"新北市蘆洲區長安街277號1樓"}},{"type":"Feature","geometry":{"type":"Point","coordinates":[121.46402,25.079273]},"properties":{"name":"明暘診所","type":"診所","address":"新北市蘆洲區長安街26號1樓、1樓夾層、2樓及28號1樓"}},{"type":"Feature","geometry":{"type":"Point","coordinates":[121.481369,25.085114]},"properties":{"name":"蘆洲現代耳鼻喉科診所","type":"診所","address":"新北市蘆洲區集賢路306號1樓"}},{"type":"Feature","geometry":{"type":"Point","coordinates":[121.481369,25.085114]},"properties":{"name":"蘆洲集賢耳鼻喉科診所","type":"診所","address":"新北市蘆洲區集賢路306號1樓"}},{"type":"Feature","geometry":{"type":"Point","coordinates":[121.481369,25.085114]},"properties":{"name":"蘆洲現代內科診所","type":"診所","address":"新北市蘆洲區集賢路306號1樓"}},{"type":"Feature","geometry":{"type":"Point","coordinates":[121.462675,25.083413]},"properties":{"name":"欣宥婦產科診所","type":"診所","address":"新北市蘆洲區長榮路58號7樓、8樓"}},{"type":"Feature","geometry":{"type":"Point","coordinates":[121.481292,25.08657]},"properties":{"name":"集安診所","type":"診所","address":"新北市蘆洲區集賢路238號2、3樓及240號2、3樓"}},{"type":"Feature","geometry":{"type":"Point","coordinates":[121.4626,25.090945]},"properties":{"name":"愛樂親子診所","type":"診所","address":"新北市蘆洲區長樂路168號1樓"}},{"type":"Feature","geometry":{"type":"Point","coordinates":[121.464488,25.092119]},"properties":{"name":"開心生活診所","type":"診所","address":"新北市蘆洲區三民路376之3號1樓"}},{"type":"Feature","geometry":{"type":"Point","coordinates":[121.469392,25.084894]},"properties":{"name":"康廷耳鼻喉科診所","type":"診所","address":"新北市蘆洲區中正路124號1樓"}},{"type":"Feature","geometry":{"type":"Point","coordinates":[121.458646,25.083768]},"properties":{"name":"健侒診所","type":"診所","address":"新北市蘆洲區長安街265號1樓"}},{"type":"Feature","geometry":{"type":"Point","coordinates":[121.474648,25.08208]},"properties":{"name":"慶明眼科診所","type":"診所","address":"新北市蘆洲區中山二路32號1、2、3樓"}},{"type":"Feature","geometry":{"type":"Point","coordinates":[121.458758,25.088524]},"properties":{"name":"泓安內科診所","type":"診所","address":"新北市蘆洲區永樂街2號3、4樓"}},{"type":"Feature","geometry":{"type":"Point","coordinates":[121.469391,25.084572]},"properties":{"name":"福安小兒科診所","type":"診所","address":"新北市蘆洲區中正路131號1樓"}},{"type":"Feature","geometry":{"type":"Point","coordinates":[121.471612,25.081953]},"properties":{"name":"禾峰診所","type":"診所","address":"新北市蘆洲區中正路8號1樓、2樓"}},{"type":"Feature","geometry":{"type":"Point","coordinates":[121.4689,25.083188]},"properties":{"name":"皮醫師蘆洲診所","type":"診所","address":"新北市蘆洲區光華路42號1樓"}},{"type":"Feature","geometry":{"type":"Point","coordinates":[121.461306,25.083587]},"properties":{"name":"容光皮膚專科診所","type":"診所","address":"新北市蘆洲區中原路10號1樓及夾層"}},{"type":"Feature","geometry":{"type":"Point","coordinates":[121.469578,25.083482]},"properties":{"name":"立博診所","type":"診所","address":"新北市蘆洲區光華路20號1、2、3、4樓"}},{"type":"Feature","geometry":{"type":"Point","coordinates":[121.4689,25.083188]},"properties":{"name":"黃皮醫師診所","type":"診所","address":"新北市蘆洲區光華路42號1樓"}},{"type":"Feature","geometry":{"type":"Point","coordinates":[121.47943,25.086215]},"properties":{"name":"長興骨科診所","type":"診所","address":"新北市蘆洲區民族路87號1樓、2樓"}},{"type":"Feature","geometry":{"type":"Point","coordinates":[121.457725,25.088349]},"properties":{"name":"宜興診所","type":"診所","address":"新北市蘆洲區永樂街38巷42弄6號1樓及地下1樓"}},{"type":"Feature","geometry":{"type":"Point","coordinates":[121.46001,25.082128]},"properties":{"name":"華安診所","type":"診所","address":"新北市蘆洲區長安街205號1樓"}},{"type":"Feature","geometry":{"type":"Point","coordinates":[121.46255,25.080933]},"properties":{"name":"杏暉復健科診所","type":"診所","address":"新北市蘆洲區中華街57號1樓及61巷1號1樓"}},{"type":"Feature","geometry":{"type":"Point","coordinates":[121.462729,25.082823]},"properties":{"name":"蘆洲上禾耳鼻喉科診所","type":"診所","address":"新北市蘆洲區長榮路47－1號1樓、47和47－1號2樓"}},{"type":"Feature","geometry":{"type":"Point","coordinates":[121.462729,25.082823]},"properties":{"name":"蘆洲上禾內科診所","type":"診所","address":"新北市蘆洲區長榮路47－1號1樓、47和47－1號2樓"}},{"type":"Feature","geometry":{"type":"Point","coordinates":[121.452984,25.106174]},"properties":{"name":"黃志勳診所","type":"診所","address":"新北市五股區成泰路2段69號1樓"}},{"type":"Feature","geometry":{"type":"Point","coordinates":[121.431864,25.105201]},"properties":{"name":"成洲診所","type":"診所","address":"新北市五股區凌雲路1段73號"}},{"type":"Feature","geometry":{"type":"Point","coordinates":[121.452984,25.106174]},"properties":{"name":"鴻佑診所","type":"診所","address":"新北市五股區成泰路2段61號1樓"}},{"type":"Feature","geometry":{"type":"Point","coordinates":[121.452984,25.106174]},"properties":{"name":"鐘耳鼻喉科診所","type":"診所","address":"新北市五股區成泰路2段57號1樓1樓、2樓"}},{"type":"Feature","geometry":{"type":"Point","coordinates":[121.455931,25.007859]},"properties":{"name":"信恆診所","type":"診所","address":"新北市五股區中興路1段74號"}},{"type":"Feature","geometry":{"type":"Point","coordinates":[121.434045,25.08919]},"properties":{"name":"祐聖小兒科診所","type":"診所","address":"新北市五股區五福路34號1樓"}},{"type":"Feature","geometry":{"type":"Point","coordinates":[121.452984,25.106174]},"properties":{"name":"健泰診所","type":"診所","address":"新北市五股區成泰路2段116號"}},{"type":"Feature","geometry":{"type":"Point","coordinates":[121.431864,25.105201]},"properties":{"name":"嘉安小兒科診所","type":"診所","address":"新北市五股區凌雲路1段72號"}},{"type":"Feature","geometry":{"type":"Point","coordinates":[121.452984,25.106174]},"properties":{"name":"宏昇診所","type":"診所","address":"新北市五股區成泰路2段7號"}},{"type":"Feature","geometry":{"type":"Point","coordinates":[121.43208,25.070648]},"properties":{"name":"德音診所","type":"診所","address":"新北市五股區自強路146號"}},{"type":"Feature","geometry":{"type":"Point","coordinates":[121.43384,25.074088]},"properties":{"name":"五股水碓診所","type":"診所","address":"新北市五股區自強路36號1樓"}},{"type":"Feature","geometry":{"type":"Point","coordinates":[121.433454,25.089492]},"properties":{"name":"五福診所","type":"診所","address":"新北市五股區五福路39號1樓"}},{"type":"Feature","geometry":{"type":"Point","coordinates":[121.452728,25.106384]},"properties":{"name":"仁滙診所","type":"診所","address":"新北市五股區成泰路3段270號1－3樓"}},{"type":"Feature","geometry":{"type":"Point","coordinates":[121.433678,25.072313]},"properties":{"name":"永任診所","type":"診所","address":"新北市五股區水碓路7號1樓"}},{"type":"Feature","geometry":{"type":"Point","coordinates":[121.452728,25.106384]},"properties":{"name":"吉浤診所","type":"診所","address":"新北市五股區成泰路3段520、522、526號1、2樓"}},{"type":"Feature","geometry":{"type":"Point","coordinates":[121.446897,25.091875]},"properties":{"name":"林筱琪診所","type":"診所","address":"新北市五股區新城六路180號1樓"}},{"type":"Feature","geometry":{"type":"Point","coordinates":[121.438416,25.084146]},"properties":{"name":"翔展診所","type":"診所","address":"新北市五股區成泰路二段162號1樓"}},{"type":"Feature","geometry":{"type":"Point","coordinates":[121.438387,25.053391]},"properties":{"name":"陽明外科診所","type":"診所","address":"新北市泰山區泰林路2段152號"}},{"type":"Feature","geometry":{"type":"Point","coordinates":[121.424919,25.043431]},"properties":{"name":"葉啟東婦產科診所","type":"診所","address":"新北市泰山區明志路1段131號"}},{"type":"Feature","geometry":{"type":"Point","coordinates":[121.424919,25.043431]},"properties":{"name":"周外科診所","type":"診所","address":"新北市泰山區明志路1段177號"}},{"type":"Feature","geometry":{"type":"Point","coordinates":[121.438387,25.053391]},"properties":{"name":"溫法烈耳鼻喉科診所","type":"診所","address":"新北市泰山區泰林路2段175號"}},{"type":"Feature","geometry":{"type":"Point","coordinates":[121.424919,25.043431]},"properties":{"name":"林慶國耳鼻喉科診所","type":"診所","address":"新北市泰山區明志路1段475號"}},{"type":"Feature","geometry":{"type":"Point","coordinates":[121.433546,25.066103]},"properties":{"name":"蔡興龍小兒科診所","type":"診所","address":"新北市泰山區明志路2段422號"}},{"type":"Feature","geometry":{"type":"Point","coordinates":[121.433546,25.066103]},"properties":{"name":"賴和鴻診所","type":"診所","address":"新北市泰山區明志路2段42號1樓"}},{"type":"Feature","geometry":{"type":"Point","coordinates":[121.433546,25.066103]},"properties":{"name":"陳獻宗診所","type":"診所","address":"新北市泰山區明志路2段12號"}},{"type":"Feature","geometry":{"type":"Point","coordinates":[121.438387,25.053391]},"properties":{"name":"康泰診所","type":"診所","address":"新北市泰山區泰林路2段290號1、2樓"}},{"type":"Feature","geometry":{"type":"Point","coordinates":[121.424919,25.043431]},"properties":{"name":"黃耀立診所","type":"診所","address":"新北市泰山區明志路1段391號"}},{"type":"Feature","geometry":{"type":"Point","coordinates":[121.433546,25.066103]},"properties":{"name":"懷安小兒科診所","type":"診所","address":"新北市泰山區明志路2段344號"}},{"type":"Feature","geometry":{"type":"Point","coordinates":[121.438387,25.053391]},"properties":{"name":"余小兒科診所","type":"診所","address":"新北市泰山區泰林路2段162號"}},{"type":"Feature","geometry":{"type":"Point","coordinates":[121.424919,25.043431]},"properties":{"name":"葆安診所","type":"診所","address":"新北市泰山區明志路1段15號1樓"}},{"type":"Feature","geometry":{"type":"Point","coordinates":[121.433508,25.062438]},"properties":{"name":"楓江診所","type":"診所","address":"新北市泰山區楓江路8號"}},{"type":"Feature","geometry":{"type":"Point","coordinates":[121.433323,25.06377]},"properties":{"name":"宏明診所","type":"診所","address":"新北市泰山區明志路一段108號3樓"}},{"type":"Feature","geometry":{"type":"Point","coordinates":[121.433546,25.066103]},"properties":{"name":"佳欣診所","type":"診所","address":"新北市泰山區明志路2段77號1樓"}},{"type":"Feature","geometry":{"type":"Point","coordinates":[121.433546,25.066103]},"properties":{"name":"泰和診所","type":"診所","address":"新北市泰山區明志路2段62號"}},{"type":"Feature","geometry":{"type":"Point","coordinates":[121.438387,25.053391]},"properties":{"name":"懷恩婦產科診所","type":"診所","address":"新北市泰山區泰林路2段172號"}},{"type":"Feature","geometry":{"type":"Point","coordinates":[121.424919,25.043431]},"properties":{"name":"王嘉興診所","type":"診所","address":"新北市泰山區明志路1段271號"}},{"type":"Feature","geometry":{"type":"Point","coordinates":[121.438387,25.053391]},"properties":{"name":"雅致皮膚科診所","type":"診所","address":"新北市泰山區泰林路2段110號1樓至3樓"}},{"type":"Feature","geometry":{"type":"Point","coordinates":[121.438387,25.053391]},"properties":{"name":"泰安診所","type":"診所","address":"新北市泰山區泰林路2段182號1樓"}},{"type":"Feature","geometry":{"type":"Point","coordinates":[121.424919,25.043431]},"properties":{"name":"明泰診所","type":"診所","address":"新北市泰山區明志路1段190號1樓"}},{"type":"Feature","geometry":{"type":"Point","coordinates":[121.424919,25.043431]},"properties":{"name":"弘森診所","type":"診所","address":"新北市泰山區明志路1段257號"}},{"type":"Feature","geometry":{"type":"Point","coordinates":[121.432992,25.055254]},"properties":{"name":"永旭診所","type":"診所","address":"新北市泰山區仁愛路88號1樓"}},{"type":"Feature","geometry":{"type":"Point","coordinates":[121.424919,25.043431]},"properties":{"name":"普生眼科診所","type":"診所","address":"新北市泰山區明志路1段188號1樓"}},{"type":"Feature","geometry":{"type":"Point","coordinates":[121.433619,25.055568]},"properties":{"name":"永安診所","type":"診所","address":"新北市泰山區仁愛路112之2號1樓"}},{"type":"Feature","geometry":{"type":"Point","coordinates":[121.42716,25.048159]},"properties":{"name":"頂好骨科診所","type":"診所","address":"新北市泰山區明志3段31、33號1樓"}},{"type":"Feature","geometry":{"type":"Point","coordinates":[121.438387,25.053391]},"properties":{"name":"倍嘉骨科診所","type":"診所","address":"新北市泰山區泰林路2段204號1樓"}},{"type":"Feature","geometry":{"type":"Point","coordinates":[121.434071,25.0566]},"properties":{"name":"泰山新庚診所","type":"診所","address":"新北市泰山區仁德路71號1、2樓"}},{"type":"Feature","geometry":{"type":"Point","coordinates":[121.391113,25.077658]},"properties":{"name":"仲全診所","type":"診所","address":"新北市林口區中正路200號1樓"}},{"type":"Feature","geometry":{"type":"Point","coordinates":[121.38901,25.079119]},"properties":{"name":"明揚診所","type":"診所","address":"新北市林口區中山路192號 1、2樓"}},{"type":"Feature","geometry":{"type":"Point","coordinates":[121.368614,25.065874]},"properties":{"name":"捷仁診所","type":"診所","address":"新北市林口區麗園1街6巷1號1樓－4"}},{"type":"Feature","geometry":{"type":"Point","coordinates":[121.387741,25.078671]},"properties":{"name":"佳眼科診所","type":"診所","address":"新北市林口區竹林路69號"}},{"type":"Feature","geometry":{"type":"Point","coordinates":[121.390118,25.079216]},"properties":{"name":"宏愛診所","type":"診所","address":"新北市林口區菁湖里林口路47號1樓"}},{"type":"Feature","geometry":{"type":"Point","coordinates":[121.388942,25.079118]},"properties":{"name":"健雄診所","type":"診所","address":"新北市林口區中山路194號1、2、3樓"}},{"type":"Feature","geometry":{"type":"Point","coordinates":[121.376434,25.079055]},"properties":{"name":"豐家診所","type":"診所","address":"新北市林口區文化二路1段158號"}},{"type":"Feature","geometry":{"type":"Point","coordinates":[121.388866,25.07913]},"properties":{"name":"全英眼科診所","type":"診所","address":"新北市林口區中山路196號1樓、2樓"}},{"type":"Feature","geometry":{"type":"Point","coordinates":[121.366814,25.06786]},"properties":{"name":"侯志龍小兒科診所","type":"診所","address":"新北市林口區公園路25號1樓"}},{"type":"Feature","geometry":{"type":"Point","coordinates":[121.397844,25.067902]},"properties":{"name":"林漢邦診所","type":"診所","address":"新北市林口區仁愛路2段60號1－2樓"}},{"type":"Feature","geometry":{"type":"Point","coordinates":[121.369462,25.071601]},"properties":{"name":"麗林耳鼻喉科診所","type":"診所","address":"新北市林口區忠孝路379號1樓"}},{"type":"Feature","geometry":{"type":"Point","coordinates":[121.37255,25.075986]},"properties":{"name":"黃紹基診所","type":"診所","address":"新北市林口區民有街156號1樓（含夾層）"}},{"type":"Feature","geometry":{"type":"Point","coordinates":[121.378397,25.070674]},"properties":{"name":"宗男診所","type":"診所","address":"新北市林口區麗園一街6巷9號1樓之4"}},{"type":"Feature","geometry":{"type":"Point","coordinates":[121.376434,25.079055]},"properties":{"name":"未來小兒科診所","type":"診所","address":"新北市林口區文化二路1段577號1樓"}},{"type":"Feature","geometry":{"type":"Point","coordinates":[121.378499,25.083695]},"properties":{"name":"仁邦診所","type":"診所","address":"新北市林口區中山路534號1、2樓"}},{"type":"Feature","geometry":{"type":"Point","coordinates":[121.36661,25.069628]},"properties":{"name":"劉乃豪診所","type":"診所","address":"新北市林口區文化二路一段90號1樓"}},{"type":"Feature","geometry":{"type":"Point","coordinates":[121.397844,25.067902]},"properties":{"name":"陽光耳鼻喉科診所","type":"診所","address":"新北市林口區仁愛路2段113、115、117號1樓"}},{"type":"Feature","geometry":{"type":"Point","coordinates":[121.376434,25.079055]},"properties":{"name":"未來婦產科診所","type":"診所","address":"新北市林口區文化二路1段577號1樓"}},{"type":"Feature","geometry":{"type":"Point","coordinates":[121.373155,25.078156]},"properties":{"name":"何文藻皮膚科診所","type":"診所","address":"新北市林口區文化三路2段179號1－2樓及181號2樓"}},{"type":"Feature","geometry":{"type":"Point","coordinates":[121.387376,25.078979]},"properties":{"name":"勝康骨科診所","type":"診所","address":"新北市林口區中山路143號1樓、145號1樓"}},{"type":"Feature","geometry":{"type":"Point","coordinates":[121.370074,25.072912]},"properties":{"name":"忠孝復健專科診所","type":"診所","address":"新北市林口區文化二路一段527、529號1、2樓"}},{"type":"Feature","geometry":{"type":"Point","coordinates":[121.388807,25.079753]},"properties":{"name":"德林診所","type":"診所","address":"新北市林口區竹林路170號1樓"}},{"type":"Feature","geometry":{"type":"Point","coordinates":[121.397844,25.067902]},"properties":{"name":"陽光皮膚科診所","type":"診所","address":"新北市林口區仁愛路2段113、115、117號1樓"}},{"type":"Feature","geometry":{"type":"Point","coordinates":[121.397844,25.067902]},"properties":{"name":"陽光內科診所","type":"診所","address":"新北市林口區仁愛路2段113、115、117號1樓"}},{"type":"Feature","geometry":{"type":"Point","coordinates":[121.376434,25.079055]},"properties":{"name":"穎欣診所","type":"診所","address":"新北市林口區文化二路1段535號1Ｆ"}},{"type":"Feature","geometry":{"type":"Point","coordinates":[121.397844,25.067902]},"properties":{"name":"耀耀親子眼科診所","type":"診所","address":"新北市林口區仁愛路2段269、271號1樓"}},{"type":"Feature","geometry":{"type":"Point","coordinates":[121.397844,25.067902]},"properties":{"name":"親子耳鼻喉科診所","type":"診所","address":"新北市林口區仁愛路2段113、115、117號1樓"}},{"type":"Feature","geometry":{"type":"Point","coordinates":[121.360878,25.066137]},"properties":{"name":"宏觀眼科診所","type":"診所","address":"新北市林口區文化三路1段35號1、2樓"}},{"type":"Feature","geometry":{"type":"Point","coordinates":[121.376434,25.079055]},"properties":{"name":"欣泉身心診所","type":"診所","address":"新北市林口區文化二路1段156號"}},{"type":"Feature","geometry":{"type":"Point","coordinates":[121.373155,25.078156]},"properties":{"name":"橙安親子診所","type":"診所","address":"新北市林口區文化三路2段50號1樓"}},{"type":"Feature","geometry":{"type":"Point","coordinates":[121.39066,25.078733]},"properties":{"name":"拉法睡眠診所","type":"診所","address":"新北市林口區文化3路1段415號1樓及夾層"}},{"type":"Feature","geometry":{"type":"Point","coordinates":[121.39066,25.078733]},"properties":{"name":"林口微笑親子耳鼻喉科診所","type":"診所","address":"新北市林口區文化3路1段419號1樓、421號1樓"}},{"type":"Feature","geometry":{"type":"Point","coordinates":[121.39606,25.077533]},"properties":{"name":"博思診所","type":"診所","address":"新北市林口區中正路20號1樓"}},{"type":"Feature","geometry":{"type":"Point","coordinates":[121.360878,25.066137]},"properties":{"name":"林口微笑內科診所","type":"診所","address":"新北市林口區文化三路1段419號1樓、421號1樓"}},{"type":"Feature","geometry":{"type":"Point","coordinates":[121.397844,25.067902]},"properties":{"name":"羊咩咩親子診所","type":"診所","address":"新北市林口區仁愛路2段206號1樓"}},{"type":"Feature","geometry":{"type":"Point","coordinates":[121.376434,25.079055]},"properties":{"name":"宇禾診所","type":"診所","address":"新北市林口區文化二路1段525巷6號1、2樓"}},{"type":"Feature","geometry":{"type":"Point","coordinates":[121.360878,25.066137]},"properties":{"name":"龍霖身心診所","type":"診所","address":"新北市林口區文化三路1段482號1樓及夾層"}},{"type":"Feature","geometry":{"type":"Point","coordinates":[121.360878,25.066137]},"properties":{"name":"佑安內科診所","type":"診所","address":"新北市林口區文化三路1段421號2樓"}},{"type":"Feature","geometry":{"type":"Point","coordinates":[121.360317,25.07015]},"properties":{"name":"杏蒔診所","type":"診所","address":"新北市林口區三民路96號1樓、2樓"}},{"type":"Feature","geometry":{"type":"Point","coordinates":[121.369526,25.072254]},"properties":{"name":"林口新康骨科診所","type":"診所","address":"新北市林口區文化二路一段222號1樓"}},{"type":"Feature","geometry":{"type":"Point","coordinates":[121.640888,25.011227]},"properties":{"name":"謝家庭醫學科診所","type":"診所","address":"新北市深坑區北深路2段200號"}},{"type":"Feature","geometry":{"type":"Point","coordinates":[121.621078,25.004476]},"properties":{"name":"林振得診所","type":"診所","address":"新北市深坑區北深路2段106號"}},{"type":"Feature","geometry":{"type":"Point","coordinates":[121.621039,25.004469]},"properties":{"name":"幼恩診所","type":"診所","address":"新北市深坑區北深路3段173號"}},{"type":"Feature","geometry":{"type":"Point","coordinates":[121.620909,25.00282]},"properties":{"name":"麒安診所","type":"診所","address":"新北市深坑區埔新街41號1樓"}},{"type":"Feature","geometry":{"type":"Point","coordinates":[121.605794,25.001666]},"properties":{"name":"紹善診所","type":"診所","address":"新北市深坑區北深路三段99號1樓、99號2樓"}},{"type":"Feature","geometry":{"type":"Point","coordinates":[121.640888,25.011227]},"properties":{"name":"妤皮診所","type":"診所","address":"新北市深坑區北深路2段135號1樓（含夾層）"}},{"type":"Feature","geometry":{"type":"Point","coordinates":[121.621039,25.004469]},"properties":{"name":"瑞和診所","type":"診所","address":"新北市深坑區北深路3段99號6樓、101號6樓"}},{"type":"Feature","geometry":{"type":"Point","coordinates":[121.605686,25.001687]},"properties":{"name":"詠靜診所","type":"診所","address":"新北市深坑區北深路三段101號2樓、103號2樓"}},{"type":"Feature","geometry":{"type":"Point","coordinates":[121.500762,25.25722]},"properties":{"name":"三芝彭小兒科診所","type":"診所","address":"新北市三芝區埔頭里中山路一段59號1樓"}},{"type":"Feature","geometry":{"type":"Point","coordinates":[121.637371,25.222486]},"properties":{"name":"曾明診所","type":"診所","address":"新北市三芝區中正路1段6號1樓"}},{"type":"Feature","geometry":{"type":"Point","coordinates":[121.399292,25.146811]},"properties":{"name":"施世明診所","type":"診所","address":"新北市八里區華峰一街18號"}},{"type":"Feature","geometry":{"type":"Point","coordinates":[121.41085,25.15937]},"properties":{"name":"台加診所","type":"診所","address":"新北市八里區頂罟里中山路2段310號1樓"}},{"type":"Feature","geometry":{"type":"Point","coordinates":[121.465554,25.061601]},"properties":{"name":"弘安診所","type":"診所","address":"新北市八里區中山路2段215號1樓"}},{"type":"Feature","geometry":{"type":"Point","coordinates":[121.465554,25.061601]},"properties":{"name":"文心診所","type":"診所","address":"新北市八里區中山路2段392號1樓"}},{"type":"Feature","geometry":{"type":"Point","coordinates":[121.378921,25.093865]},"properties":{"name":"周文煜診所","type":"診所","address":"新北市八里區中華路2段538－4號1樓"}},{"type":"Feature","geometry":{"type":"Point","coordinates":[121.411033,25.157539]},"properties":{"name":"誠泰診所","type":"診所","address":"新北市八里區中山路一段231號1樓"}},{"type":"Feature","geometry":{"type":"Point","coordinates":[121.39774,25.145944]},"properties":{"name":"維醫耳鼻喉科診所","type":"診所","address":"新北市八里區訊塘路68號1、2樓"}},{"type":"Feature","geometry":{"type":"Point","coordinates":[121.449138,25.138261]},"properties":{"name":"明醫診所","type":"診所","address":"新北市八里區龍米路1段438號（1樓）"}},{"type":"Feature","geometry":{"type":"Point","coordinates":[121.465554,25.061601]},"properties":{"name":"安里診所","type":"診所","address":"新北市八里區中山路2段366號4樓"}},{"type":"Feature","geometry":{"type":"Point","coordinates":[121.738684,25.024989]},"properties":{"name":"瑞安診所","type":"診所","address":"新北市平溪區平溪街9號1樓"}},{"type":"Feature","geometry":{"type":"Point","coordinates":[121.87261,25.04192]},"properties":{"name":"冠麒診所","type":"診所","address":"新北市雙溪區新基里中華路45號"}},{"type":"Feature","geometry":{"type":"Point","coordinates":[121.865878,25.03772]},"properties":{"name":"保惠診所","type":"診所","address":"新北市雙溪區中華路53號1樓"}},{"type":"Feature","geometry":{"type":"Point","coordinates":[121.907639,25.018936]},"properties":{"name":"樂文診所","type":"診所","address":"新北市貢寮區貢寮街3號1樓"}},{"type":"Feature","geometry":{"type":"Point","coordinates":[121.639045,25.219982]},"properties":{"name":"東大診所","type":"診所","address":"新北市金山區中山路135號"}},{"type":"Feature","geometry":{"type":"Point","coordinates":[121.635873,25.219913]},"properties":{"name":"百勝診所","type":"診所","address":"新北市金山區仁愛路37－ 5及37－6號"}},{"type":"Feature","geometry":{"type":"Point","coordinates":[121.638907,25.220552]},"properties":{"name":"宜佑診所","type":"診所","address":"新北市金山區中山路142號1樓"}},{"type":"Feature","geometry":{"type":"Point","coordinates":[121.688392,25.181984]},"properties":{"name":"萬里診所","type":"診所","address":"新北市萬里區瑪鍊路98－1號"}},{"type":"Feature","geometry":{"type":"Point","coordinates":[121.688392,25.181984]},"properties":{"name":"享悅診所","type":"診所","address":"新北市萬里區瑪鍊路34號1樓"}},{"type":"Feature","geometry":{"type":"Point","coordinates":[121.543273,24.877313]},"properties":{"name":"烏來安泰診所","type":"診所","address":"新北市烏來區忠治里新烏五路166號"}},{"type":"Feature","geometry":{"type":"Point","coordinates":[121.542353,24.879742]},"properties":{"name":"華成診所","type":"診所","address":"新北市烏來區新烏路5段106號1樓"}},{"type":"Feature","geometry":{"type":"Point","coordinates":[121.469865,25.007201]},"properties":{"name":"華美牙醫診所","type":"診所","address":"新北市板橋區民族路233號"}},{"type":"Feature","geometry":{"type":"Point","coordinates":[121.456256,25.009491]},"properties":{"name":"府中牙醫診所","type":"診所","address":"新北市板橋區府中路121號"}},{"type":"Feature","geometry":{"type":"Point","coordinates":[121.458112,25.006749]},"properties":{"name":"廖牙醫診所","type":"診所","address":"新北市板橋區館前西路45號"}},{"type":"Feature","geometry":{"type":"Point","coordinates":[121.454018,24.9939]},"properties":{"name":"瑞億牙醫診所","type":"診所","address":"新北市板橋區德興街37巷20號1樓"}},{"type":"Feature","geometry":{"type":"Point","coordinates":[121.461007,25.00499]},"properties":{"name":"民川牙醫診所","type":"診所","address":"新北市板橋區成都街29號"}},{"type":"Feature","geometry":{"type":"Point","coordinates":[121.456635,25.007289]},"properties":{"name":"蔡牙醫診所","type":"診所","address":"新北市板橋區南雅南路1段23號1樓"}},{"type":"Feature","geometry":{"type":"Point","coordinates":[121.455504,25.01481]},"properties":{"name":"子欽牙醫診所","type":"診所","address":"新北市板橋區大智街15號"}},{"type":"Feature","geometry":{"type":"Point","coordinates":[121.463337,25.01821]},"properties":{"name":"泰民牙醫診所","type":"診所","address":"新北市板橋區漢生西路23號"}},{"type":"Feature","geometry":{"type":"Point","coordinates":[121.45173,25.00082]},"properties":{"name":"鴻元牙醫診所","type":"診所","address":"新北市板橋區中山路2段443巷12號（1樓）"}},{"type":"Feature","geometry":{"type":"Point","coordinates":[121.462534,25.007428]},"properties":{"name":"辭林牙醫診所","type":"診所","address":"新北市板橋區館前東路98－3號"}},{"type":"Feature","geometry":{"type":"Point","coordinates":[121.457946,25.015259]},"properties":{"name":"元齡牙醫診所","type":"診所","address":"新北市板橋區民權路258－6號"}},{"type":"Feature","geometry":{"type":"Point","coordinates":[121.53951,24.97265]},"properties":{"name":"偉仁牙醫診所","type":"診所","address":"新北市板橋區三民路2段203之5號（1～3樓）、203之6號"}},{"type":"Feature","geometry":{"type":"Point","coordinates":[121.457692,25.009668]},"properties":{"name":"胡牙醫診所","type":"診所","address":"新北市板橋區文化路1段188巷16號"}},{"type":"Feature","geometry":{"type":"Point","coordinates":[121.462154,25.002085]},"properties":{"name":"後站徐牙醫診所","type":"診所","address":"新北市板橋區忠孝路106號"}},{"type":"Feature","geometry":{"type":"Point","coordinates":[121.455743,25.018887]},"properties":{"name":"光仁牙醫診所","type":"診所","address":"新北市板橋區中正路234號"}},{"type":"Feature","geometry":{"type":"Point","coordinates":[121.459904,25.009613]},"properties":{"name":"上揚牙醫診所","type":"診所","address":"新北市板橋區府中路7號"}},{"type":"Feature","geometry":{"type":"Point","coordinates":[121.468582,25.007639]},"properties":{"name":"板橋林牙醫診所","type":"診所","address":"新北市板橋區民族路173號"}},{"type":"Feature","geometry":{"type":"Point","coordinates":[121.47175,25.033396]},"properties":{"name":"揚名牙醫診所","type":"診所","address":"新北市板橋區長江路2段236號"}},{"type":"Feature","geometry":{"type":"Point","coordinates":[121.456744,25.011348]},"properties":{"name":"潘牙醫診所","type":"診所","address":"新北市板橋區北門街56號2樓"}},{"type":"Feature","geometry":{"type":"Point","coordinates":[121.457692,25.009668]},"properties":{"name":"大林牙醫診所","type":"診所","address":"新北市板橋區文化路1段3號2樓"}},{"type":"Feature","geometry":{"type":"Point","coordinates":[121.46876,25.023908]},"properties":{"name":"麗德牙醫診所","type":"診所","address":"新北市板橋區文化路2段20號2樓"}},{"type":"Feature","geometry":{"type":"Point","coordinates":[121.485895,25.061771]},"properties":{"name":"中心牙醫診所","type":"診所","address":"新北市板橋區中山路2段308號"}},{"type":"Feature","geometry":{"type":"Point","coordinates":[121.461849,25.029101]},"properties":{"name":"正昌牙醫診所","type":"診所","address":"新北市板橋區裕民街36巷1號"}},{"type":"Feature","geometry":{"type":"Point","coordinates":[121.456215,25.006937]},"properties":{"name":"博仁牙醫診所","type":"診所","address":"新北市板橋區南雅南路2段11─3號1樓"}},{"type":"Feature","geometry":{"type":"Point","coordinates":[121.4788,25.031074]},"properties":{"name":"頂好牙醫診所","type":"診所","address":"新北市板橋區懷德街123號"}},{"type":"Feature","geometry":{"type":"Point","coordinates":[121.456635,25.007289]},"properties":{"name":"益新牙醫診所","type":"診所","address":"新北市板橋區南雅南路1段74號（1、2樓）"}},{"type":"Feature","geometry":{"type":"Point","coordinates":[121.45173,25.00082]},"properties":{"name":"章牙醫診所","type":"診所","address":"新北市板橋區中山路2段86號2樓"}},{"type":"Feature","geometry":{"type":"Point","coordinates":[121.457704,25.015202]},"properties":{"name":"福倫牙醫診所","type":"診所","address":"新北市板橋區民權路219號"}},{"type":"Feature","geometry":{"type":"Point","coordinates":[121.457269,25.010951]},"properties":{"name":"今日牙醫診所","type":"診所","address":"新北市板橋區北門街30號"}},{"type":"Feature","geometry":{"type":"Point","coordinates":[121.457692,25.009668]},"properties":{"name":"安信牙醫診所","type":"診所","address":"新北市板橋區文化路1段355號1、2樓"}},{"type":"Feature","geometry":{"type":"Point","coordinates":[121.456215,25.00966]},"properties":{"name":"簡牙醫診所","type":"診所","address":"新北市板橋區府中路88號"}},{"type":"Feature","geometry":{"type":"Point","coordinates":[121.455914,25.017969]},"properties":{"name":"兆祥牙醫診所","type":"診所","address":"新北市板橋區中正路233號1、2樓"}},{"type":"Feature","geometry":{"type":"Point","coordinates":[121.46876,25.023908]},"properties":{"name":"德聲牙醫診所","type":"診所","address":"新北市板橋區文化路2段324號"}},{"type":"Feature","geometry":{"type":"Point","coordinates":[121.455604,25.01863]},"properties":{"name":"玉山牙醫診所","type":"診所","address":"新北市板橋區中正路265號"}},{"type":"Feature","geometry":{"type":"Point","coordinates":[121.464878,25.02513]},"properties":{"name":"慶安牙醫診所","type":"診所","address":"新北市板橋區四維路137巷1弄1號1樓"}},{"type":"Feature","geometry":{"type":"Point","coordinates":[121.455919,25.009675]},"properties":{"name":"培源牙醫診所","type":"診所","address":"新北市板橋區府中路100號"}},{"type":"Feature","geometry":{"type":"Point","coordinates":[121.469145,25.007459]},"properties":{"name":"吉祥牙醫診所","type":"診所","address":"新北市板橋區民族路205號"}},{"type":"Feature","geometry":{"type":"Point","coordinates":[121.455521,25.008556]},"properties":{"name":"雙安牙醫診所","type":"診所","address":"新北市板橋區館前西路150之1號"}},{"type":"Feature","geometry":{"type":"Point","coordinates":[121.454903,25.004634]},"properties":{"name":"寰宇牙醫診所","type":"診所","address":"新北市板橋區南雅西路2段2號2樓"}},{"type":"Feature","geometry":{"type":"Point","coordinates":[121.46876,25.023908]},"properties":{"name":"江子翠林牙醫診所","type":"診所","address":"新北市板橋區文化路2段333號"}},{"type":"Feature","geometry":{"type":"Point","coordinates":[121.477706,25.025007]},"properties":{"name":"鴻安牙醫診所","type":"診所","address":"新北市板橋區萬板路308號（1樓）"}},{"type":"Feature","geometry":{"type":"Point","coordinates":[121.45173,25.00082]},"properties":{"name":"智中牙醫診所","type":"診所","address":"新北市板橋區中山路2段166號"}},{"type":"Feature","geometry":{"type":"Point","coordinates":[121.464164,25.002607]},"properties":{"name":"呂忠孝牙醫診所","type":"診所","address":"新北市板橋區忠孝路177號"}},{"type":"Feature","geometry":{"type":"Point","coordinates":[121.462877,25.007516]},"properties":{"name":"遠東牙醫診所","type":"診所","address":"新北市板橋區館前東路104號1、2樓"}},{"type":"Feature","geometry":{"type":"Point","coordinates":[121.47175,25.033396]},"properties":{"name":"建國牙醫診所","type":"診所","address":"新北市板橋區長江路2段280－13號"}},{"type":"Feature","geometry":{"type":"Point","coordinates":[121.456543,24.996032]},"properties":{"name":"智群牙醫診所","type":"診所","address":"新北市板橋區四川路1段286巷3號"}},{"type":"Feature","geometry":{"type":"Point","coordinates":[121.456127,25.012891]},"properties":{"name":"卓群牙醫診所","type":"診所","address":"新北市板橋區中正路31號1樓及地下室"}},{"type":"Feature","geometry":{"type":"Point","coordinates":[121.454903,25.004634]},"properties":{"name":"揚齡牙醫診所","type":"診所","address":"新北市板橋區南雅西路2段98－4號"}},{"type":"Feature","geometry":{"type":"Point","coordinates":[121.453554,25.01557]},"properties":{"name":"瑞安牙醫診所","type":"診所","address":"新北市板橋區大智街73號1樓"}},{"type":"Feature","geometry":{"type":"Point","coordinates":[121.459826,25.027887]},"properties":{"name":"大學牙醫診所","type":"診所","address":"新北市板橋區裕民街108號1樓"}},{"type":"Feature","geometry":{"type":"Point","coordinates":[121.461982,25.006483]},"properties":{"name":"偉新牙醫診所","type":"診所","address":"新北市板橋區重慶路83號"}},{"type":"Feature","geometry":{"type":"Point","coordinates":[121.456914,25.010115]},"properties":{"name":"天下牙醫診所","type":"診所","address":"新北市板橋區後菜園街19號"}},{"type":"Feature","geometry":{"type":"Point","coordinates":[121.456842,25.005118]},"properties":{"name":"聖潔牙醫診所","type":"診所","address":"新北市板橋區華興街83號1樓"}},{"type":"Feature","geometry":{"type":"Point","coordinates":[121.469823,25.007208]},"properties":{"name":"海山牙醫聯合診所","type":"診所","address":"新北市板橋區民族路231號"}},{"type":"Feature","geometry":{"type":"Point","coordinates":[121.45612,25.01808]},"properties":{"name":"浩恩牙醫診所","type":"診所","address":"新北市板橋區中正路206號1、2樓"}},{"type":"Feature","geometry":{"type":"Point","coordinates":[121.464312,25.026538]},"properties":{"name":"益群牙醫診所","type":"診所","address":"新北市板橋區四維路179號"}},{"type":"Feature","geometry":{"type":"Point","coordinates":[121.461278,25.006346]},"properties":{"name":"仁宏牙醫診所","type":"診所","address":"新北市板橋區重慶路76巷6號"}},{"type":"Feature","geometry":{"type":"Point","coordinates":[121.44356,25.002018]},"properties":{"name":"大觀牙醫診所","type":"診所","address":"新北市板橋區龍興街71巷6號"}},{"type":"Feature","geometry":{"type":"Point","coordinates":[121.457692,25.009668]},"properties":{"name":"勇年牙醫診所","type":"診所","address":"新北市板橋區文化路1段277號1樓"}},{"type":"Feature","geometry":{"type":"Point","coordinates":[121.428407,24.989544]},"properties":{"name":"台笙牙醫診所","type":"診所","address":"新北市板橋區溪北路83號"}},{"type":"Feature","geometry":{"type":"Point","coordinates":[121.462962,25.00164]},"properties":{"name":"重慶牙醫診所","type":"診所","address":"新北市板橋區重慶路205，205－1號1，2樓"}},{"type":"Feature","geometry":{"type":"Point","coordinates":[121.47625,25.032078]},"properties":{"name":"良鴻牙醫診所","type":"診所","address":"新北市板橋區仁化街87號1樓"}},{"type":"Feature","geometry":{"type":"Point","coordinates":[121.479444,25.033012]},"properties":{"name":"浩明牙醫診所","type":"診所","address":"新北市板橋區民治街52巷5弄1號"}},{"type":"Feature","geometry":{"type":"Point","coordinates":[121.463957,25.004956]},"properties":{"name":"健和牙醫診所","type":"診所","address":"新北市板橋區實踐路96號1樓，2樓及98號1樓，2樓"}},{"type":"Feature","geometry":{"type":"Point","coordinates":[121.462877,25.018729]},"properties":{"name":"翰生牙醫診所","type":"診所","address":"新北市板橋區漢生西路71號"}},{"type":"Feature","geometry":{"type":"Point","coordinates":[121.456543,24.996032]},"properties":{"name":"惠康牙醫診所","type":"診所","address":"新北市板橋區四川路1段359號"}},{"type":"Feature","geometry":{"type":"Point","coordinates":[121.473573,25.024088]},"properties":{"name":"健倫牙醫診所","type":"診所","address":"新北市板橋區莒光路157號一樓"}},{"type":"Feature","geometry":{"type":"Point","coordinates":[121.43004,24.986452]},"properties":{"name":"法華牙醫診所","type":"診所","address":"新北市板橋區金門街301號"}},{"type":"Feature","geometry":{"type":"Point","coordinates":[121.458929,25.018104]},"properties":{"name":"吳國柱牙醫診所","type":"診所","address":"新北市板橋區國光路63號1樓"}},{"type":"Feature","geometry":{"type":"Point","coordinates":[121.479429,25.030165]},"properties":{"name":"康喬牙醫診所","type":"診所","address":"新北市板橋區懷德街181巷1號1樓、3號1樓"}},{"type":"Feature","geometry":{"type":"Point","coordinates":[121.465406,25.002802]},"properties":{"name":"東北牙醫診所","type":"診所","address":"新北市板橋區忠孝路213號1樓、2樓"}},{"type":"Feature","geometry":{"type":"Point","coordinates":[121.471668,25.024854]},"properties":{"name":"展望牙醫診所","type":"診所","address":"新北市板橋區莊敬路149號"}},{"type":"Feature","geometry":{"type":"Point","coordinates":[121.53951,24.97265]},"properties":{"name":"育德牙醫診所","type":"診所","address":"新北市板橋區三民路2段113號"}},{"type":"Feature","geometry":{"type":"Point","coordinates":[121.459779,25.001709]},"properties":{"name":"時代牙醫診所","type":"診所","address":"新北市板橋區忠孝路12號"}},{"type":"Feature","geometry":{"type":"Point","coordinates":[121.475503,25.028163]},"properties":{"name":"時尚牙醫診所","type":"診所","address":"新北市板橋區雙十路2段152號1樓及松柏街1巷7號1樓"}},{"type":"Feature","geometry":{"type":"Point","coordinates":[121.462673,24.996376]},"properties":{"name":"民懷牙醫診所","type":"診所","address":"新北市板橋區國慶路181號"}},{"type":"Feature","geometry":{"type":"Point","coordinates":[121.478133,25.023889]},"properties":{"name":"全安牙醫診所","type":"診所","address":"新北市板橋區雙十路3段35號"}},{"type":"Feature","geometry":{"type":"Point","coordinates":[121.475504,25.030353]},"properties":{"name":"松柏牙醫診所","type":"診所","address":"新北市板橋區松柏街41號"}},{"type":"Feature","geometry":{"type":"Point","coordinates":[121.472,25.007301]},"properties":{"name":"太平洋牙醫診所","type":"診所","address":"新北市板橋區漢生東路348號1樓"}},{"type":"Feature","geometry":{"type":"Point","coordinates":[121.442697,24.999739]},"properties":{"name":"新品牙醫診所","type":"診所","address":"新北市板橋區龍興街15號1樓"}},{"type":"Feature","geometry":{"type":"Point","coordinates":[121.532096,24.985962]},"properties":{"name":"新安牙醫診所","type":"診所","address":"新北市板橋區民生路2段218號1樓"}},{"type":"Feature","geometry":{"type":"Point","coordinates":[121.455709,24.996235]},"properties":{"name":"喜樂牙醫診所","type":"診所","address":"新北市板橋區四川路2段99－7號"}},{"type":"Feature","geometry":{"type":"Point","coordinates":[121.456543,24.996032]},"properties":{"name":"國新德威牙醫診所","type":"診所","address":"新北市板橋區四川路1段253號1樓"}},{"type":"Feature","geometry":{"type":"Point","coordinates":[121.46876,25.023908]},"properties":{"name":"誼康美學牙醫診所","type":"診所","address":"新北市板橋區文化路2段135號（1樓）"}},{"type":"Feature","geometry":{"type":"Point","coordinates":[121.456635,25.007289]},"properties":{"name":"南雅牙醫診所","type":"診所","address":"新北市板橋區南雅南路1段95號1、2樓"}},{"type":"Feature","geometry":{"type":"Point","coordinates":[121.46876,25.023908]},"properties":{"name":"立潔牙醫診所","type":"診所","address":"新北市板橋區文化路2段23號1樓"}},{"type":"Feature","geometry":{"type":"Point","coordinates":[121.457692,25.009668]},"properties":{"name":"誠信牙醫診所","type":"診所","address":"新北市板橋區文化路1段125號"}},{"type":"Feature","geometry":{"type":"Point","coordinates":[121.475503,25.028163]},"properties":{"name":"板橋現代牙醫診所","type":"診所","address":"新北市板橋區雙十路2段118號1．2樓"}},{"type":"Feature","geometry":{"type":"Point","coordinates":[121.46435,25.004116]},"properties":{"name":"佳園牙醫診所","type":"診所","address":"新北市板橋區實踐路159號"}},{"type":"Feature","geometry":{"type":"Point","coordinates":[121.462272,25.018658]},"properties":{"name":"懷安牙醫診所","type":"診所","address":"新北市板橋區國光路215號"}},{"type":"Feature","geometry":{"type":"Point","coordinates":[121.463795,25.010495]},"properties":{"name":"邱慶來牙醫診所","type":"診所","address":"新北市板橋區新民街7巷18之1號（2樓）"}},{"type":"Feature","geometry":{"type":"Point","coordinates":[121.461423,25.024831]},"properties":{"name":"昱盛牙醫診所","type":"診所","address":"新北市板橋區英士路43號"}},{"type":"Feature","geometry":{"type":"Point","coordinates":[121.45173,25.00082]},"properties":{"name":"忠丞牙醫診所","type":"診所","address":"新北市板橋區中山路2段408號"}},{"type":"Feature","geometry":{"type":"Point","coordinates":[121.457692,25.009668]},"properties":{"name":"晶美牙醫診所","type":"診所","address":"新北市板橋區文化路1段219－1號〈共4層使用1至3樓〉"}},{"type":"Feature","geometry":{"type":"Point","coordinates":[121.53951,24.97265]},"properties":{"name":"振榮牙醫診所","type":"診所","address":"新北市板橋區三民路2段157號"}},{"type":"Feature","geometry":{"type":"Point","coordinates":[121.463557,24.997832]},"properties":{"name":"家德牙醫診所","type":"診所","address":"新北市板橋區重慶路308巷10號"}},{"type":"Feature","geometry":{"type":"Point","coordinates":[121.475503,25.028163]},"properties":{"name":"惟美牙醫診所","type":"診所","address":"新北市板橋區雙十路2段6號1樓"}},{"type":"Feature","geometry":{"type":"Point","coordinates":[121.475881,25.032057]},"properties":{"name":"晴天牙醫診所","type":"診所","address":"新北市板橋區文聖街23號及25號1樓"}},{"type":"Feature","geometry":{"type":"Point","coordinates":[121.457692,25.009668]},"properties":{"name":"薪馨牙醫診所","type":"診所","address":"新北市板橋區文化路1段7號1、2樓"}},{"type":"Feature","geometry":{"type":"Point","coordinates":[121.456543,24.996032]},"properties":{"name":"板橋誠品牙醫診所","type":"診所","address":"新北市板橋區四川路1段57號2樓"}},{"type":"Feature","geometry":{"type":"Point","coordinates":[121.47143,25.024071]},"properties":{"name":"聖恩牙醫診所","type":"診所","address":"新北市板橋區莒光路74號1樓"}},{"type":"Feature","geometry":{"type":"Point","coordinates":[121.485895,25.061771]},"properties":{"name":"德崴聯合牙醫診所","type":"診所","address":"新北市板橋區中山路2段224號"}},{"type":"Feature","geometry":{"type":"Point","coordinates":[121.533597,24.987925]},"properties":{"name":"菁樺牙醫診所","type":"診所","address":"新北市板橋區民生路1段19號1樓"}},{"type":"Feature","geometry":{"type":"Point","coordinates":[121.456205,25.013424]},"properties":{"name":"岳德聯合牙醫診所","type":"診所","address":"新北市板橋區中正路43號1，2樓"}},{"type":"Feature","geometry":{"type":"Point","coordinates":[121.429411,24.988758]},"properties":{"name":"大立牙醫診所","type":"診所","address":"新北市板橋區溪北路130號"}},{"type":"Feature","geometry":{"type":"Point","coordinates":[121.461034,25.02282]},"properties":{"name":"正欣牙醫診所","type":"診所","address":"新北市板橋區新海路115號"}},{"type":"Feature","geometry":{"type":"Point","coordinates":[121.455164,25.02005]},"properties":{"name":"盈仁牙醫診所","type":"診所","address":"新北市板橋區中正路278號"}},{"type":"Feature","geometry":{"type":"Point","coordinates":[121.455743,25.018887]},"properties":{"name":"馬太牙醫診所","type":"診所","address":"新北市板橋區中正路234號之1"}},{"type":"Feature","geometry":{"type":"Point","coordinates":[121.450661,25.008618]},"properties":{"name":"安和牙醫診所","type":"診所","address":"新北市板橋區大觀路2段142－4號"}},{"type":"Feature","geometry":{"type":"Point","coordinates":[121.460611,25.001839]},"properties":{"name":"匯通牙醫診所","type":"診所","address":"新北市板橋區忠孝路46號"}},{"type":"Feature","geometry":{"type":"Point","coordinates":[121.429174,24.987906]},"properties":{"name":"德全牙醫診所","type":"診所","address":"新北市板橋區篤行路2段78號1－2樓"}},{"type":"Feature","geometry":{"type":"Point","coordinates":[121.412272,24.960088]},"properties":{"name":"軒品牙醫診所","type":"診所","address":"新北市板橋區中山路2段106號1、2樓及108號1、2樓"}},{"type":"Feature","geometry":{"type":"Point","coordinates":[121.457692,25.009668]},"properties":{"name":"台達牙醫診所","type":"診所","address":"新北市板橋區文化路1段134號"}},{"type":"Feature","geometry":{"type":"Point","coordinates":[121.457692,25.009668]},"properties":{"name":"潔品牙醫聯合診所","type":"診所","address":"新北市板橋區文化路1段359號1，2，3，4樓"}},{"type":"Feature","geometry":{"type":"Point","coordinates":[121.45173,25.00082]},"properties":{"name":"東華牙醫診所","type":"診所","address":"新北市板橋區中山路2段200號"}},{"type":"Feature","geometry":{"type":"Point","coordinates":[121.432,24.98902]},"properties":{"name":"正安牙醫診所","type":"診所","address":"新北市板橋區金門街249號"}},{"type":"Feature","geometry":{"type":"Point","coordinates":[121.45173,25.00082]},"properties":{"name":"日麗牙醫診所","type":"診所","address":"新北市板橋區中山路1段30號1樓"}},{"type":"Feature","geometry":{"type":"Point","coordinates":[121.46876,25.023908]},"properties":{"name":"新埔牙醫診所","type":"診所","address":"新北市板橋區文化路2段17號"}},{"type":"Feature","geometry":{"type":"Point","coordinates":[121.466638,25.021567]},"properties":{"name":"冠德牙醫診所","type":"診所","address":"新北市板橋區陽明街5號1樓"}},{"type":"Feature","geometry":{"type":"Point","coordinates":[121.462396,25.002338]},"properties":{"name":"京品牙醫診所","type":"診所","address":"新北市板橋區忠孝路97號"}},{"type":"Feature","geometry":{"type":"Point","coordinates":[121.465175,25.022105]},"properties":{"name":"嘉呈牙醫診所","type":"診所","address":"新北市板橋區陽明街35號（1樓）"}},{"type":"Feature","geometry":{"type":"Point","coordinates":[121.461956,25.02171]},"properties":{"name":"得雅牙醫診所","type":"診所","address":"新北市板橋區新海路68號"}},{"type":"Feature","geometry":{"type":"Point","coordinates":[121.461405,25.024499]},"properties":{"name":"東暘牙醫診所","type":"診所","address":"新北市板橋區雨農路30號1樓、32號1樓、2樓"}},{"type":"Feature","geometry":{"type":"Point","coordinates":[121.457275,25.00738]},"properties":{"name":"晨軒牙醫診所","type":"診所","address":"新北市板橋區館前西路98號"}},{"type":"Feature","geometry":{"type":"Point","coordinates":[121.45631,25.00289]},"properties":{"name":"貴興牙醫診所","type":"診所","address":"新北市板橋區貴興路80號1樓"}},{"type":"Feature","geometry":{"type":"Point","coordinates":[121.45173,25.00082]},"properties":{"name":"合美牙醫診所","type":"診所","address":"新北市板橋區中山路2段99號1、2樓"}},{"type":"Feature","geometry":{"type":"Point","coordinates":[121.430244,24.986611]},"properties":{"name":"杏橋牙醫診所","type":"診所","address":"新北市板橋區金門街295號1樓"}},{"type":"Feature","geometry":{"type":"Point","coordinates":[121.467948,25.024757]},"properties":{"name":"康祐牙醫診所","type":"診所","address":"新北市板橋區光武街17號1樓"}},{"type":"Feature","geometry":{"type":"Point","coordinates":[121.46655,25.008369]},"properties":{"name":"大原牙醫診所","type":"診所","address":"新北市板橋區民族路97號1樓"}},{"type":"Feature","geometry":{"type":"Point","coordinates":[121.461353,25.002167]},"properties":{"name":"喆品牙醫診所","type":"診所","address":"新北市板橋區忠孝路55號1、2樓"}},{"type":"Feature","geometry":{"type":"Point","coordinates":[121.475473,25.031273]},"properties":{"name":"恩美牙醫診所","type":"診所","address":"新北市板橋區仁化街42巷7號1樓"}},{"type":"Feature","geometry":{"type":"Point","coordinates":[121.468852,25.030329]},"properties":{"name":"宜聖牙醫診所","type":"診所","address":"新北市板橋區吳鳳路50巷41號1樓"}},{"type":"Feature","geometry":{"type":"Point","coordinates":[121.463857,25.027285]},"properties":{"name":"舒活牙醫診所","type":"診所","address":"新北市板橋區四維路227號1樓、2樓"}},{"type":"Feature","geometry":{"type":"Point","coordinates":[121.427081,24.990339]},"properties":{"name":"辰宏牙醫診所","type":"診所","address":"新北市板橋區溪北路25號1樓"}},{"type":"Feature","geometry":{"type":"Point","coordinates":[121.46569,25.022045]},"properties":{"name":"長殷牙醫診所","type":"診所","address":"新北市板橋區陽明街46－1號1樓"}},{"type":"Feature","geometry":{"type":"Point","coordinates":[121.460865,25.018508]},"properties":{"name":"杏福牙醫診所","type":"診所","address":"新北市板橋區國光路181號1樓及夾層"}},{"type":"Feature","geometry":{"type":"Point","coordinates":[121.45173,25.00082]},"properties":{"name":"精英牙醫診所","type":"診所","address":"新北市板橋區中山路2段84之4號1樓、2樓"}},{"type":"Feature","geometry":{"type":"Point","coordinates":[121.461892,24.996223]},"properties":{"name":"典揚牙醫診所","type":"診所","address":"新北市板橋區國慶路161號（1樓）"}},{"type":"Feature","geometry":{"type":"Point","coordinates":[121.463172,25.007557]},"properties":{"name":"嘉得牙醫診所","type":"診所","address":"新北市板橋區館前東路108號1樓及2樓"}},{"type":"Feature","geometry":{"type":"Point","coordinates":[121.433093,24.992977]},"properties":{"name":"德恩牙醫診所","type":"診所","address":"新北市板橋區金門街54號1樓及夾層"}},{"type":"Feature","geometry":{"type":"Point","coordinates":[121.459887,25.018166]},"properties":{"name":"小林美學牙醫診所","type":"診所","address":"新北市板橋區國光路187、189、189－1號2樓"}},{"type":"Feature","geometry":{"type":"Point","coordinates":[121.461911,25.026301]},"properties":{"name":"蔡進富牙醫診所","type":"診所","address":"新北市板橋區陽明街283號1樓"}},{"type":"Feature","geometry":{"type":"Point","coordinates":[121.471565,25.008933]},"properties":{"name":"潔美牙醫診所","type":"診所","address":"新北市板橋區漢生東路281號1樓2樓、283號1樓2樓"}},{"type":"Feature","geometry":{"type":"Point","coordinates":[121.463853,25.012]},"properties":{"name":"史丹佛牙醫診所","type":"診所","address":"新北市板橋區新府路1之2號2樓"}},{"type":"Feature","geometry":{"type":"Point","coordinates":[121.456156,25.017419]},"properties":{"name":"尚美美學牙醫診所","type":"診所","address":"新北市板橋區中正路207號1、2樓"}},{"type":"Feature","geometry":{"type":"Point","coordinates":[121.45173,25.00082]},"properties":{"name":"尚誠牙醫診所","type":"診所","address":"新北市板橋區中山路2段5號（1樓）"}},{"type":"Feature","geometry":{"type":"Point","coordinates":[121.461526,25.002186]},"properties":{"name":"鼎極牙醫診所","type":"診所","address":"新北市板橋區忠孝路61號1樓、63號1樓"}},{"type":"Feature","geometry":{"type":"Point","coordinates":[121.46448,25.005418]},"properties":{"name":"靜思牙醫診所","type":"診所","address":"新北市板橋區實踐路93巷10號1樓"}},{"type":"Feature","geometry":{"type":"Point","coordinates":[121.47513,25.031403]},"properties":{"name":"米蘭時尚牙醫診所","type":"診所","address":"新北市板橋區仁化街40號1樓"}},{"type":"Feature","geometry":{"type":"Point","coordinates":[121.455036,25.019897]},"properties":{"name":"上安牙醫診所","type":"診所","address":"新北市板橋區中正路317號"}},{"type":"Feature","geometry":{"type":"Point","coordinates":[121.47175,25.033396]},"properties":{"name":"御品牙醫診所","type":"診所","address":"新北市板橋區長江路2段165、167號1樓及（夾層）"}},{"type":"Feature","geometry":{"type":"Point","coordinates":[121.456215,25.006937]},"properties":{"name":"旺福牙醫診所","type":"診所","address":"新北市板橋區南雅南路2段158號1樓"}},{"type":"Feature","geometry":{"type":"Point","coordinates":[121.485483,25.061709]},"properties":{"name":"信安牙醫診所","type":"診所","address":"新北市板橋區中山路1段267號（1、2樓）"}},{"type":"Feature","geometry":{"type":"Point","coordinates":[121.457692,25.009668]},"properties":{"name":"新板耀美牙醫診所","type":"診所","address":"新北市板橋區文化路1段85號1、2樓"}},{"type":"Feature","geometry":{"type":"Point","coordinates":[121.464104,25.010353]},"properties":{"name":"樂真牙醫診所","type":"診所","address":"新北市板橋區新民街29號1樓及2樓"}},{"type":"Feature","geometry":{"type":"Point","coordinates":[121.532096,24.985962]},"properties":{"name":"新優植牙醫診所","type":"診所","address":"新北市板橋區民生路2段249號2樓"}},{"type":"Feature","geometry":{"type":"Point","coordinates":[121.426997,24.983508]},"properties":{"name":"品皓牙醫診所","type":"診所","address":"新北市板橋區溪城路85號1樓及2樓"}},{"type":"Feature","geometry":{"type":"Point","coordinates":[121.53361,24.987708]},"properties":{"name":"康祐臻品牙醫診所","type":"診所","address":"新北市板橋區民生路3段32之1號1樓"}},{"type":"Feature","geometry":{"type":"Point","coordinates":[121.470037,25.024749]},"properties":{"name":"艾美牙醫診所","type":"診所","address":"新北市板橋區莒光路21號1、2樓"}},{"type":"Feature","geometry":{"type":"Point","coordinates":[121.457692,25.009668]},"properties":{"name":"絕美牙醫診所","type":"診所","address":"新北市板橋區文化路1段138號1樓、2樓"}},{"type":"Feature","geometry":{"type":"Point","coordinates":[121.4696,25.025953]},"properties":{"name":"東豪牙醫診所","type":"診所","address":"新北市板橋區文化路2段241號1、2樓"}},{"type":"Feature","geometry":{"type":"Point","coordinates":[121.454319,25.016475]},"properties":{"name":"嘉品牙醫診所","type":"診所","address":"新北市板橋區大仁街70號1樓"}},{"type":"Feature","geometry":{"type":"Point","coordinates":[121.457815,25.009563]},"properties":{"name":"晶耀牙醫診所","type":"診所","address":"新北市板橋區文化路2段182巷3弄46－3號1樓、2樓"}},{"type":"Feature","geometry":{"type":"Point","coordinates":[121.471998,25.022074]},"properties":{"name":"至維牙醫診所","type":"診所","address":"新北市板橋區莊敬路229號1樓"}},{"type":"Feature","geometry":{"type":"Point","coordinates":[121.471619,25.008577]},"properties":{"name":"精品牙醫診所","type":"診所","address":"新北市板橋區漢生東路293號1樓及2樓"}},{"type":"Feature","geometry":{"type":"Point","coordinates":[121.429174,24.987906]},"properties":{"name":"汎宇牙醫診所","type":"診所","address":"新北市板橋區篤行路2段104號、106號（1－2樓）"}},{"type":"Feature","geometry":{"type":"Point","coordinates":[121.46876,25.023908]},"properties":{"name":"康維牙醫診所","type":"診所","address":"新北市板橋區文化路2段336號（1、2樓）"}},{"type":"Feature","geometry":{"type":"Point","coordinates":[121.466887,25.011211]},"properties":{"name":"史書華牙醫診所","type":"診所","address":"新北市板橋區民安街30號2樓"}},{"type":"Feature","geometry":{"type":"Point","coordinates":[121.477912,25.029094]},"properties":{"name":"欣采美學牙醫診所","type":"診所","address":"新北市板橋區文聖街176、178號（1樓）"}},{"type":"Feature","geometry":{"type":"Point","coordinates":[121.53361,24.987708]},"properties":{"name":"禾樺牙醫診所","type":"診所","address":"新北市板橋區民生路3段123號1樓及2樓"}},{"type":"Feature","geometry":{"type":"Point","coordinates":[121.442801,24.999572]},"properties":{"name":"藝大美學牙醫診所","type":"診所","address":"新北市板橋區龍興街8號（1樓）"}},{"type":"Feature","geometry":{"type":"Point","coordinates":[121.45173,25.00082]},"properties":{"name":"精英美學牙醫診所","type":"診所","address":"新北市板橋區中山路2段84－4號1樓、2樓"}},{"type":"Feature","geometry":{"type":"Point","coordinates":[121.450661,25.008618]},"properties":{"name":"美麗浮洲牙醫診所","type":"診所","address":"新北市板橋區大觀路2段163巷32號1樓"}},{"type":"Feature","geometry":{"type":"Point","coordinates":[121.46745,25.03067]},"properties":{"name":"優客牙醫診所","type":"診所","address":"新北市板橋區吳鳳路17-1號（1樓）"}},{"type":"Feature","geometry":{"type":"Point","coordinates":[121.447759,24.998204]},"properties":{"name":"莫札特牙醫診所","type":"診所","address":"新北市板橋區合宜路91號（1樓）"}},{"type":"Feature","geometry":{"type":"Point","coordinates":[121.475503,25.028163]},"properties":{"name":"板橋雙十牙醫診所","type":"診所","address":"新北市板橋區雙十路2段158號1樓及2樓"}},{"type":"Feature","geometry":{"type":"Point","coordinates":[121.456215,25.006937]},"properties":{"name":"展揚牙醫診所","type":"診所","address":"新北市板橋區南雅南路2段144巷68號1、2樓"}},{"type":"Feature","geometry":{"type":"Point","coordinates":[121.532096,24.985962]},"properties":{"name":"麗晶牙醫診所","type":"診所","address":"新北市板橋區民生路2段238號1～4樓"}},{"type":"Feature","geometry":{"type":"Point","coordinates":[121.465594,25.022681]},"properties":{"name":"一心牙醫診所","type":"診所","address":"新北市板橋區自由路22號（1樓）、22－1號（2樓）"}},{"type":"Feature","geometry":{"type":"Point","coordinates":[121.45686,24.996087]},"properties":{"name":"牙醫先生牙醫診所","type":"診所","address":"新北市板橋區信義路14號（1樓、2樓）"}},{"type":"Feature","geometry":{"type":"Point","coordinates":[121.46876,25.023908]},"properties":{"name":"英倫牙醫診所","type":"診所","address":"新北市板橋區文化路2段237號1樓"}},{"type":"Feature","geometry":{"type":"Point","coordinates":[121.465453,25.009615]},"properties":{"name":"板橋蒔美牙醫診所","type":"診所","address":"新北市板橋區區運路28號1樓、2樓"}},{"type":"Feature","geometry":{"type":"Point","coordinates":[121.45173,25.00082]},"properties":{"name":"謙岳美學牙醫診所","type":"診所","address":"新北市板橋區中山路1段263號1～3樓"}},{"type":"Feature","geometry":{"type":"Point","coordinates":[121.457692,25.009668]},"properties":{"name":"麗緻美學牙醫診所","type":"診所","address":"新北市板橋區文化路1段255號（1、2樓）"}},{"type":"Feature","geometry":{"type":"Point","coordinates":[121.457692,25.009668]},"properties":{"name":"向日葵美學牙醫診所","type":"診所","address":"新北市板橋區文化路1段181號1～2樓"}},{"type":"Feature","geometry":{"type":"Point","coordinates":[121.456543,24.996032]},"properties":{"name":"星皓牙醫診所","type":"診所","address":"新北市板橋區四川路1段277號1、2樓"}},{"type":"Feature","geometry":{"type":"Point","coordinates":[121.462814,24.996311]},"properties":{"name":"健哲牙醫診所","type":"診所","address":"新北市板橋區重慶路239號（1樓）"}},{"type":"Feature","geometry":{"type":"Point","coordinates":[121.469541,25.012185]},"properties":{"name":"鼎吉牙醫診所","type":"診所","address":"新北市板橋區漢生東路173號1樓"}},{"type":"Feature","geometry":{"type":"Point","coordinates":[121.466864,25.011259]},"properties":{"name":"環球美學牙醫診所","type":"診所","address":"新北市板橋區民安街28號2樓"}},{"type":"Feature","geometry":{"type":"Point","coordinates":[121.474248,25.028372]},"properties":{"name":"江翠牙醫診所","type":"診所","address":"新北市板橋區雙十路二段165號1、2樓"}},{"type":"Feature","geometry":{"type":"Point","coordinates":[121.465332,25.024853]},"properties":{"name":"亮白牙醫診所","type":"診所","address":"新北市板橋區四維路119號（1樓）"}},{"type":"Feature","geometry":{"type":"Point","coordinates":[121.458989,25.014056]},"properties":{"name":"日煦牙醫診所","type":"診所","address":"新北市板橋區民權路210號1、2樓"}},{"type":"Feature","geometry":{"type":"Point","coordinates":[121.459769,25.027687]},"properties":{"name":"偉恩牙醫診所","type":"診所","address":"新北市板橋區裕民街109號（1樓）"}},{"type":"Feature","geometry":{"type":"Point","coordinates":[121.508878,25.025218]},"properties":{"name":"重陽牙醫診所","type":"診所","address":"新北市三重區三民街65－3號1樓"}},{"type":"Feature","geometry":{"type":"Point","coordinates":[121.501502,25.066605]},"properties":{"name":"弘益牙醫診所","type":"診所","address":"新北市三重區三和路4段360－2號"}},{"type":"Feature","geometry":{"type":"Point","coordinates":[121.485358,25.072611]},"properties":{"name":"三重新欣牙醫診所","type":"診所","address":"新北市三重區車路頭街22號"}},{"type":"Feature","geometry":{"type":"Point","coordinates":[121.50148,25.066487]},"properties":{"name":"大洋牙醫診所","type":"診所","address":"新北市三重區三和路2段174號"}},{"type":"Feature","geometry":{"type":"Point","coordinates":[121.495854,25.06007]},"properties":{"name":"聯大牙醫診所","type":"診所","address":"新北市三重區大同南路51號"}},{"type":"Feature","geometry":{"type":"Point","coordinates":[121.495383,25.061671]},"properties":{"name":"光明牙醫診所","type":"診所","address":"新北市三重區重新路5段575號"}},{"type":"Feature","geometry":{"type":"Point","coordinates":[121.492563,25.071831]},"properties":{"name":"厚德牙醫診所","type":"診所","address":"新北市三重區忠孝路1段117號"}},{"type":"Feature","geometry":{"type":"Point","coordinates":[121.489482,25.07274]},"properties":{"name":"仁貴牙醫診所","type":"診所","address":"新北市三重區大智街238－2號1樓"}},{"type":"Feature","geometry":{"type":"Point","coordinates":[121.490467,25.063056]},"properties":{"name":"和國牙醫診所","type":"診所","address":"新北市三重區中正北路61號1樓"}},{"type":"Feature","geometry":{"type":"Point","coordinates":[121.495935,25.06846]},"properties":{"name":"莊牙醫診所","type":"診所","address":"新北市三重區正義北路254號"}},{"type":"Feature","geometry":{"type":"Point","coordinates":[121.494814,25.063732]},"properties":{"name":"英仁牙醫診所","type":"診所","address":"新北市三重區大同北路87號"}},{"type":"Feature","geometry":{"type":"Point","coordinates":[121.478177,25.069212]},"properties":{"name":"久敦牙醫診所","type":"診所","address":"新北市三重區中正北路342號"}},{"type":"Feature","geometry":{"type":"Point","coordinates":[121.500362,25.065046]},"properties":{"name":"李牙醫診所","type":"診所","address":"新北市三重區信義街46號1樓"}},{"type":"Feature","geometry":{"type":"Point","coordinates":[121.498992,25.062755]},"properties":{"name":"林牙醫診所","type":"診所","address":"新北市三重區重新路3段109號"}},{"type":"Feature","geometry":{"type":"Point","coordinates":[121.489464,25.089328]},"properties":{"name":"正光牙醫診所","type":"診所","address":"新北市三重區集賢路127號1樓、2樓"}},{"type":"Feature","geometry":{"type":"Point","coordinates":[121.497574,25.06279]},"properties":{"name":"三富牙醫診所","type":"診所","address":"新北市三重區正義北路10號1、2樓"}},{"type":"Feature","geometry":{"type":"Point","coordinates":[121.490494,25.068851]},"properties":{"name":"翁牙醫診所","type":"診所","address":"新北市三重區自強路1段284號"}},{"type":"Feature","geometry":{"type":"Point","coordinates":[121.497354,25.06355]},"properties":{"name":"星輝牙醫診所","type":"診所","address":"新北市三重區正義北路40號"}},{"type":"Feature","geometry":{"type":"Point","coordinates":[121.497897,25.063214]},"properties":{"name":"正揚牙醫診所","type":"診所","address":"新北市三重區大榮街3號"}},{"type":"Feature","geometry":{"type":"Point","coordinates":[121.483508,25.062105]},"properties":{"name":"上宏牙醫診所","type":"診所","address":"新北市三重區中華路61、63號1樓"}},{"type":"Feature","geometry":{"type":"Point","coordinates":[121.498472,25.072901]},"properties":{"name":"吾佳牙醫診所","type":"診所","address":"新北市三重區龍門路145號"}},{"type":"Feature","geometry":{"type":"Point","coordinates":[121.484882,25.058947]},"properties":{"name":"文陽牙醫診所","type":"診所","address":"新北市三重區三陽路47號1樓"}},{"type":"Feature","geometry":{"type":"Point","coordinates":[121.496749,25.072427]},"properties":{"name":"龍門牙醫診所","type":"診所","address":"新北市三重區龍門路67號"}},{"type":"Feature","geometry":{"type":"Point","coordinates":[121.477476,25.069389]},"properties":{"name":"三重埔展新牙醫診所","type":"診所","address":"新北市三重區中正北路356號1樓"}},{"type":"Feature","geometry":{"type":"Point","coordinates":[121.495502,25.069958]},"properties":{"name":"慶長牙醫診所","type":"診所","address":"新北市三重區正義北路265號"}},{"type":"Feature","geometry":{"type":"Point","coordinates":[121.48874,25.065994]},"properties":{"name":"榮恩牙醫診所","type":"診所","address":"新北市三重區重陽路1段108號"}},{"type":"Feature","geometry":{"type":"Point","coordinates":[121.498988,25.068432]},"properties":{"name":"育安牙醫診所","type":"診所","address":"新北市三重區自強路4段60號"}},{"type":"Feature","geometry":{"type":"Point","coordinates":[121.49824,25.06712]},"properties":{"name":"崇愛牙醫診所","type":"診所","address":"新北市三重區文化北路148號"}},{"type":"Feature","geometry":{"type":"Point","coordinates":[121.485609,25.081007]},"properties":{"name":"和平牙醫診所","type":"診所","address":"新北市三重區溪尾街111號2樓"}},{"type":"Feature","geometry":{"type":"Point","coordinates":[121.499876,25.062796]},"properties":{"name":"大新牙醫診所","type":"診所","address":"新北市三重區重新路2段22號"}},{"type":"Feature","geometry":{"type":"Point","coordinates":[121.491117,25.080976]},"properties":{"name":"華信牙醫診所","type":"診所","address":"新北市三重區仁愛街399號"}},{"type":"Feature","geometry":{"type":"Point","coordinates":[121.495383,25.061671]},"properties":{"name":"湯城牙醫診所","type":"診所","address":"新北市三重區重新路5段609巷20號7樓－6"}},{"type":"Feature","geometry":{"type":"Point","coordinates":[121.501356,25.062795]},"properties":{"name":"金龍牙醫診所","type":"診所","address":"新北市三重區中央南路16號1樓"}},{"type":"Feature","geometry":{"type":"Point","coordinates":[121.498992,25.062755]},"properties":{"name":"吳文財牙醫診所","type":"診所","address":"新北市三重區重新路3段89號"}},{"type":"Feature","geometry":{"type":"Point","coordinates":[121.493722,25.071292]},"properties":{"name":"福信牙醫診所","type":"診所","address":"新北市三重區正義北路366－3號1、2樓"}},{"type":"Feature","geometry":{"type":"Point","coordinates":[121.4925,25.071596]},"properties":{"name":"德倫牙醫診所","type":"診所","address":"新北市三重區忠孝路2段42號"}},{"type":"Feature","geometry":{"type":"Point","coordinates":[121.502399,25.064738]},"properties":{"name":"三重埔牙醫診所","type":"診所","address":"新北市三重區福德北路33號"}},{"type":"Feature","geometry":{"type":"Point","coordinates":[121.483937,25.076522]},"properties":{"name":"東山牙醫診所","type":"診所","address":"新北市三重區車路頭街141號1樓"}},{"type":"Feature","geometry":{"type":"Point","coordinates":[121.493425,25.067597]},"properties":{"name":"聯合牙醫診所","type":"診所","address":"新北市三重區正義北路103號"}},{"type":"Feature","geometry":{"type":"Point","coordinates":[121.490494,25.068851]},"properties":{"name":"大眾牙醫診所","type":"診所","address":"新北市三重區自強路1段99號"}},{"type":"Feature","geometry":{"type":"Point","coordinates":[121.496506,25.066299]},"properties":{"name":"欣華牙醫診所","type":"診所","address":"新北市三重區正義北路154號1．2樓及3樓之二"}},{"type":"Feature","geometry":{"type":"Point","coordinates":[121.488777,25.066591]},"properties":{"name":"興和牙醫診所","type":"診所","address":"新北市三重區力行路1段251號"}},{"type":"Feature","geometry":{"type":"Point","coordinates":[121.499539,25.064774]},"properties":{"name":"江村牙醫診所","type":"診所","address":"新北市三重區錦通里信義街13號1樓"}},{"type":"Feature","geometry":{"type":"Point","coordinates":[121.603374,25.057957]},"properties":{"name":"桂冠牙醫診所","type":"診所","address":"新北市三重區重陽路1段114號1樓"}},{"type":"Feature","geometry":{"type":"Point","coordinates":[121.484711,25.065797]},"properties":{"name":"捷登牙醫診所","type":"診所","address":"新北市三重區中正北路150號"}},{"type":"Feature","geometry":{"type":"Point","coordinates":[121.4926,25.078827]},"properties":{"name":"華健牙醫診所","type":"診所","address":"新北市三重區仁愛街276號"}},{"type":"Feature","geometry":{"type":"Point","coordinates":[121.479385,25.068016]},"properties":{"name":"品辰牙醫診所","type":"診所","address":"新北市三重區三民街269號"}},{"type":"Feature","geometry":{"type":"Point","coordinates":[121.496106,25.059806]},"properties":{"name":"重新牙醫診所","type":"診所","address":"新北市三重區大同南路62號"}},{"type":"Feature","geometry":{"type":"Point","coordinates":[121.483572,25.060701]},"properties":{"name":"金中華牙醫診所","type":"診所","address":"新北市三重區中華路1號"}},{"type":"Feature","geometry":{"type":"Point","coordinates":[121.481733,25.078076]},"properties":{"name":"順祥牙醫診所","type":"診所","address":"新北市三重區永福街50號1樓"}},{"type":"Feature","geometry":{"type":"Point","coordinates":[121.482852,25.067354]},"properties":{"name":"美善牙醫診所","type":"診所","address":"新北市三重區中正北路139號"}},{"type":"Feature","geometry":{"type":"Point","coordinates":[121.481842,25.071955]},"properties":{"name":"全鴻牙醫診所","type":"診所","address":"新北市三重區力行路2段164號"}},{"type":"Feature","geometry":{"type":"Point","coordinates":[121.485535,25.06321]},"properties":{"name":"余延年牙醫診所","type":"診所","address":"新北市三重區三民街91號"}},{"type":"Feature","geometry":{"type":"Point","coordinates":[121.48008,25.068753]},"properties":{"name":"日盛植牙美學牙醫診所","type":"診所","address":"新北市三重區中正北路296號、298號、300號"}},{"type":"Feature","geometry":{"type":"Point","coordinates":[121.482115,25.080392]},"properties":{"name":"欣誼牙醫診所","type":"診所","address":"新北市三重區仁愛街672號"}},{"type":"Feature","geometry":{"type":"Point","coordinates":[121.611849,25.06012]},"properties":{"name":"維昌牙醫診所","type":"診所","address":"新北市三重區重陽路1段73號1樓"}},{"type":"Feature","geometry":{"type":"Point","coordinates":[121.501502,25.066605]},"properties":{"name":"光美牙醫診所","type":"診所","address":"新北市三重區三和路4段316號"}},{"type":"Feature","geometry":{"type":"Point","coordinates":[121.492563,25.071831]},"properties":{"name":"妙典牙醫診所","type":"診所","address":"新北市三重區忠孝路1段81號1樓"}},{"type":"Feature","geometry":{"type":"Point","coordinates":[121.489799,25.053079]},"properties":{"name":"長榮牙醫診所","type":"診所","address":"新北市三重區集美街156號1樓"}},{"type":"Feature","geometry":{"type":"Point","coordinates":[121.493515,25.0714]},"properties":{"name":"傑出聯合牙醫診所","type":"診所","address":"新北市三重區正義北路370號"}},{"type":"Feature","geometry":{"type":"Point","coordinates":[121.483962,25.074733]},"properties":{"name":"永福牙醫診所","type":"診所","address":"新北市三重區永福街252號"}},{"type":"Feature","geometry":{"type":"Point","coordinates":[121.488748,25.080226]},"properties":{"name":"泛美牙醫診所","type":"診所","address":"新北市三重區溪尾街164號1樓"}},{"type":"Feature","geometry":{"type":"Point","coordinates":[121.493628,25.067307]},"properties":{"name":"保誠牙醫診所","type":"診所","address":"新北市三重區雙園街109號"}},{"type":"Feature","geometry":{"type":"Point","coordinates":[121.484301,25.06121]},"properties":{"name":"勝華牙醫診所","type":"診所","address":"新北市三重區中華路86號"}},{"type":"Feature","geometry":{"type":"Point","coordinates":[121.488286,25.082291]},"properties":{"name":"群和牙醫診所","type":"診所","address":"新北市三重區仁愛街499號"}},{"type":"Feature","geometry":{"type":"Point","coordinates":[121.501358,25.062906]},"properties":{"name":"馬克牙醫診所","type":"診所","address":"新北市三重區中央南路12號1樓"}},{"type":"Feature","geometry":{"type":"Point","coordinates":[121.499402,25.062922]},"properties":{"name":"親德牙醫診所","type":"診所","address":"新北市三重區重新路1段82號1樓"}},{"type":"Feature","geometry":{"type":"Point","coordinates":[121.611849,25.06012]},"properties":{"name":"安慶牙醫診所","type":"診所","address":"新北市三重區重陽路1段113巷19號1樓"}},{"type":"Feature","geometry":{"type":"Point","coordinates":[121.484668,25.054216]},"properties":{"name":"華品牙醫診所","type":"診所","address":"新北市三重區捷運路22巷50號1樓"}},{"type":"Feature","geometry":{"type":"Point","coordinates":[121.490228,25.052863]},"properties":{"name":"奇美牙醫診所","type":"診所","address":"新北市三重區集美街119號"}},{"type":"Feature","geometry":{"type":"Point","coordinates":[121.488145,25.063493]},"properties":{"name":"石公燦牙醫診所","type":"診所","address":"新北市三重區中正北路28號1樓"}},{"type":"Feature","geometry":{"type":"Point","coordinates":[121.488325,25.082293]},"properties":{"name":"宜德牙醫診所","type":"診所","address":"新北市三重區仁愛街497號"}},{"type":"Feature","geometry":{"type":"Point","coordinates":[121.501502,25.066605]},"properties":{"name":"景康牙醫診所","type":"診所","address":"新北市三重區三和路4段233號2樓"}},{"type":"Feature","geometry":{"type":"Point","coordinates":[121.498813,25.063557]},"properties":{"name":"元品牙醫診所","type":"診所","address":"新北市三重區大榮街38號1樓"}},{"type":"Feature","geometry":{"type":"Point","coordinates":[121.495428,25.061439]},"properties":{"name":"晶典牙醫診所","type":"診所","address":"新北市三重區重新路4段53號"}},{"type":"Feature","geometry":{"type":"Point","coordinates":[121.492323,25.071864]},"properties":{"name":"威登牙醫診所","type":"診所","address":"新北市三重區忠孝路3段32號1．2樓"}},{"type":"Feature","geometry":{"type":"Point","coordinates":[121.490725,25.053199]},"properties":{"name":"吉祐牙醫診所","type":"診所","address":"新北市三重區集美街153號"}},{"type":"Feature","geometry":{"type":"Point","coordinates":[121.502064,25.066739]},"properties":{"name":"首席牙醫診所","type":"診所","address":"新北市三重區三和路3段102號1、2樓、104號1、2樓"}},{"type":"Feature","geometry":{"type":"Point","coordinates":[121.494153,25.058301]},"properties":{"name":"詠琦牙醫診所","type":"診所","address":"新北市三重區中正南路89號1樓"}},{"type":"Feature","geometry":{"type":"Point","coordinates":[121.494961,25.070247]},"properties":{"name":"冠華牙醫診所","type":"診所","address":"新北市三重區正義北路316號1、2樓"}},{"type":"Feature","geometry":{"type":"Point","coordinates":[121.476414,25.070092]},"properties":{"name":"龍騰牙醫診所","type":"診所","address":"新北市三重區中正北路211號1樓"}},{"type":"Feature","geometry":{"type":"Point","coordinates":[121.609135,25.059421]},"properties":{"name":"寶石牙醫診所","type":"診所","address":"新北市三重區重陽路3段144號1、2、3樓"}},{"type":"Feature","geometry":{"type":"Point","coordinates":[121.490318,25.053828]},"properties":{"name":"寶徠牙醫診所","type":"診所","address":"新北市三重區集美街126巷35號1樓"}},{"type":"Feature","geometry":{"type":"Point","coordinates":[121.487755,25.08718]},"properties":{"name":"綺美牙醫診所","type":"診所","address":"新北市三重區五華街238號、240號1樓"}},{"type":"Feature","geometry":{"type":"Point","coordinates":[121.48686,25.085174]},"properties":{"name":"宸禾牙醫診所","type":"診所","address":"新北市三重區三信路208號1樓、210號1樓"}},{"type":"Feature","geometry":{"type":"Point","coordinates":[121.501502,25.066605]},"properties":{"name":"太安牙醫診所","type":"診所","address":"新北市三重區三和路4段314號1樓"}},{"type":"Feature","geometry":{"type":"Point","coordinates":[121.49973,25.068226]},"properties":{"name":"創健牙醫診所","type":"診所","address":"新北市三重區長安街110號1樓"}},{"type":"Feature","geometry":{"type":"Point","coordinates":[121.495428,25.061439]},"properties":{"name":"美緹牙醫診所","type":"診所","address":"新北市三重區重新路4段6號1樓、2樓"}},{"type":"Feature","geometry":{"type":"Point","coordinates":[121.492323,25.071864]},"properties":{"name":"威登美學牙醫診所","type":"診所","address":"新北市三重區忠孝路3段45號1樓、2樓"}},{"type":"Feature","geometry":{"type":"Point","coordinates":[121.611849,25.06012]},"properties":{"name":"宏誠牙醫診所","type":"診所","address":"新北市三重區重陽路1段122號2樓"}},{"type":"Feature","geometry":{"type":"Point","coordinates":[121.489177,25.079594]},"properties":{"name":"佳德牙醫診所","type":"診所","address":"新北市三重區溪尾街136號1、2樓"}},{"type":"Feature","geometry":{"type":"Point","coordinates":[121.493866,25.056811]},"properties":{"name":"遠傳牙醫診所","type":"診所","address":"新北市三重區中正南路139號1、2樓"}},{"type":"Feature","geometry":{"type":"Point","coordinates":[121.49655,25.062574]},"properties":{"name":"怡品美學牙醫診所","type":"診所","address":"新北市三重區重新路3段105號1樓"}},{"type":"Feature","geometry":{"type":"Point","coordinates":[121.50148,25.066487]},"properties":{"name":"寶華牙醫診所","type":"診所","address":"新北市三重區三和路2段145號1樓"}},{"type":"Feature","geometry":{"type":"Point","coordinates":[121.502302,25.065077]},"properties":{"name":"微笑美學牙醫診所","type":"診所","address":"新北市三重區福德北路45－1號1樓"}},{"type":"Feature","geometry":{"type":"Point","coordinates":[121.493294,25.071822]},"properties":{"name":"康緹牙醫診所","type":"診所","address":"新北市三重區正義北路351號1、2、3樓"}},{"type":"Feature","geometry":{"type":"Point","coordinates":[121.488362,25.086649]},"properties":{"name":"三重蒔美牙醫診所","type":"診所","address":"新北市三重區五華街196號、198號1樓及夾層"}},{"type":"Feature","geometry":{"type":"Point","coordinates":[121.490712,25.084197]},"properties":{"name":"頌恩牙醫診所","type":"診所","address":"新北市三重區碧華街362號1、2樓"}},{"type":"Feature","geometry":{"type":"Point","coordinates":[121.495769,25.068771]},"properties":{"name":"銓皓牙醫診所","type":"診所","address":"新北市三重區正義北路268號1樓"}},{"type":"Feature","geometry":{"type":"Point","coordinates":[121.4925,25.071596]},"properties":{"name":"臻禾牙醫診所","type":"診所","address":"新北市三重區忠孝路2段93號1樓"}},{"type":"Feature","geometry":{"type":"Point","coordinates":[121.498992,25.062755]},"properties":{"name":"澄心牙醫診所","type":"診所","address":"新北市三重區重新路3段130號1樓及夾層"}},{"type":"Feature","geometry":{"type":"Point","coordinates":[121.498992,25.062755]},"properties":{"name":"悅心牙醫診所","type":"診所","address":"新北市三重區重新路3段130號1樓及夾層"}},{"type":"Feature","geometry":{"type":"Point","coordinates":[121.493843,25.056307]},"properties":{"name":"詠悅牙醫診所","type":"診所","address":"新北市三重區中正南路223、225、227、229號（1樓）"}},{"type":"Feature","geometry":{"type":"Point","coordinates":[121.485835,25.086875]},"properties":{"name":"合暄牙醫診所","type":"診所","address":"新北市三重區三賢街199號1樓"}},{"type":"Feature","geometry":{"type":"Point","coordinates":[121.491479,25.084015]},"properties":{"name":"曜華牙醫診所","type":"診所","address":"新北市三重區五華街121號1樓2樓"}},{"type":"Feature","geometry":{"type":"Point","coordinates":[121.492788,25.082385]},"properties":{"name":"五華牙醫診所","type":"診所","address":"新北市三重區五華街96號1—3樓"}},{"type":"Feature","geometry":{"type":"Point","coordinates":[121.50148,25.066487]},"properties":{"name":"重心美學牙醫診所","type":"診所","address":"新北市三重區三和路2段79號1樓"}},{"type":"Feature","geometry":{"type":"Point","coordinates":[121.500164,25.062213]},"properties":{"name":"輝瑞牙醫診所","type":"診所","address":"新北市三重區文化南路8號2樓"}},{"type":"Feature","geometry":{"type":"Point","coordinates":[121.491392,25.061192]},"properties":{"name":"青青草美學牙醫診所","type":"診所","address":"新北市三重區新北大道1段121號1樓"}},{"type":"Feature","geometry":{"type":"Point","coordinates":[121.487433,25.08558]},"properties":{"name":"丰禾牙醫診所","type":"診所","address":"新北市三重區三信路182號1樓及夾層"}},{"type":"Feature","geometry":{"type":"Point","coordinates":[121.501632,25.067723]},"properties":{"name":"合祐牙醫診所","type":"診所","address":"新北市三重區長安街86號1樓"}},{"type":"Feature","geometry":{"type":"Point","coordinates":[121.499876,25.062796]},"properties":{"name":"極光牙醫診所","type":"診所","address":"新北市三重區重新路2段11之2號1樓"}},{"type":"Feature","geometry":{"type":"Point","coordinates":[121.513353,25.012001]},"properties":{"name":"進安牙醫診所","type":"診所","address":"新北市永和區信義路25巷6號1樓"}},{"type":"Feature","geometry":{"type":"Point","coordinates":[121.514494,25.004428]},"properties":{"name":"宜康牙醫診所","type":"診所","address":"新北市永和區安樂路282號"}},{"type":"Feature","geometry":{"type":"Point","coordinates":[121.513313,24.994575]},"properties":{"name":"光泰牙醫診所","type":"診所","address":"新北市永和區中正路54號"}},{"type":"Feature","geometry":{"type":"Point","coordinates":[121.520643,25.00009]},"properties":{"name":"得和牙醫診所","type":"診所","address":"新北市永和區得和路247之1號2樓"}},{"type":"Feature","geometry":{"type":"Point","coordinates":[121.521086,25.01001]},"properties":{"name":"王宏仁牙醫診所","type":"診所","address":"新北市永和區竹林路179巷11號"}},{"type":"Feature","geometry":{"type":"Point","coordinates":[121.516943,25.000009]},"properties":{"name":"美讓牙醫診所","type":"診所","address":"新北市永和區得和路90號1樓"}},{"type":"Feature","geometry":{"type":"Point","coordinates":[121.513647,24.994619]},"properties":{"name":"智光牙醫診所","type":"診所","address":"新北市永和區中正路60巷3號"}},{"type":"Feature","geometry":{"type":"Point","coordinates":[121.513759,24.995104]},"properties":{"name":"仁德牙醫診所","type":"診所","address":"新北市永和區中正路76號1樓"}},{"type":"Feature","geometry":{"type":"Point","coordinates":[121.517778,25.005904]},"properties":{"name":"葉牙醫診所","type":"診所","address":"新北市永和區永利路12號"}},{"type":"Feature","geometry":{"type":"Point","coordinates":[121.526676,25.001138]},"properties":{"name":"慶星牙醫診所","type":"診所","address":"新北市永和區成功路2段62號"}},{"type":"Feature","geometry":{"type":"Point","coordinates":[121.517544,24.999502]},"properties":{"name":"泰安牙醫診所","type":"診所","address":"新北市永和區中正路316號"}},{"type":"Feature","geometry":{"type":"Point","coordinates":[121.513304,25.015324]},"properties":{"name":"文華牙醫診所","type":"診所","address":"新北市永和區文化路118號"}},{"type":"Feature","geometry":{"type":"Point","coordinates":[121.514597,25.015004]},"properties":{"name":"光田牙醫診所","type":"診所","address":"新北市永和區文化路37號"}},{"type":"Feature","geometry":{"type":"Point","coordinates":[121.514936,25.01301]},"properties":{"name":"永和牙醫診所","type":"診所","address":"新北市永和區永和路1段155之2號1、2樓"}},{"type":"Feature","geometry":{"type":"Point","coordinates":[121.513628,25.015098]},"properties":{"name":"崇恩牙醫診所","type":"診所","address":"新北市永和區文化路79號"}},{"type":"Feature","geometry":{"type":"Point","coordinates":[121.51748,25.000968]},"properties":{"name":"國良牙醫診所","type":"診所","address":"新北市永和區中正路277號"}},{"type":"Feature","geometry":{"type":"Point","coordinates":[121.520057,25.008379]},"properties":{"name":"鴻林牙醫診所","type":"診所","address":"新北市永和區國光路15號"}},{"type":"Feature","geometry":{"type":"Point","coordinates":[121.5138,24.995302]},"properties":{"name":"雷鳴牙醫診所","type":"診所","address":"新北市永和區智光街116號"}},{"type":"Feature","geometry":{"type":"Point","coordinates":[121.523701,25.003176]},"properties":{"name":"上林牙醫診所","type":"診所","address":"新北市永和區林森路101巷10號1樓"}},{"type":"Feature","geometry":{"type":"Point","coordinates":[121.520006,24.999972]},"properties":{"name":"玉齡牙醫診所","type":"診所","address":"新北市永和區得和路186號2樓"}},{"type":"Feature","geometry":{"type":"Point","coordinates":[121.519695,25.007768]},"properties":{"name":"仁仁牙醫診所","type":"診所","address":"新北市永和區福和路208號1樓"}},{"type":"Feature","geometry":{"type":"Point","coordinates":[121.514622,25.015171]},"properties":{"name":"啟隆牙醫診所","type":"診所","address":"新北市永和區文化路50號"}},{"type":"Feature","geometry":{"type":"Point","coordinates":[121.515008,25.006346]},"properties":{"name":"光耀牙醫診所","type":"診所","address":"新北市永和區秀朗路1段178號"}},{"type":"Feature","geometry":{"type":"Point","coordinates":[121.515769,24.99779]},"properties":{"name":"惠忠牙醫診所","type":"診所","address":"新北市永和區中正路121號"}},{"type":"Feature","geometry":{"type":"Point","coordinates":[121.522069,25.000181]},"properties":{"name":"秀和牙醫診所","type":"診所","address":"新北市永和區永元路10號"}},{"type":"Feature","geometry":{"type":"Point","coordinates":[121.506861,24.999787]},"properties":{"name":"名德牙醫診所","type":"診所","address":"新北市永和區中和路311號"}},{"type":"Feature","geometry":{"type":"Point","coordinates":[121.516844,25.014968]},"properties":{"name":"永慶牙醫診所","type":"診所","address":"新北市永和區竹林路15號1樓"}},{"type":"Feature","geometry":{"type":"Point","coordinates":[121.513084,25.007868]},"properties":{"name":"保福牙醫診所","type":"診所","address":"新北市永和區保福路1段44號"}},{"type":"Feature","geometry":{"type":"Point","coordinates":[121.521013,25.009436]},"properties":{"name":"名陽牙醫診所","type":"診所","address":"新北市永和區竹林路191巷4號"}},{"type":"Feature","geometry":{"type":"Point","coordinates":[121.512222,25.013082]},"properties":{"name":"群芳牙醫診所","type":"診所","address":"新北市永和區仁愛路113號"}},{"type":"Feature","geometry":{"type":"Point","coordinates":[121.516784,25.008036]},"properties":{"name":"漢聲牙醫診所","type":"診所","address":"新北市永和區中正路545號1樓547號1、2樓"}},{"type":"Feature","geometry":{"type":"Point","coordinates":[121.52298,24.999147]},"properties":{"name":"得翔牙醫診所","type":"診所","address":"新北市永和區民生路19號1樓"}},{"type":"Feature","geometry":{"type":"Point","coordinates":[121.525908,24.99927]},"properties":{"name":"民生張牙醫診所","type":"診所","address":"新北市永和區得和路415號"}},{"type":"Feature","geometry":{"type":"Point","coordinates":[121.511066,25.005967]},"properties":{"name":"新和牙醫診所","type":"診所","address":"新北市永和區永貞路342號1樓"}},{"type":"Feature","geometry":{"type":"Point","coordinates":[121.517019,25.008082]},"properties":{"name":"東捷牙醫診所","type":"診所","address":"新北市永和區中正路630號"}},{"type":"Feature","geometry":{"type":"Point","coordinates":[121.523222,25.003428]},"properties":{"name":"瓔美牙醫診所","type":"診所","address":"新北市永和區林森路105號1樓"}},{"type":"Feature","geometry":{"type":"Point","coordinates":[121.516936,25.00671]},"properties":{"name":"喜田牙醫診所","type":"診所","address":"新北市永和區中正路491號1樓"}},{"type":"Feature","geometry":{"type":"Point","coordinates":[121.521022,25.007347]},"properties":{"name":"蕙齡牙醫診所","type":"診所","address":"新北市永和區永貞路7號"}},{"type":"Feature","geometry":{"type":"Point","coordinates":[121.514992,25.008452]},"properties":{"name":"安潔牙醫診所","type":"診所","address":"新北市永和區大新街14號1樓"}},{"type":"Feature","geometry":{"type":"Point","coordinates":[121.520355,25.009963]},"properties":{"name":"遠丁牙醫診所","type":"診所","address":"新北市永和區竹林路176號2樓"}},{"type":"Feature","geometry":{"type":"Point","coordinates":[121.514936,25.01301]},"properties":{"name":"晉安牙醫診所","type":"診所","address":"新北市永和區永和路1段8號1、2樓"}},{"type":"Feature","geometry":{"type":"Point","coordinates":[121.51994,25.012167]},"properties":{"name":"永和嘉仁牙醫診所","type":"診所","address":"新北市永和區竹林路91巷6號1樓"}},{"type":"Feature","geometry":{"type":"Point","coordinates":[121.512427,25.014405]},"properties":{"name":"永信牙醫診所","type":"診所","address":"新北市永和區信義路114號1樓"}},{"type":"Feature","geometry":{"type":"Point","coordinates":[121.518052,25.007594]},"properties":{"name":"唯登牙醫診所","type":"診所","address":"新北市永和區福和路270號"}},{"type":"Feature","geometry":{"type":"Point","coordinates":[121.517672,25.000048]},"properties":{"name":"歐首牙醫診所","type":"診所","address":"新北市永和區中正路334號1樓2樓"}},{"type":"Feature","geometry":{"type":"Point","coordinates":[121.514936,25.002662]},"properties":{"name":"慶齡牙醫診所","type":"診所","address":"新北市永和區安樂路238號"}},{"type":"Feature","geometry":{"type":"Point","coordinates":[121.517761,25.000803]},"properties":{"name":"博新牙醫診所","type":"診所","address":"新北市永和區中正路360號"}},{"type":"Feature","geometry":{"type":"Point","coordinates":[121.508205,25.014675]},"properties":{"name":"郁遠牙醫診所","type":"診所","address":"新北市永和區保安路154號1樓"}},{"type":"Feature","geometry":{"type":"Point","coordinates":[121.51285,24.994051]},"properties":{"name":"誼安牙醫診所","type":"診所","address":"新北市永和區中正路28號1 、2樓"}},{"type":"Feature","geometry":{"type":"Point","coordinates":[121.506985,25.007753]},"properties":{"name":"小木屋牙醫聯合診所","type":"診所","address":"新北市永和區保生路22巷8號1樓"}},{"type":"Feature","geometry":{"type":"Point","coordinates":[121.520571,25.00999]},"properties":{"name":"荷風牙醫診所","type":"診所","address":"新北市永和區竹林路171號1、2樓"}},{"type":"Feature","geometry":{"type":"Point","coordinates":[121.515259,24.996823]},"properties":{"name":"維康牙醫診所","type":"診所","address":"新北市永和區中正路174號1-3樓"}},{"type":"Feature","geometry":{"type":"Point","coordinates":[121.510436,25.006482]},"properties":{"name":"宏康牙醫診所","type":"診所","address":"新北市永和區保平路190號"}},{"type":"Feature","geometry":{"type":"Point","coordinates":[121.514276,24.996042]},"properties":{"name":"瑞樺牙醫診所","type":"診所","address":"新北市永和區中正路35號1樓2樓"}},{"type":"Feature","geometry":{"type":"Point","coordinates":[121.515594,25.004147]},"properties":{"name":"懷源牙醫診所","type":"診所","address":"新北市永和區永貞路208號"}},{"type":"Feature","geometry":{"type":"Point","coordinates":[121.520133,25.011207]},"properties":{"name":"竹琳牙醫診所","type":"診所","address":"新北市永和區竹林路125號"}},{"type":"Feature","geometry":{"type":"Point","coordinates":[121.519265,25.000308]},"properties":{"name":"貝瑞牙醫診所","type":"診所","address":"新北市永和區得和路213號1樓、215號1樓"}},{"type":"Feature","geometry":{"type":"Point","coordinates":[121.509019,25.000501]},"properties":{"name":"先進牙醫診所","type":"診所","address":"新北市永和區中和路407號1樓2樓"}},{"type":"Feature","geometry":{"type":"Point","coordinates":[121.516946,25.006624]},"properties":{"name":"昱雅牙醫診所","type":"診所","address":"新北市永和區中正路487號1樓2樓"}},{"type":"Feature","geometry":{"type":"Point","coordinates":[121.515778,25.014189]},"properties":{"name":"頂真牙醫診所","type":"診所","address":"新北市永和區永和路二段224號1樓、226號1樓"}},{"type":"Feature","geometry":{"type":"Point","coordinates":[121.504214,25.008638]},"properties":{"name":"卓越牙醫診所","type":"診所","address":"新北市永和區仁愛路264號"}},{"type":"Feature","geometry":{"type":"Point","coordinates":[121.509924,25.012672]},"properties":{"name":"光毅牙醫診所","type":"診所","address":"新北市永和區仁愛路180號1樓"}},{"type":"Feature","geometry":{"type":"Point","coordinates":[121.514128,25.008362]},"properties":{"name":"世樺牙醫診所","type":"診所","address":"新北市永和區永和路一段154號1樓、2樓及156號1樓、2樓"}},{"type":"Feature","geometry":{"type":"Point","coordinates":[121.514936,25.01301]},"properties":{"name":"維恆牙醫診所","type":"診所","address":"新北市永和區永和路1段108號1、2樓"}},{"type":"Feature","geometry":{"type":"Point","coordinates":[121.522291,25.001619]},"properties":{"name":"匯豐牙醫診所","type":"診所","address":"新北市永和區永元路91號1樓"}},{"type":"Feature","geometry":{"type":"Point","coordinates":[121.51598,25.007392]},"properties":{"name":"御登牙醫診所","type":"診所","address":"新北市永和區福和路316號"}},{"type":"Feature","geometry":{"type":"Point","coordinates":[121.515042,25.013759]},"properties":{"name":"鍾山牙醫診所","type":"診所","address":"新北市永和區仁愛路10號1樓"}},{"type":"Feature","geometry":{"type":"Point","coordinates":[121.485483,25.061709]},"properties":{"name":"豐富牙醫診所","type":"診所","address":"新北市永和區中山路1段261號1樓、2樓"}},{"type":"Feature","geometry":{"type":"Point","coordinates":[121.515409,25.003798]},"properties":{"name":"幸鼎牙醫診所","type":"診所","address":"新北市永和區永貞路173號1樓"}},{"type":"Feature","geometry":{"type":"Point","coordinates":[121.485483,25.061709]},"properties":{"name":"椰林牙醫診所","type":"診所","address":"新北市永和區中山路1段170號1樓"}},{"type":"Feature","geometry":{"type":"Point","coordinates":[121.522303,25.000982]},"properties":{"name":"康承牙醫診所","type":"診所","address":"新北市永和區永元路48號1樓"}},{"type":"Feature","geometry":{"type":"Point","coordinates":[121.508362,25.006353]},"properties":{"name":"丰荷牙醫診所","type":"診所","address":"新北市永和區保平路236巷15弄2號1樓"}},{"type":"Feature","geometry":{"type":"Point","coordinates":[121.522426,25.002655]},"properties":{"name":"博世牙醫診所","type":"診所","address":"新北市永和區永利路150號1樓、152號1樓"}},{"type":"Feature","geometry":{"type":"Point","coordinates":[121.526676,25.001138]},"properties":{"name":"成品牙醫診所","type":"診所","address":"新北市永和區成功路2段88號1樓"}},{"type":"Feature","geometry":{"type":"Point","coordinates":[121.525305,24.999136]},"properties":{"name":"夏爾秀朗牙醫診所","type":"診所","address":"新北市永和區得和路394號1、2樓"}},{"type":"Feature","geometry":{"type":"Point","coordinates":[121.519133,25.0128]},"properties":{"name":"奇煒牙醫診所","type":"診所","address":"新北市永和區竹林路74號1、2樓"}},{"type":"Feature","geometry":{"type":"Point","coordinates":[121.521848,25.007784]},"properties":{"name":"群英牙醫診所","type":"診所","address":"新北市永和區福和路101號1樓"}},{"type":"Feature","geometry":{"type":"Point","coordinates":[121.510935,25.00267]},"properties":{"name":"美麗永安牙醫診所","type":"診所","address":"新北市永和區中和路517號1、2樓"}},{"type":"Feature","geometry":{"type":"Point","coordinates":[121.520078,25.007587]},"properties":{"name":"艾莘牙醫診所","type":"診所","address":"新北市永和區福和路171號1、2樓"}},{"type":"Feature","geometry":{"type":"Point","coordinates":[121.523755,25.003737]},"properties":{"name":"潔登牙醫診所","type":"診所","address":"新北市永和區林森路87號1樓"}},{"type":"Feature","geometry":{"type":"Point","coordinates":[121.512992,25.013199]},"properties":{"name":"嘉康牙醫診所","type":"診所","address":"新北市永和區仁愛路89號1、2樓"}},{"type":"Feature","geometry":{"type":"Point","coordinates":[121.520965,25.003578]},"properties":{"name":"榛品牙醫診所","type":"診所","address":"新北市永和區永利路98號1樓及1樓夾層"}},{"type":"Feature","geometry":{"type":"Point","coordinates":[121.512386,25.013311]},"properties":{"name":"永悅牙醫診所","type":"診所","address":"新北市永和區信義路77號1、2樓"}},{"type":"Feature","geometry":{"type":"Point","coordinates":[121.519766,24.997028]},"properties":{"name":"新維恩牙醫診所","type":"診所","address":"新北市永和區民權路84號1、2樓"}},{"type":"Feature","geometry":{"type":"Point","coordinates":[121.516821,25.000177]},"properties":{"name":"博祥牙醫診所","type":"診所","address":"新北市永和區得和路51號1樓"}},{"type":"Feature","geometry":{"type":"Point","coordinates":[121.508935,25.008878]},"properties":{"name":"辰翰牙醫診所","type":"診所","address":"新北市永和區中山路一段190號4樓及192號4樓"}},{"type":"Feature","geometry":{"type":"Point","coordinates":[121.516596,24.998679]},"properties":{"name":"康馨牙醫診所","type":"診所","address":"新北市永和區中正路171號1樓、2樓"}},{"type":"Feature","geometry":{"type":"Point","coordinates":[121.485483,25.061709]},"properties":{"name":"仁美牙醫診所","type":"診所","address":"新北市永和區中山路1段162號1樓"}},{"type":"Feature","geometry":{"type":"Point","coordinates":[121.523629,25.00398]},"properties":{"name":"禾丰牙醫診所","type":"診所","address":"新北市永和區林森路74號1、2樓"}},{"type":"Feature","geometry":{"type":"Point","coordinates":[121.512747,25.004415]},"properties":{"name":"如意牙醫診所","type":"診所","address":"新北市永和區永和路2段174號2樓"}},{"type":"Feature","geometry":{"type":"Point","coordinates":[121.525305,24.999136]},"properties":{"name":"夏爾牙醫診所","type":"診所","address":"新北市永和區得和路394號1、2樓"}},{"type":"Feature","geometry":{"type":"Point","coordinates":[121.525952,24.999273]},"properties":{"name":"采豐牙醫診所","type":"診所","address":"新北市永和區得和路417號1樓"}},{"type":"Feature","geometry":{"type":"Point","coordinates":[121.517991,25.007591]},"properties":{"name":"清池牙醫診所","type":"診所","address":"新北市永和區福和路272號1、2樓"}},{"type":"Feature","geometry":{"type":"Point","coordinates":[121.522315,25.008051]},"properties":{"name":"華賢牙醫診所","type":"診所","address":"新北市永和區福和路98號1樓"}},{"type":"Feature","geometry":{"type":"Point","coordinates":[121.508777,25.000312]},"properties":{"name":"永安艾美牙醫診所","type":"診所","address":"新北市永和區中和路395號1、2樓"}},{"type":"Feature","geometry":{"type":"Point","coordinates":[121.511422,25.003237]},"properties":{"name":"尊榮牙醫診所","type":"診所","address":"新北市永和區中和路541號1、2樓"}},{"type":"Feature","geometry":{"type":"Point","coordinates":[121.508652,25.008293]},"properties":{"name":"永漾美學牙醫診所","type":"診所","address":"新北市永和區永貞路422號1樓、420號2樓"}},{"type":"Feature","geometry":{"type":"Point","coordinates":[121.522262,25.001511]},"properties":{"name":"京日牙醫診所","type":"診所","address":"新北市永和區永元路87號1樓"}},{"type":"Feature","geometry":{"type":"Point","coordinates":[121.511274,25.01081]},"properties":{"name":"保仁牙醫診所","type":"診所","address":"新北市永和區保福路2段101號1樓"}},{"type":"Feature","geometry":{"type":"Point","coordinates":[121.51507,25.010318]},"properties":{"name":"齊美牙醫診所","type":"診所","address":"新北市永和區中正路742號1樓"}},{"type":"Feature","geometry":{"type":"Point","coordinates":[121.518562,25.000333]},"properties":{"name":"加恩美學牙醫診所","type":"診所","address":"新北市永和區得和路115號1樓及117號1樓"}},{"type":"Feature","geometry":{"type":"Point","coordinates":[121.485483,25.061709]},"properties":{"name":"歐仕美牙醫診所","type":"診所","address":"新北市永和區中山路1段7號2樓"}},{"type":"Feature","geometry":{"type":"Point","coordinates":[121.512747,25.004415]},"properties":{"name":"旭光美學牙醫診所","type":"診所","address":"新北市永和區永和路2段242號1、2樓"}},{"type":"Feature","geometry":{"type":"Point","coordinates":[121.517109,25.004942]},"properties":{"name":"博誠牙醫診所","type":"診所","address":"新北市永和區中正路417號1、2樓"}},{"type":"Feature","geometry":{"type":"Point","coordinates":[121.517413,25.004096]},"properties":{"name":"欣品牙醫診所","type":"診所","address":"新北市永和區中正路494號1、2樓"}},{"type":"Feature","geometry":{"type":"Point","coordinates":[121.515268,25.013458]},"properties":{"name":"白光牙醫診所","type":"診所","address":"新北市永和區永和路二段185號2樓"}},{"type":"Feature","geometry":{"type":"Point","coordinates":[121.519799,25.000231]},"properties":{"name":"嘉祐牙醫診所","type":"診所","address":"新北市永和區得和路227號1樓"}},{"type":"Feature","geometry":{"type":"Point","coordinates":[121.517123,25.004717]},"properties":{"name":"博誠美學牙醫診所","type":"診所","address":"新北市永和區中正路409號2樓、411、413號1、2樓"}},{"type":"Feature","geometry":{"type":"Point","coordinates":[121.503059,25.007705]},"properties":{"name":"仁艾牙醫診所","type":"診所","address":"新北市永和區仁愛路310號1、2樓"}},{"type":"Feature","geometry":{"type":"Point","coordinates":[121.489951,24.995489]},"properties":{"name":"立安牙醫診所","type":"診所","address":"新北市中和區錦和路178號"}},{"type":"Feature","geometry":{"type":"Point","coordinates":[121.513878,24.98683]},"properties":{"name":"瑞祥牙醫診所","type":"診所","address":"新北市中和區景新街508號1樓"}},{"type":"Feature","geometry":{"type":"Point","coordinates":[121.504092,24.993334]},"properties":{"name":"景平牙醫診所","type":"診所","address":"新北市中和區景平路377號"}},{"type":"Feature","geometry":{"type":"Point","coordinates":[121.508329,24.998072]},"properties":{"name":"華泰牙醫診所","type":"診所","address":"新北市中和區保健路23號"}},{"type":"Feature","geometry":{"type":"Point","coordinates":[121.494629,24.993183]},"properties":{"name":"錦和牙醫診所","type":"診所","address":"新北市中和區圓通路240－1號"}},{"type":"Feature","geometry":{"type":"Point","coordinates":[121.473513,25.000757]},"properties":{"name":"清成牙醫診所","type":"診所","address":"新北市中和區民享街86巷22號"}},{"type":"Feature","geometry":{"type":"Point","coordinates":[121.485895,25.061771]},"properties":{"name":"大中和牙醫診所","type":"診所","address":"新北市中和區中山路2段60號1樓"}},{"type":"Feature","geometry":{"type":"Point","coordinates":[121.512806,24.989776]},"properties":{"name":"三民牙醫診所","type":"診所","address":"新北市中和區景新街399巷4號、6號1樓"}},{"type":"Feature","geometry":{"type":"Point","coordinates":[121.502535,24.990194]},"properties":{"name":"雙和牙醫診所","type":"診所","address":"新北市中和區復興路271號"}},{"type":"Feature","geometry":{"type":"Point","coordinates":[121.481381,24.996212]},"properties":{"name":"如美牙醫診所","type":"診所","address":"新北市中和區員山路130號"}},{"type":"Feature","geometry":{"type":"Point","coordinates":[121.504191,24.999945]},"properties":{"name":"中和牙醫診所","type":"診所","address":"新北市中和區中和路219號1樓"}},{"type":"Feature","geometry":{"type":"Point","coordinates":[121.511395,24.987406]},"properties":{"name":"薛牙醫診所","type":"診所","address":"新北市中和區仁愛街86號1樓"}},{"type":"Feature","geometry":{"type":"Point","coordinates":[121.501403,24.998259]},"properties":{"name":"俞牙醫診所","type":"診所","address":"新北市中和區圓通路16號"}},{"type":"Feature","geometry":{"type":"Point","coordinates":[121.497287,25.001252]},"properties":{"name":"智上牙醫診所","type":"診所","address":"新北市中和區連城路76號"}},{"type":"Feature","geometry":{"type":"Point","coordinates":[121.523527,24.991915]},"properties":{"name":"新格牙醫診所","type":"診所","address":"新北市中和區自立路181號"}},{"type":"Feature","geometry":{"type":"Point","coordinates":[121.474012,25.002281]},"properties":{"name":"名人牙醫診所","type":"診所","address":"新北市中和區民享街58號"}},{"type":"Feature","geometry":{"type":"Point","coordinates":[121.51206,24.98678]},"properties":{"name":"中和林牙醫診所","type":"診所","address":"新北市中和區興南路1段74－1號"}},{"type":"Feature","geometry":{"type":"Point","coordinates":[121.501157,25.000416]},"properties":{"name":"一成牙醫診所","type":"診所","address":"新北市中和區中和路88號1、2樓"}},{"type":"Feature","geometry":{"type":"Point","coordinates":[121.50197,24.998462]},"properties":{"name":"聯慶牙醫診所","type":"診所","address":"新北市中和區南山路16號2樓"}},{"type":"Feature","geometry":{"type":"Point","coordinates":[121.51206,24.98678]},"properties":{"name":"美安牙醫診所","type":"診所","address":"新北市中和區興南路1段158號"}},{"type":"Feature","geometry":{"type":"Point","coordinates":[121.513266,24.988504]},"properties":{"name":"景新牙醫診所","type":"診所","address":"新北市中和區景新街451號"}},{"type":"Feature","geometry":{"type":"Point","coordinates":[121.503963,24.990946]},"properties":{"name":"博雅牙醫診所","type":"診所","address":"新北市中和區景安路206號1樓"}},{"type":"Feature","geometry":{"type":"Point","coordinates":[121.475121,25.000822]},"properties":{"name":"祥和牙醫診所","type":"診所","address":"新北市中和區民享街91－8號1樓"}},{"type":"Feature","geometry":{"type":"Point","coordinates":[121.512248,24.986329]},"properties":{"name":"東大牙醫診所","type":"診所","address":"新北市中和區忠孝街126之1號1樓"}},{"type":"Feature","geometry":{"type":"Point","coordinates":[121.511984,24.986001]},"properties":{"name":"新雅牙醫診所","type":"診所","address":"新北市中和區忠孝街99號"}},{"type":"Feature","geometry":{"type":"Point","coordinates":[121.510869,24.989491]},"properties":{"name":"揚昇牙醫診所","type":"診所","address":"新北市中和區信義街8號2樓"}},{"type":"Feature","geometry":{"type":"Point","coordinates":[121.485895,25.061771]},"properties":{"name":"朋詡牙醫診所","type":"診所","address":"新北市中和區中山路2段244號1樓"}},{"type":"Feature","geometry":{"type":"Point","coordinates":[121.513763,24.988318]},"properties":{"name":"煥強牙醫診所","type":"診所","address":"新北市中和區景新街467巷13號1樓"}},{"type":"Feature","geometry":{"type":"Point","coordinates":[121.51206,24.98678]},"properties":{"name":"福雅牙醫診所","type":"診所","address":"新北市中和區興南路2段44號"}},{"type":"Feature","geometry":{"type":"Point","coordinates":[121.468682,25.000774]},"properties":{"name":"吉仁牙醫診所","type":"診所","address":"新北市中和區民德路134號1樓"}},{"type":"Feature","geometry":{"type":"Point","coordinates":[121.506121,24.995516]},"properties":{"name":"永正牙醫診所","type":"診所","address":"新北市中和區明仁街14、16號1樓"}},{"type":"Feature","geometry":{"type":"Point","coordinates":[121.48138,25.001378]},"properties":{"name":"林承德牙醫診所","type":"診所","address":"新北市中和區員山路244號"}},{"type":"Feature","geometry":{"type":"Point","coordinates":[121.50553,24.989756]},"properties":{"name":"伍牙醫診所","type":"診所","address":"新北市中和區復興路25號1樓"}},{"type":"Feature","geometry":{"type":"Point","coordinates":[121.504388,24.991857]},"properties":{"name":"鴻宜牙醫診所","type":"診所","address":"新北市中和區南山路160號"}},{"type":"Feature","geometry":{"type":"Point","coordinates":[121.485895,25.061771]},"properties":{"name":"東和牙醫診所","type":"診所","address":"新北市中和區中山路2段660號"}},{"type":"Feature","geometry":{"type":"Point","coordinates":[121.501697,24.995521]},"properties":{"name":"慶恩牙醫診所","type":"診所","address":"新北市中和區景平路572號"}},{"type":"Feature","geometry":{"type":"Point","coordinates":[121.472806,25.000813]},"properties":{"name":"天仁牙醫診所","type":"診所","address":"新北市中和區莒光路157號"}},{"type":"Feature","geometry":{"type":"Point","coordinates":[121.481142,24.997333]},"properties":{"name":"十方牙醫診所","type":"診所","address":"新北市中和區員山路197號"}},{"type":"Feature","geometry":{"type":"Point","coordinates":[121.496492,25.003017]},"properties":{"name":"允安牙醫診所","type":"診所","address":"新北市中和區景平路683號"}},{"type":"Feature","geometry":{"type":"Point","coordinates":[121.485895,25.061771]},"properties":{"name":"中山牙醫診所","type":"診所","address":"新北市中和區中山路2段2巷3弄4號"}},{"type":"Feature","geometry":{"type":"Point","coordinates":[121.505839,25.003466]},"properties":{"name":"敦品牙醫診所","type":"診所","address":"新北市中和區光華街68號"}},{"type":"Feature","geometry":{"type":"Point","coordinates":[121.505915,24.999699]},"properties":{"name":"陽明微笑牙醫診所","type":"診所","address":"新北市中和區中和路116號"}},{"type":"Feature","geometry":{"type":"Point","coordinates":[121.468997,25.001283]},"properties":{"name":"實踐牙醫診所","type":"診所","address":"新北市中和區民德路79號2樓"}},{"type":"Feature","geometry":{"type":"Point","coordinates":[121.489855,24.995764]},"properties":{"name":"修德牙醫診所","type":"診所","address":"新北市中和區錦和路168號"}},{"type":"Feature","geometry":{"type":"Point","coordinates":[121.473457,25.003162]},"properties":{"name":"群益牙醫診所","type":"診所","address":"新北市中和區民享街32巷5號1樓"}},{"type":"Feature","geometry":{"type":"Point","coordinates":[121.501313,24.990374]},"properties":{"name":"盈成牙醫診所","type":"診所","address":"新北市中和區復興路306號"}},{"type":"Feature","geometry":{"type":"Point","coordinates":[121.511415,25.024913]},"properties":{"name":"茂榕牙醫診所","type":"診所","address":"新北市中和區忠孝街3－2號"}},{"type":"Feature","geometry":{"type":"Point","coordinates":[121.485895,25.061771]},"properties":{"name":"宋家牙醫診所","type":"診所","address":"新北市中和區中山路2段221號1樓"}},{"type":"Feature","geometry":{"type":"Point","coordinates":[121.485895,25.061771]},"properties":{"name":"中和德威牙醫診所","type":"診所","address":"新北市中和區中山路2段215號1，2樓"}},{"type":"Feature","geometry":{"type":"Point","coordinates":[121.512092,25.003625]},"properties":{"name":"文心牙醫診所","type":"診所","address":"新北市中和區中和路450號"}},{"type":"Feature","geometry":{"type":"Point","coordinates":[121.482272,24.995594]},"properties":{"name":"聖欣牙醫診所","type":"診所","address":"新北市中和區連城路350號1樓"}},{"type":"Feature","geometry":{"type":"Point","coordinates":[121.51206,24.98678]},"properties":{"name":"興南牙醫聯合診所","type":"診所","address":"新北市中和區興南路1段65號"}},{"type":"Feature","geometry":{"type":"Point","coordinates":[121.481168,25.00051]},"properties":{"name":"榮華牙醫診所","type":"診所","address":"新北市中和區員山路315號1樓"}},{"type":"Feature","geometry":{"type":"Point","coordinates":[121.507572,24.999494]},"properties":{"name":"中和大元牙醫診所","type":"診所","address":"新北市中和區中和路254號1、2樓"}},{"type":"Feature","geometry":{"type":"Point","coordinates":[121.481256,24.996439]},"properties":{"name":"虹佳牙醫診所","type":"診所","address":"新北市中和區員山路138號"}},{"type":"Feature","geometry":{"type":"Point","coordinates":[121.481153,24.995624]},"properties":{"name":"全品牙醫診所","type":"診所","address":"新北市中和區員山路112號"}},{"type":"Feature","geometry":{"type":"Point","coordinates":[121.507681,24.984941]},"properties":{"name":"華新牙醫診所","type":"診所","address":"新北市中和區華新街25號"}},{"type":"Feature","geometry":{"type":"Point","coordinates":[121.497159,24.99633]},"properties":{"name":"嘉美牙醫診所","type":"診所","address":"新北市中和區安邦街91號1樓"}},{"type":"Feature","geometry":{"type":"Point","coordinates":[121.511655,25.00131]},"properties":{"name":"德綸牙醫診所","type":"診所","address":"新北市中和區中安街98號1樓"}},{"type":"Feature","geometry":{"type":"Point","coordinates":[121.485496,25.061795]},"properties":{"name":"建隆牙醫診所","type":"診所","address":"新北市中和區中山路3段152號"}},{"type":"Feature","geometry":{"type":"Point","coordinates":[121.51206,24.98678]},"properties":{"name":"愛華牙醫診所","type":"診所","address":"新北市中和區興南路2段159巷12號1樓"}},{"type":"Feature","geometry":{"type":"Point","coordinates":[121.49739,24.995617]},"properties":{"name":"瑞星牙醫診所","type":"診所","address":"新北市中和區安邦街130號1樓、132號2樓"}},{"type":"Feature","geometry":{"type":"Point","coordinates":[121.496625,25.004192]},"properties":{"name":"潔生牙醫診所","type":"診所","address":"新北市中和區景平路740號"}},{"type":"Feature","geometry":{"type":"Point","coordinates":[121.503808,24.9968]},"properties":{"name":"昱軒牙醫診所","type":"診所","address":"新北市中和區南華路45號"}},{"type":"Feature","geometry":{"type":"Point","coordinates":[121.485895,25.061771]},"properties":{"name":"徐錦堂牙醫診所","type":"診所","address":"新北市中和區中山路2段203號1－2樓"}},{"type":"Feature","geometry":{"type":"Point","coordinates":[121.503179,24.994265]},"properties":{"name":"菁英牙醫診所","type":"診所","address":"新北市中和區景平路524號"}},{"type":"Feature","geometry":{"type":"Point","coordinates":[121.50196,24.998624]},"properties":{"name":"邱牙醫診所","type":"診所","address":"新北市中和區南山路10號"}},{"type":"Feature","geometry":{"type":"Point","coordinates":[121.483844,24.999906]},"properties":{"name":"宏瑞牙醫診所","type":"診所","address":"新北市中和區新生街205號1樓"}},{"type":"Feature","geometry":{"type":"Point","coordinates":[121.51059,24.992657]},"properties":{"name":"禾欣牙醫診所","type":"診所","address":"新北市中和區景平路116號1樓"}},{"type":"Feature","geometry":{"type":"Point","coordinates":[121.498905,25.002079]},"properties":{"name":"怡翔牙醫診所","type":"診所","address":"新北市中和區連城路19號1樓"}},{"type":"Feature","geometry":{"type":"Point","coordinates":[121.479992,25.005531]},"properties":{"name":"康橋牙醫診所","type":"診所","address":"新北市中和區員山路485號1．2樓"}},{"type":"Feature","geometry":{"type":"Point","coordinates":[121.499782,25.001076]},"properties":{"name":"合安牙醫診所","type":"診所","address":"新北市中和區泰和街12號1樓"}},{"type":"Feature","geometry":{"type":"Point","coordinates":[121.509639,24.998528]},"properties":{"name":"哈佛牙醫診所","type":"診所","address":"新北市中和區宜安路138號1樓"}},{"type":"Feature","geometry":{"type":"Point","coordinates":[121.504849,24.991014]},"properties":{"name":"宏軒牙醫診所","type":"診所","address":"新北市中和區南山路174之1號1樓"}},{"type":"Feature","geometry":{"type":"Point","coordinates":[121.515688,24.993056]},"properties":{"name":"金群牙醫診所","type":"診所","address":"新北市中和區景平路240巷2弄1號1樓"}},{"type":"Feature","geometry":{"type":"Point","coordinates":[121.502623,24.993763]},"properties":{"name":"景安牙醫診所","type":"診所","address":"新北市中和區中正路24號1樓"}},{"type":"Feature","geometry":{"type":"Point","coordinates":[121.501334,24.995421]},"properties":{"name":"尚恩牙醫診所","type":"診所","address":"新北市中和區景平路429－1號1，2樓"}},{"type":"Feature","geometry":{"type":"Point","coordinates":[121.513509,25.003446]},"properties":{"name":"采石牙醫診所","type":"診所","address":"新北市中和區中安街6號"}},{"type":"Feature","geometry":{"type":"Point","coordinates":[121.515056,24.99403]},"properties":{"name":"榮祥牙醫診所","type":"診所","address":"新北市中和區大勇街25巷38弄7號1樓"}},{"type":"Feature","geometry":{"type":"Point","coordinates":[121.511119,24.99657]},"properties":{"name":"安平牙醫診所","type":"診所","address":"新北市中和區安平路78號"}},{"type":"Feature","geometry":{"type":"Point","coordinates":[121.505695,24.996456]},"properties":{"name":"柯牙醫診所","type":"診所","address":"新北市中和區景安路78號1樓"}},{"type":"Feature","geometry":{"type":"Point","coordinates":[121.511512,25.002951]},"properties":{"name":"向日葵牙醫診所","type":"診所","address":"新北市中和區中和路410號1、2樓"}},{"type":"Feature","geometry":{"type":"Point","coordinates":[121.488208,25.004058]},"properties":{"name":"迪康牙醫診所","type":"診所","address":"新北市中和區建一路1號1樓"}},{"type":"Feature","geometry":{"type":"Point","coordinates":[121.517287,24.99225]},"properties":{"name":"誠美牙醫診所","type":"診所","address":"新北市中和區景平路162號1、2樓"}},{"type":"Feature","geometry":{"type":"Point","coordinates":[121.51206,24.98678]},"properties":{"name":"佑康牙醫診所","type":"診所","address":"新北市中和區興南路2段2號1樓"}},{"type":"Feature","geometry":{"type":"Point","coordinates":[121.485895,25.061771]},"properties":{"name":"久大牙醫診所","type":"診所","address":"新北市中和區中山路2段3巷2號1樓"}},{"type":"Feature","geometry":{"type":"Point","coordinates":[121.472214,25.004768]},"properties":{"name":"東鴻牙醫診所","type":"診所","address":"新北市中和區莒光路45號1、2樓"}},{"type":"Feature","geometry":{"type":"Point","coordinates":[121.472697,25.000523]},"properties":{"name":"悠活牙醫診所","type":"診所","address":"新北市中和區莒光路152-1號1樓"}},{"type":"Feature","geometry":{"type":"Point","coordinates":[121.485496,25.061795]},"properties":{"name":"遠雄牙醫診所","type":"診所","address":"新北市中和區中山路3段21號1樓"}},{"type":"Feature","geometry":{"type":"Point","coordinates":[121.509375,24.993562]},"properties":{"name":"關心牙醫診所","type":"診所","address":"新北市中和區景新街345-6號1、2樓"}},{"type":"Feature","geometry":{"type":"Point","coordinates":[121.497245,24.999146]},"properties":{"name":"里昂牙醫診所","type":"診所","address":"新北市中和區連城路89巷7-5號〈第一層、第二層〉"}},{"type":"Feature","geometry":{"type":"Point","coordinates":[121.484234,24.996359]},"properties":{"name":"鼎爵牙醫診所","type":"診所","address":"新北市中和區連城路286號1樓及288號1樓"}},{"type":"Feature","geometry":{"type":"Point","coordinates":[121.499769,24.992066]},"properties":{"name":"瑞光牙醫診所","type":"診所","address":"新北市中和區中興街134號1樓"}},{"type":"Feature","geometry":{"type":"Point","coordinates":[121.509953,24.998011]},"properties":{"name":"景揚牙醫診所","type":"診所","address":"新北市中和區宜安路123號1、2樓"}},{"type":"Feature","geometry":{"type":"Point","coordinates":[121.521276,24.993986]},"properties":{"name":"永立牙醫診所","type":"診所","address":"新北市中和區立人街23號1、2樓"}},{"type":"Feature","geometry":{"type":"Point","coordinates":[121.508266,24.990026]},"properties":{"name":"琇品牙醫診所","type":"診所","address":"新北市中和區捷運路89號1樓、91號1樓、93號1樓"}},{"type":"Feature","geometry":{"type":"Point","coordinates":[121.506978,24.997755]},"properties":{"name":"晶璽牙醫診所","type":"診所","address":"新北市中和區景安路69號1樓2樓"}},{"type":"Feature","geometry":{"type":"Point","coordinates":[121.483432,24.995792]},"properties":{"name":"臻美牙醫診所","type":"診所","address":"新北市中和區連城路471號1、2、3樓"}},{"type":"Feature","geometry":{"type":"Point","coordinates":[121.505052,24.994261]},"properties":{"name":"明煜牙醫診所","type":"診所","address":"新北市中和區景安路138號1樓、2樓、3樓"}},{"type":"Feature","geometry":{"type":"Point","coordinates":[121.505052,24.994261]},"properties":{"name":"景心牙醫診所","type":"診所","address":"新北市中和區景安路138號1樓、2樓、3樓"}},{"type":"Feature","geometry":{"type":"Point","coordinates":[121.487974,24.998804]},"properties":{"name":"佳欣牙醫診所","type":"診所","address":"新北市中和區建一路148號2樓"}},{"type":"Feature","geometry":{"type":"Point","coordinates":[121.490337,25.000005]},"properties":{"name":"鈦和牙醫診所","type":"診所","address":"新北市中和區建康路156號2樓及158號2樓"}},{"type":"Feature","geometry":{"type":"Point","coordinates":[121.485975,24.997771]},"properties":{"name":"齊心牙醫診所","type":"診所","address":"新北市中和區中正路730之1號1樓"}},{"type":"Feature","geometry":{"type":"Point","coordinates":[121.510703,24.997746]},"properties":{"name":"湛美牙醫診所","type":"診所","address":"新北市中和區宜安路98號1樓、2樓"}},{"type":"Feature","geometry":{"type":"Point","coordinates":[121.504506,24.993321]},"properties":{"name":"均潔牙醫診所","type":"診所","address":"新北市中和區景平路363號1、2樓"}},{"type":"Feature","geometry":{"type":"Point","coordinates":[121.481168,25.000159]},"properties":{"name":"佳美牙醫診所","type":"診所","address":"新北市中和區員山路299號1樓、2樓"}},{"type":"Feature","geometry":{"type":"Point","coordinates":[121.48054,25.004725]},"properties":{"name":"馨悅牙醫診所","type":"診所","address":"新北市中和區員山路398號1樓"}},{"type":"Feature","geometry":{"type":"Point","coordinates":[121.51206,24.98678]},"properties":{"name":"南星美學牙醫診所","type":"診所","address":"新北市中和區興南路1段58號1樓至3樓"}},{"type":"Feature","geometry":{"type":"Point","coordinates":[121.51206,24.98678]},"properties":{"name":"米雅美學牙醫診所","type":"診所","address":"新北市中和區興南路1段23號1樓、2樓"}},{"type":"Feature","geometry":{"type":"Point","coordinates":[121.511421,24.991816]},"properties":{"name":"曜新牙醫診所","type":"診所","address":"新北市中和區景新街308號1樓"}},{"type":"Feature","geometry":{"type":"Point","coordinates":[121.522385,24.995833]},"properties":{"name":"秀恩美學牙醫診所","type":"診所","address":"新北市中和區自立路25號1至2樓"}},{"type":"Feature","geometry":{"type":"Point","coordinates":[121.485496,25.061795]},"properties":{"name":"祥齡牙醫診所","type":"診所","address":"新北市中和區中山路3段204號1樓"}},{"type":"Feature","geometry":{"type":"Point","coordinates":[121.509267,25.00044]},"properties":{"name":"漾潔牙醫診所","type":"診所","address":"新北市中和區中和路314號1至2樓"}},{"type":"Feature","geometry":{"type":"Point","coordinates":[121.509052,24.994086]},"properties":{"name":"守遠牙醫診所","type":"診所","address":"新北市中和區安平路15號1樓"}},{"type":"Feature","geometry":{"type":"Point","coordinates":[121.485496,25.061795]},"properties":{"name":"臻星美學牙醫診所","type":"診所","address":"新北市中和區中山路3段163號1樓"}},{"type":"Feature","geometry":{"type":"Point","coordinates":[121.504636,24.997477]},"properties":{"name":"晶漾牙醫診所","type":"診所","address":"新北市中和區南華路67之1號1樓及1樓夾層"}},{"type":"Feature","geometry":{"type":"Point","coordinates":[121.497597,25.00063]},"properties":{"name":"璟安牙醫診所","type":"診所","address":"新北市中和區景平路658號1樓、2樓"}},{"type":"Feature","geometry":{"type":"Point","coordinates":[121.513799,24.999809]},"properties":{"name":"日安牙醫診所","type":"診所","address":"新北市中和區安平路210號1樓及212號1樓、2樓"}},{"type":"Feature","geometry":{"type":"Point","coordinates":[121.511958,25.003501]},"properties":{"name":"東陽牙醫診所","type":"診所","address":"新北市中和區中和路440號1樓、2樓"}},{"type":"Feature","geometry":{"type":"Point","coordinates":[121.492461,24.996489]},"properties":{"name":"禾家牙醫診所","type":"診所","address":"新北市中和區連城路261之4號1樓"}},{"type":"Feature","geometry":{"type":"Point","coordinates":[121.513356,24.987706]},"properties":{"name":"立新美學牙醫診所","type":"診所","address":"新北市中和區景新街460號1樓、2樓"}},{"type":"Feature","geometry":{"type":"Point","coordinates":[121.465779,24.994836]},"properties":{"name":"沐德牙醫診所","type":"診所","address":"新北市中和區壽德街18號（1樓）"}},{"type":"Feature","geometry":{"type":"Point","coordinates":[121.53594,24.971263]},"properties":{"name":"百年牙醫診所","type":"診所","address":"新北市新店區三民路75巷3弄1號1樓"}},{"type":"Feature","geometry":{"type":"Point","coordinates":[121.537913,24.970282]},"properties":{"name":"裕仁牙醫診所","type":"診所","address":"新北市新店區三民路31－6號"}},{"type":"Feature","geometry":{"type":"Point","coordinates":[121.516442,24.963869]},"properties":{"name":"凱旋牙醫診所","type":"診所","address":"新北市新店區安康路2段100巷1號3樓、3樓之1、3樓之2"}},{"type":"Feature","geometry":{"type":"Point","coordinates":[121.516442,24.963869]},"properties":{"name":"戚崇龍牙醫診所","type":"診所","address":"新北市新店區安康路2段212號"}},{"type":"Feature","geometry":{"type":"Point","coordinates":[121.53502,24.974916]},"properties":{"name":"李震強牙醫診所","type":"診所","address":"新北市新店區三民路136號"}},{"type":"Feature","geometry":{"type":"Point","coordinates":[121.540692,24.97588]},"properties":{"name":"高牙醫診所","type":"診所","address":"新北市新店區建國路64號"}},{"type":"Feature","geometry":{"type":"Point","coordinates":[121.534453,24.97275]},"properties":{"name":"品雅牙醫診所","type":"診所","address":"新北市新店區三民路86號2樓"}},{"type":"Feature","geometry":{"type":"Point","coordinates":[121.541239,24.971773]},"properties":{"name":"盧牙醫診所","type":"診所","address":"新北市新店區中正路155號"}},{"type":"Feature","geometry":{"type":"Point","coordinates":[121.540725,24.965023]},"properties":{"name":"進新牙醫診所","type":"診所","address":"新北市新店區光明街312號"}},{"type":"Feature","geometry":{"type":"Point","coordinates":[121.537447,24.958787]},"properties":{"name":"北新牙醫診所","type":"診所","address":"新北市新店區北新路1段271巷2號"}},{"type":"Feature","geometry":{"type":"Point","coordinates":[121.536188,24.975119]},"properties":{"name":"北大牙醫診所","type":"診所","address":"新北市新店區中正路325號"}},{"type":"Feature","geometry":{"type":"Point","coordinates":[121.542555,24.971238]},"properties":{"name":"泰達牙醫診所","type":"診所","address":"新北市新店區北新路3段158號5樓"}},{"type":"Feature","geometry":{"type":"Point","coordinates":[121.494394,24.949049]},"properties":{"name":"黃牙醫診所","type":"診所","address":"新北市新店區富貴街9巷14號"}},{"type":"Feature","geometry":{"type":"Point","coordinates":[121.541328,24.971279]},"properties":{"name":"郭濠生牙醫診所","type":"診所","address":"新北市新店區華中街64號"}},{"type":"Feature","geometry":{"type":"Point","coordinates":[121.538755,24.978859]},"properties":{"name":"展新牙醫診所","type":"診所","address":"新北市新店區建國路155號"}},{"type":"Feature","geometry":{"type":"Point","coordinates":[121.533769,24.973469]},"properties":{"name":"寶麒牙醫診所","type":"診所","address":"新北市新店區三民路155號"}},{"type":"Feature","geometry":{"type":"Point","coordinates":[121.534333,24.972884]},"properties":{"name":"孫牙醫診所","type":"診所","address":"新北市新店區三民路92號2樓"}},{"type":"Feature","geometry":{"type":"Point","coordinates":[121.544596,24.969788]},"properties":{"name":"恒愛牙醫診所","type":"診所","address":"新北市新店區中正路49號"}},{"type":"Feature","geometry":{"type":"Point","coordinates":[121.538304,24.982821]},"properties":{"name":"江陵牙醫診所","type":"診所","address":"新北市新店區民權路81號"}},{"type":"Feature","geometry":{"type":"Point","coordinates":[121.540589,24.964646]},"properties":{"name":"親親牙醫診所","type":"診所","address":"新北市新店區光明街292號2樓"}},{"type":"Feature","geometry":{"type":"Point","coordinates":[121.54384,24.965664]},"properties":{"name":"旺威牙醫診所","type":"診所","address":"新北市新店區中興路3段190號1樓"}},{"type":"Feature","geometry":{"type":"Point","coordinates":[121.539721,24.97856]},"properties":{"name":"弘安牙醫診所","type":"診所","address":"新北市新店區民族路60號"}},{"type":"Feature","geometry":{"type":"Point","coordinates":[121.540199,24.973645]},"properties":{"name":"迦南牙醫診所","type":"診所","address":"新北市新店區建國路12號2樓"}},{"type":"Feature","geometry":{"type":"Point","coordinates":[121.510133,24.961049]},"properties":{"name":"許正傑牙醫診所","type":"診所","address":"新北市新店區安成街30號"}},{"type":"Feature","geometry":{"type":"Point","coordinates":[121.537976,24.979884]},"properties":{"name":"康保牙醫診所","type":"診所","address":"新北市新店區建國路120.122號1樓"}},{"type":"Feature","geometry":{"type":"Point","coordinates":[121.538605,24.96]},"properties":{"name":"永佳牙醫診所","type":"診所","address":"新北市新店區北新路2段195號1樓、2樓"}},{"type":"Feature","geometry":{"type":"Point","coordinates":[121.516442,24.963869]},"properties":{"name":"凱悅牙醫診所","type":"診所","address":"新北市新店區安康路2段196號2樓"}},{"type":"Feature","geometry":{"type":"Point","coordinates":[121.54384,24.965664]},"properties":{"name":"豐田牙醫診所","type":"診所","address":"新北市新店區中興路3段136號"}},{"type":"Feature","geometry":{"type":"Point","coordinates":[121.540431,24.97621]},"properties":{"name":"明潔牙醫診所","type":"診所","address":"新北市新店區建國路81號"}},{"type":"Feature","geometry":{"type":"Point","coordinates":[121.544242,24.969939]},"properties":{"name":"佑恩牙醫診所","type":"診所","address":"新北市新店區中正路59號2樓"}},{"type":"Feature","geometry":{"type":"Point","coordinates":[121.539645,24.962498]},"properties":{"name":"同愛牙醫診所","type":"診所","address":"新北市新店區光明街161號（1樓、2樓）"}},{"type":"Feature","geometry":{"type":"Point","coordinates":[121.547584,24.951865]},"properties":{"name":"青潭牙醫診所","type":"診所","address":"新北市新店區北宜路2段82－13號"}},{"type":"Feature","geometry":{"type":"Point","coordinates":[121.516978,24.971407]},"properties":{"name":"心殿牙醫診所","type":"診所","address":"新北市新店區安民街197號1樓"}},{"type":"Feature","geometry":{"type":"Point","coordinates":[121.542555,24.971238]},"properties":{"name":"德威牙醫診所","type":"診所","address":"新北市新店區北新路3段108號"}},{"type":"Feature","geometry":{"type":"Point","coordinates":[121.534916,24.972119]},"properties":{"name":"柏格牙醫診所","type":"診所","address":"新北市新店區三民路115號"}},{"type":"Feature","geometry":{"type":"Point","coordinates":[121.545286,24.975085]},"properties":{"name":"紐約牙醫診所","type":"診所","address":"新北市新店區寶橋路63號"}},{"type":"Feature","geometry":{"type":"Point","coordinates":[121.516634,24.963929]},"properties":{"name":"康和牙醫診所","type":"診所","address":"新北市新店區安和路3段153號"}},{"type":"Feature","geometry":{"type":"Point","coordinates":[121.533837,24.989468]},"properties":{"name":"上耀牙醫診所","type":"診所","address":"新北市新店區中正路639號"}},{"type":"Feature","geometry":{"type":"Point","coordinates":[121.536806,24.971238]},"properties":{"name":"蕙安牙醫診所","type":"診所","address":"新北市新店區三民路30號1樓"}},{"type":"Feature","geometry":{"type":"Point","coordinates":[121.538872,24.973442]},"properties":{"name":"冠雅牙醫診所","type":"診所","address":"新北市新店區中正路255號2樓"}},{"type":"Feature","geometry":{"type":"Point","coordinates":[121.54384,24.965664]},"properties":{"name":"元祥牙醫診所","type":"診所","address":"新北市新店區中興路1段199號"}},{"type":"Feature","geometry":{"type":"Point","coordinates":[121.539844,24.982544]},"properties":{"name":"北都牙醫診所","type":"診所","address":"新北市新店區二十張路11巷1－1號3樓"}},{"type":"Feature","geometry":{"type":"Point","coordinates":[121.542555,24.971238]},"properties":{"name":"得恩牙醫診所","type":"診所","address":"新北市新店區北新路3段12號1樓"}},{"type":"Feature","geometry":{"type":"Point","coordinates":[121.547677,24.952092]},"properties":{"name":"新益牙醫診所","type":"診所","address":"新北市新店區北宜路1段56號1樓"}},{"type":"Feature","geometry":{"type":"Point","coordinates":[121.542555,24.971238]},"properties":{"name":"東北大牙醫診所","type":"診所","address":"新北市新店區北新路3段158號3樓"}},{"type":"Feature","geometry":{"type":"Point","coordinates":[121.541795,24.984279]},"properties":{"name":"清新牙醫診所","type":"診所","address":"新北市新店區寶安街64號1樓"}},{"type":"Feature","geometry":{"type":"Point","coordinates":[121.529794,24.973631]},"properties":{"name":"安琪兒牙醫診所","type":"診所","address":"新北市新店區中央路216－1號2樓"}},{"type":"Feature","geometry":{"type":"Point","coordinates":[121.533594,24.983217]},"properties":{"name":"群林牙醫診所","type":"診所","address":"新北市新店區中正路495－1號"}},{"type":"Feature","geometry":{"type":"Point","coordinates":[121.534456,24.97243]},"properties":{"name":"維美牙醫診所","type":"診所","address":"新北市新店區三民路131號1樓"}},{"type":"Feature","geometry":{"type":"Point","coordinates":[121.54384,24.965664]},"properties":{"name":"新采牙醫診所","type":"診所","address":"新北市新店區中興路1段266－3號1樓"}},{"type":"Feature","geometry":{"type":"Point","coordinates":[121.519259,24.984821]},"properties":{"name":"欣和牙醫診所","type":"診所","address":"新北市新店區新和街34號1樓"}},{"type":"Feature","geometry":{"type":"Point","coordinates":[121.516577,24.969968]},"properties":{"name":"品淳牙醫診所","type":"診所","address":"新北市新店區安民街157號1樓、2樓"}},{"type":"Feature","geometry":{"type":"Point","coordinates":[121.534156,24.990078]},"properties":{"name":"吉恩牙醫診所","type":"診所","address":"新北市新店區中正路684號1樓"}},{"type":"Feature","geometry":{"type":"Point","coordinates":[121.533946,24.979477]},"properties":{"name":"千悅牙醫診所","type":"診所","address":"新北市新店區中正路226、228號2樓"}},{"type":"Feature","geometry":{"type":"Point","coordinates":[121.542555,24.971238]},"properties":{"name":"晶采牙醫診所","type":"診所","address":"新北市新店區北新路3段206巷1弄5號1樓"}},{"type":"Feature","geometry":{"type":"Point","coordinates":[121.546584,24.97561]},"properties":{"name":"維彥牙醫診所","type":"診所","address":"新北市新店區寶橋路88號4樓"}},{"type":"Feature","geometry":{"type":"Point","coordinates":[121.542555,24.971238]},"properties":{"name":"敦鄰牙醫診所","type":"診所","address":"新北市新店區北新路3段92號1、2樓"}},{"type":"Feature","geometry":{"type":"Point","coordinates":[121.545375,24.974819]},"properties":{"name":"薪寶牙醫診所","type":"診所","address":"新北市新店區寶橋路52號2樓"}},{"type":"Feature","geometry":{"type":"Point","coordinates":[121.538605,24.96]},"properties":{"name":"聖美牙醫診所","type":"診所","address":"新北市新店區北新路2段53號1樓"}},{"type":"Feature","geometry":{"type":"Point","coordinates":[121.537826,24.980856]},"properties":{"name":"舒美牙醫診所","type":"診所","address":"新北市新店區建國路206號1樓"}},{"type":"Feature","geometry":{"type":"Point","coordinates":[121.542555,24.971238]},"properties":{"name":"大坪林牙醫診所","type":"診所","address":"新北市新店區北新路3段65巷6號1樓"}},{"type":"Feature","geometry":{"type":"Point","coordinates":[121.530022,24.973657]},"properties":{"name":"丰采美學牙醫診所","type":"診所","address":"新北市新店區中央路210－1號1樓、2樓"}},{"type":"Feature","geometry":{"type":"Point","coordinates":[121.537526,24.976477]},"properties":{"name":"鄺懷德牙醫診所","type":"診所","address":"新北市新店區民族路171號1樓"}},{"type":"Feature","geometry":{"type":"Point","coordinates":[121.534875,24.975104]},"properties":{"name":"愛美牙醫診所","type":"診所","address":"新北市新店區三民路175號1樓"}},{"type":"Feature","geometry":{"type":"Point","coordinates":[121.54209,24.974038]},"properties":{"name":"傑仁牙醫診所","type":"診所","address":"新北市新店區北新路二段97巷9弄2號1樓"}},{"type":"Feature","geometry":{"type":"Point","coordinates":[121.516442,24.963869]},"properties":{"name":"晶湛牙醫診所","type":"診所","address":"新北市新店區安康路2段117號1樓2樓"}},{"type":"Feature","geometry":{"type":"Point","coordinates":[121.541278,24.982416]},"properties":{"name":"利林牙醫診所","type":"診所","address":"新北市新店區北新路三段117號1樓2樓"}},{"type":"Feature","geometry":{"type":"Point","coordinates":[121.540451,24.96534]},"properties":{"name":"利新牙醫診所","type":"診所","address":"新北市新店區北新路一段221號1樓2樓"}},{"type":"Feature","geometry":{"type":"Point","coordinates":[121.539373,24.972491]},"properties":{"name":"柏恩牙醫診所","type":"診所","address":"新北市新店區三民路14號2樓"}},{"type":"Feature","geometry":{"type":"Point","coordinates":[121.514708,24.963051]},"properties":{"name":"安康牙醫診所","type":"診所","address":"新北市新店區安忠路8號1樓"}},{"type":"Feature","geometry":{"type":"Point","coordinates":[121.542555,24.971238]},"properties":{"name":"澄牙醫診所","type":"診所","address":"新北市新店區北新路3段158號1樓（含夾層）、2樓"}},{"type":"Feature","geometry":{"type":"Point","coordinates":[121.540369,24.967528]},"properties":{"name":"怡美牙醫診所","type":"診所","address":"新北市新店區中華路33號1樓、2樓"}},{"type":"Feature","geometry":{"type":"Point","coordinates":[121.496101,24.946868]},"properties":{"name":"如薏牙醫診所","type":"診所","address":"新北市新店區如意街94號1樓"}},{"type":"Feature","geometry":{"type":"Point","coordinates":[121.540529,24.982805]},"properties":{"name":"卓業牙醫診所","type":"診所","address":"新北市新店區民權路39號3樓"}},{"type":"Feature","geometry":{"type":"Point","coordinates":[121.542251,24.97097]},"properties":{"name":"好牙醫診所","type":"診所","address":"新北市新店區中正路111號2樓"}},{"type":"Feature","geometry":{"type":"Point","coordinates":[121.523979,24.979134]},"properties":{"name":"大衛牙醫診所","type":"診所","address":"新北市新店區溪園路391之2號1樓"}},{"type":"Feature","geometry":{"type":"Point","coordinates":[121.516442,24.963869]},"properties":{"name":"安欣牙醫診所","type":"診所","address":"新北市新店區安康路2段189號1樓、2樓、191號1樓、2樓"}},{"type":"Feature","geometry":{"type":"Point","coordinates":[121.542555,24.971238]},"properties":{"name":"白玉牙醫診所","type":"診所","address":"新北市新店區北新路3段88號1樓、88號2樓"}},{"type":"Feature","geometry":{"type":"Point","coordinates":[121.516442,24.963869]},"properties":{"name":"臻晨美學牙醫診所","type":"診所","address":"新北市新店區安康路2段46之1號1樓、2樓"}},{"type":"Feature","geometry":{"type":"Point","coordinates":[121.538623,24.982821]},"properties":{"name":"美日牙醫診所","type":"診所","address":"新北市新店區民權路73號3樓"}},{"type":"Feature","geometry":{"type":"Point","coordinates":[121.537447,24.958787]},"properties":{"name":"卓悅牙醫診所","type":"診所","address":"新北市新店區北新路1段343號1樓"}},{"type":"Feature","geometry":{"type":"Point","coordinates":[121.540112,24.978737]},"properties":{"name":"育傑牙醫診所","type":"診所","address":"新北市新店區民族路50號1樓"}},{"type":"Feature","geometry":{"type":"Point","coordinates":[121.537447,24.958787]},"properties":{"name":"維風牙醫診所","type":"診所","address":"新北市新店區北新路1段291號2樓"}},{"type":"Feature","geometry":{"type":"Point","coordinates":[121.537447,24.958787]},"properties":{"name":"御田牙醫診所","type":"診所","address":"新北市新店區北新路1段141號1樓"}},{"type":"Feature","geometry":{"type":"Point","coordinates":[121.540964,24.986282]},"properties":{"name":"沐晨牙醫診所","type":"診所","address":"新北市新店區順安街60號〈1樓2樓〉62號〈1樓2樓〉"}},{"type":"Feature","geometry":{"type":"Point","coordinates":[121.5437,24.970132]},"properties":{"name":"高端牙醫診所","type":"診所","address":"新北市新店區中正路73號1樓"}},{"type":"Feature","geometry":{"type":"Point","coordinates":[121.489526,24.951698]},"properties":{"name":"和田美學牙醫診所","type":"診所","address":"新北市新店區安康路三段167號（1樓）"}},{"type":"Feature","geometry":{"type":"Point","coordinates":[121.537447,24.958787]},"properties":{"name":"立悅美學牙醫診所","type":"診所","address":"新北市新店區北新路1段191號1樓、191號2樓、3樓"}},{"type":"Feature","geometry":{"type":"Point","coordinates":[121.533914,24.960163]},"properties":{"name":"廣䄷牙醫診所","type":"診所","address":"新北市新店區安康路3段22號1樓"}},{"type":"Feature","geometry":{"type":"Point","coordinates":[121.538605,24.96]},"properties":{"name":"玉美學牙醫診所","type":"診所","address":"新北市新店區北新路2段45號1樓、2樓"}},{"type":"Feature","geometry":{"type":"Point","coordinates":[121.545252,24.974731]},"properties":{"name":"立誠美學牙醫診所","type":"診所","address":"新北市新店區寶橋路48號（1樓）、52號（1樓）"}},{"type":"Feature","geometry":{"type":"Point","coordinates":[121.541955,24.971504]},"properties":{"name":"樂齒牙醫診所","type":"診所","address":"新北市新店區中正路138號（1樓）、2樓"}},{"type":"Feature","geometry":{"type":"Point","coordinates":[121.516357,24.966535]},"properties":{"name":"吉安牙醫診所","type":"診所","address":"新北市新店區安民街63號1樓"}},{"type":"Feature","geometry":{"type":"Point","coordinates":[121.544601,24.967459]},"properties":{"name":"榛成牙醫診所","type":"診所","address":"新北市新店區中興路一段263號1樓"}},{"type":"Feature","geometry":{"type":"Point","coordinates":[121.538605,24.96]},"properties":{"name":"沐光牙醫診所","type":"診所","address":"新北市新店區北新路2段143號1樓、2樓"}},{"type":"Feature","geometry":{"type":"Point","coordinates":[121.456759,25.04933]},"properties":{"name":"康德牙醫診所","type":"診所","address":"新北市新莊區幸福路79號"}},{"type":"Feature","geometry":{"type":"Point","coordinates":[121.448587,25.035185]},"properties":{"name":"長興牙醫診所","type":"診所","address":"新北市新莊區中正路293號1、2樓"}},{"type":"Feature","geometry":{"type":"Point","coordinates":[121.424575,25.02173]},"properties":{"name":"和泰牙醫診所","type":"診所","address":"新北市新莊區八德街83號"}},{"type":"Feature","geometry":{"type":"Point","coordinates":[121.419652,25.026231]},"properties":{"name":"懷恩牙醫診所","type":"診所","address":"新北市新莊區富國路61號"}},{"type":"Feature","geometry":{"type":"Point","coordinates":[121.43365,25.032014]},"properties":{"name":"輔仁牙醫診所","type":"診所","address":"新北市新莊區建國一路8號1、2、3樓及6號2樓"}},{"type":"Feature","geometry":{"type":"Point","coordinates":[121.445455,25.040827]},"properties":{"name":"宏林牙醫診所","type":"診所","address":"新北市新莊區新泰路291號"}},{"type":"Feature","geometry":{"type":"Point","coordinates":[121.427653,25.021331]},"properties":{"name":"北陵牙醫診所","type":"診所","address":"新北市新莊區民安路274號"}},{"type":"Feature","geometry":{"type":"Point","coordinates":[121.45127,25.046508]},"properties":{"name":"安德牙醫診所","type":"診所","address":"新北市新莊區中港三街3號"}},{"type":"Feature","geometry":{"type":"Point","coordinates":[121.45605,25.050803]},"properties":{"name":"康勝牙醫診所","type":"診所","address":"新北市新莊區昌隆街90號1樓、2樓"}},{"type":"Feature","geometry":{"type":"Point","coordinates":[121.454293,25.040362]},"properties":{"name":"新華牙醫診所","type":"診所","address":"新北市新莊區公園路77號"}},{"type":"Feature","geometry":{"type":"Point","coordinates":[121.458758,25.049552]},"properties":{"name":"德安牙醫診所","type":"診所","address":"新北市新莊區幸福路28號"}},{"type":"Feature","geometry":{"type":"Point","coordinates":[121.451377,25.050917]},"properties":{"name":"德旺牙醫診所","type":"診所","address":"新北市新莊區中信街6號"}},{"type":"Feature","geometry":{"type":"Point","coordinates":[121.450766,25.05439]},"properties":{"name":"博群牙醫診所","type":"診所","address":"新北市新莊區中原路104號"}},{"type":"Feature","geometry":{"type":"Point","coordinates":[121.445928,25.044786]},"properties":{"name":"家祥牙醫診所","type":"診所","address":"新北市新莊區中平路82巷26號"}},{"type":"Feature","geometry":{"type":"Point","coordinates":[121.452036,25.049322]},"properties":{"name":"三愛牙醫診所","type":"診所","address":"新北市新莊區幸福路604號1樓"}},{"type":"Feature","geometry":{"type":"Point","coordinates":[121.426972,25.019763]},"properties":{"name":"龍安牙醫診所","type":"診所","address":"新北市新莊區民安西路78巷1號1樓"}},{"type":"Feature","geometry":{"type":"Point","coordinates":[121.447157,25.038367]},"properties":{"name":"昇佑牙醫診所","type":"診所","address":"新北市新莊區新泰路198號"}},{"type":"Feature","geometry":{"type":"Point","coordinates":[121.428122,25.015039]},"properties":{"name":"宏明牙醫診所","type":"診所","address":"新北市新莊區西盛街315號1樓"}},{"type":"Feature","geometry":{"type":"Point","coordinates":[121.444689,25.045139]},"properties":{"name":"慧安牙醫診所","type":"診所","address":"新北市新莊區中平路79號"}},{"type":"Feature","geometry":{"type":"Point","coordinates":[121.448031,25.035057]},"properties":{"name":"趙大地牙醫診所","type":"診所","address":"新北市新莊區中正路311號"}},{"type":"Feature","geometry":{"type":"Point","coordinates":[121.483572,25.060701]},"properties":{"name":"冠倫牙醫診所","type":"診所","address":"新北市新莊區中華路1段32號"}},{"type":"Feature","geometry":{"type":"Point","coordinates":[121.454422,25.050993]},"properties":{"name":"新莊謝牙醫診所","type":"診所","address":"新北市新莊區昌隆街21號"}},{"type":"Feature","geometry":{"type":"Point","coordinates":[121.426088,25.016602]},"properties":{"name":"健群牙醫診所","type":"診所","address":"新北市新莊區民安西路148號"}},{"type":"Feature","geometry":{"type":"Point","coordinates":[121.454251,25.045339]},"properties":{"name":"思賢微笑牙醫診所","type":"診所","address":"新北市新莊區自立街72號"}},{"type":"Feature","geometry":{"type":"Point","coordinates":[121.419846,25.02625]},"properties":{"name":"裕民牙醫診所","type":"診所","address":"新北市新莊區富國路65巷2號"}},{"type":"Feature","geometry":{"type":"Point","coordinates":[121.422804,24.994971]},"properties":{"name":"新超群牙醫診所","type":"診所","address":"新北市新莊區復興路2段122號"}},{"type":"Feature","geometry":{"type":"Point","coordinates":[121.418696,25.026511]},"properties":{"name":"富國牙醫診所","type":"診所","address":"新北市新莊區富國路23號"}},{"type":"Feature","geometry":{"type":"Point","coordinates":[121.455304,25.049266]},"properties":{"name":"開惠牙醫診所","type":"診所","address":"新北市新莊區幸福路531號1樓"}},{"type":"Feature","geometry":{"type":"Point","coordinates":[121.449862,25.035461]},"properties":{"name":"輔大牙醫診所","type":"診所","address":"新北市新莊區中正路259號"}},{"type":"Feature","geometry":{"type":"Point","coordinates":[121.444859,25.043765]},"properties":{"name":"震林牙醫診所","type":"診所","address":"新北市新莊區中平路44號"}},{"type":"Feature","geometry":{"type":"Point","coordinates":[121.455794,25.04929]},"properties":{"name":"鈺川牙醫診所","type":"診所","address":"新北市新莊區幸福路515號1樓"}},{"type":"Feature","geometry":{"type":"Point","coordinates":[121.447139,25.049195]},"properties":{"name":"大唐牙醫診所","type":"診所","address":"新北市新莊區幸福路766號1樓"}},{"type":"Feature","geometry":{"type":"Point","coordinates":[121.445786,25.04033]},"properties":{"name":"名仕牙醫診所","type":"診所","address":"新北市新莊區新泰路269號1、2樓"}},{"type":"Feature","geometry":{"type":"Point","coordinates":[121.454733,25.053134]},"properties":{"name":"聯華牙醫診所","type":"診所","address":"新北市新莊區昌平里昌平街71巷2號、4號1－2樓及73號2樓"}},{"type":"Feature","geometry":{"type":"Point","coordinates":[121.42205,25.020643]},"properties":{"name":"修正牙醫診所","type":"診所","address":"新北市新莊區四維路199號1樓"}},{"type":"Feature","geometry":{"type":"Point","coordinates":[121.427156,25.034217]},"properties":{"name":"高泰牙醫診所","type":"診所","address":"新北市新莊區中正路349號"}},{"type":"Feature","geometry":{"type":"Point","coordinates":[121.454566,25.049411]},"properties":{"name":"許文政牙醫診所","type":"診所","address":"新北市新莊區幸福路560號"}},{"type":"Feature","geometry":{"type":"Point","coordinates":[121.424774,25.024598]},"properties":{"name":"欣安牙醫診所","type":"診所","address":"新北市新莊區民安路160號"}},{"type":"Feature","geometry":{"type":"Point","coordinates":[121.447813,25.050798]},"properties":{"name":"名家牙醫診所","type":"診所","address":"新北市新莊區中和街187號"}},{"type":"Feature","geometry":{"type":"Point","coordinates":[121.444851,25.042446]},"properties":{"name":"全家福牙醫診所","type":"診所","address":"新北市新莊區新泰路344號1樓"}},{"type":"Feature","geometry":{"type":"Point","coordinates":[121.422804,24.994971]},"properties":{"name":"新莊尚品牙醫診所","type":"診所","address":"新北市新莊區復興路2段45、47號"}},{"type":"Feature","geometry":{"type":"Point","coordinates":[121.450936,25.045628]},"properties":{"name":"元富牙醫診所","type":"診所","address":"新北市新莊區中港一街34號（1樓）"}},{"type":"Feature","geometry":{"type":"Point","coordinates":[121.422946,24.994956]},"properties":{"name":"祐康牙醫診所","type":"診所","address":"新北市新莊區復興路1段185號1至2樓、187號1至2樓"}},{"type":"Feature","geometry":{"type":"Point","coordinates":[121.427587,25.020845]},"properties":{"name":"安心牙醫診所","type":"診所","address":"新北市新莊區民安西路39號1樓"}},{"type":"Feature","geometry":{"type":"Point","coordinates":[121.459722,25.064456]},"properties":{"name":"冠霖牙醫診所","type":"診所","address":"新北市新莊區五工三路58號1樓"}},{"type":"Feature","geometry":{"type":"Point","coordinates":[121.426751,25.027599]},"properties":{"name":"建福牙醫診所","type":"診所","address":"新北市新莊區建福里建福路53號1、2樓"}},{"type":"Feature","geometry":{"type":"Point","coordinates":[121.4542,25.049223]},"properties":{"name":"富邦牙醫診所","type":"診所","address":"新北市新莊區幸福路563號1樓"}},{"type":"Feature","geometry":{"type":"Point","coordinates":[121.453278,25.04937]},"properties":{"name":"虹霖牙醫診所","type":"診所","address":"新北市新莊區幸福路600號1樓"}},{"type":"Feature","geometry":{"type":"Point","coordinates":[121.419157,25.026371]},"properties":{"name":"博安牙醫診所","type":"診所","address":"新北市新莊區富國路43號"}},{"type":"Feature","geometry":{"type":"Point","coordinates":[121.424773,25.024831]},"properties":{"name":"元華牙醫診所","type":"診所","address":"新北市新莊區民安路115號1樓"}},{"type":"Feature","geometry":{"type":"Point","coordinates":[121.423865,25.024001]},"properties":{"name":"四維牙醫診所","type":"診所","address":"新北市新莊區四維路19號2樓"}},{"type":"Feature","geometry":{"type":"Point","coordinates":[121.426353,25.024293]},"properties":{"name":"誠泰牙醫診所","type":"診所","address":"新北市新莊區建安街84號"}},{"type":"Feature","geometry":{"type":"Point","coordinates":[121.449481,25.049072]},"properties":{"name":"康泰牙醫診所","type":"診所","address":"新北市新莊區幸福路721號1、2樓"}},{"type":"Feature","geometry":{"type":"Point","coordinates":[121.454573,25.055504]},"properties":{"name":"劍橋牙醫診所","type":"診所","address":"新北市新莊區昌平街3、5號"}},{"type":"Feature","geometry":{"type":"Point","coordinates":[121.452439,25.048644]},"properties":{"name":"菁美牙醫診所","type":"診所","address":"新北市新莊區中港路455號1樓"}},{"type":"Feature","geometry":{"type":"Point","coordinates":[121.445835,25.049163]},"properties":{"name":"麗安牙醫診所","type":"診所","address":"新北市新莊區幸福路812號1樓"}},{"type":"Feature","geometry":{"type":"Point","coordinates":[121.458188,25.066007]},"properties":{"name":"大都會牙醫診所","type":"診所","address":"新北市新莊區五權一路54號2樓"}},{"type":"Feature","geometry":{"type":"Point","coordinates":[121.448583,25.049058]},"properties":{"name":"捷美牙醫診所","type":"診所","address":"新北市新莊區幸福路747號1樓及2樓"}},{"type":"Feature","geometry":{"type":"Point","coordinates":[121.447789,25.035022]},"properties":{"name":"景福牙醫診所","type":"診所","address":"新北市新莊區中正路319號1、2樓"}},{"type":"Feature","geometry":{"type":"Point","coordinates":[121.483572,25.060701]},"properties":{"name":"榮和牙醫診所","type":"診所","address":"新北市新莊區中華路1段84號1樓及夾層、82號1樓及夾層"}},{"type":"Feature","geometry":{"type":"Point","coordinates":[121.44491,25.050668]},"properties":{"name":"風尚牙醫診所","type":"診所","address":"新北市新莊區中平路278號1、2樓"}},{"type":"Feature","geometry":{"type":"Point","coordinates":[121.417904,25.026213]},"properties":{"name":"全冠牙醫診所","type":"診所","address":"新北市新莊區中正路879－2號1樓"}},{"type":"Feature","geometry":{"type":"Point","coordinates":[121.44308,25.032618]},"properties":{"name":"大象牙醫診所","type":"診所","address":"新北市新莊區海山里瓊泰路213號1樓"}},{"type":"Feature","geometry":{"type":"Point","coordinates":[121.425538,24.984477]},"properties":{"name":"欣佑牙醫診所","type":"診所","address":"新北市新莊區昌平里中華路2段262號1樓"}},{"type":"Feature","geometry":{"type":"Point","coordinates":[121.426233,25.022507]},"properties":{"name":"鴻金寶牙醫診所","type":"診所","address":"新北市新莊區建安里民安路199號1樓"}},{"type":"Feature","geometry":{"type":"Point","coordinates":[121.425538,24.984477]},"properties":{"name":"慶城牙醫診所","type":"診所","address":"新北市新莊區中華路2段119號1樓"}},{"type":"Feature","geometry":{"type":"Point","coordinates":[121.456172,25.049472]},"properties":{"name":"幸福88牙醫診所","type":"診所","address":"新北市新莊區幸福路92號1、2樓"}},{"type":"Feature","geometry":{"type":"Point","coordinates":[121.452788,25.044242]},"properties":{"name":"尊爵牙醫診所","type":"診所","address":"新北市新莊區中港路293號1樓至2樓"}},{"type":"Feature","geometry":{"type":"Point","coordinates":[121.444662,25.051339]},"properties":{"name":"博飛牙醫診所","type":"診所","address":"新北市新莊區中平路303號1樓"}},{"type":"Feature","geometry":{"type":"Point","coordinates":[121.452937,25.040206]},"properties":{"name":"公園牙醫診所","type":"診所","address":"新北市新莊區公園路33號1樓"}},{"type":"Feature","geometry":{"type":"Point","coordinates":[121.428818,25.027088]},"properties":{"name":"健安牙醫診所","type":"診所","address":"新北市新莊區後港一路116號1樓"}},{"type":"Feature","geometry":{"type":"Point","coordinates":[121.435112,25.032953]},"properties":{"name":"輔園牙醫診所","type":"診所","address":"新北市新莊區中正路510號1樓"}},{"type":"Feature","geometry":{"type":"Point","coordinates":[121.421869,25.020261]},"properties":{"name":"恆合牙醫診所","type":"診所","address":"新北市新莊區四維路205之1號1樓"}},{"type":"Feature","geometry":{"type":"Point","coordinates":[121.426152,25.024189]},"properties":{"name":"新樹聯合牙醫診所","type":"診所","address":"新北市新莊區建安街90號1樓"}},{"type":"Feature","geometry":{"type":"Point","coordinates":[121.425854,25.024003]},"properties":{"name":"承心牙醫診所","type":"診所","address":"新北市新莊區建安街98號1樓"}},{"type":"Feature","geometry":{"type":"Point","coordinates":[121.425538,24.984477]},"properties":{"name":"晶華牙醫診所","type":"診所","address":"新北市新莊區中華路2段17號1樓"}},{"type":"Feature","geometry":{"type":"Point","coordinates":[121.449243,25.034888]},"properties":{"name":"祐新牙醫診所","type":"診所","address":"新北市新莊區新泰路64號1樓"}},{"type":"Feature","geometry":{"type":"Point","coordinates":[121.42722,25.020199]},"properties":{"name":"西盛牙醫診所","type":"診所","address":"新北市新莊區民安西路66號1樓至2樓"}},{"type":"Feature","geometry":{"type":"Point","coordinates":[121.450025,25.036049]},"properties":{"name":"艾登牙醫診所","type":"診所","address":"新北市新莊區建興街7號1樓及2樓"}},{"type":"Feature","geometry":{"type":"Point","coordinates":[121.44882,25.049262]},"properties":{"name":"煥采牙醫診所","type":"診所","address":"新北市新莊區幸福路732號1樓至2樓及地下一層"}},{"type":"Feature","geometry":{"type":"Point","coordinates":[121.483572,25.060701]},"properties":{"name":"新城牙醫診所","type":"診所","address":"新北市新莊區中華路1段71號1樓及2樓、67、69號2樓"}},{"type":"Feature","geometry":{"type":"Point","coordinates":[121.426166,25.013236]},"properties":{"name":"明安牙醫診所","type":"診所","address":"新北市新莊區民安西路257號1樓"}},{"type":"Feature","geometry":{"type":"Point","coordinates":[121.453652,25.049208]},"properties":{"name":"佑安牙醫診所","type":"診所","address":"新北市新莊區幸福路585號1樓"}},{"type":"Feature","geometry":{"type":"Point","coordinates":[121.483572,25.060701]},"properties":{"name":"君悅牙醫診所","type":"診所","address":"新北市新莊區中華路1段31號1樓及夾層"}},{"type":"Feature","geometry":{"type":"Point","coordinates":[121.414578,25.023577]},"properties":{"name":"雙美牙醫診所","type":"診所","address":"新北市新莊區中正路730之16號．17號1樓至3樓"}},{"type":"Feature","geometry":{"type":"Point","coordinates":[121.448772,25.049067]},"properties":{"name":"美麗華牙醫診所","type":"診所","address":"新北市新莊區幸福路741號1樓"}},{"type":"Feature","geometry":{"type":"Point","coordinates":[121.44712,25.038424]},"properties":{"name":"全球牙醫診所","type":"診所","address":"新北市新莊區新泰路200號1樓及202號1、2樓"}},{"type":"Feature","geometry":{"type":"Point","coordinates":[121.453321,25.043929]},"properties":{"name":"爵美牙醫診所","type":"診所","address":"新北市新莊區中港路268號1、2樓"}},{"type":"Feature","geometry":{"type":"Point","coordinates":[121.460326,25.054493]},"properties":{"name":"沐風牙醫診所","type":"診所","address":"新北市新莊區中原東路208號1、2樓"}},{"type":"Feature","geometry":{"type":"Point","coordinates":[121.458675,25.049403]},"properties":{"name":"幸福三三牙醫診所","type":"診所","address":"新北市新莊區幸福路33號1樓、福壽街66巷3號1樓"}},{"type":"Feature","geometry":{"type":"Point","coordinates":[121.427858,25.024671]},"properties":{"name":"富安牙醫診所","type":"診所","address":"新北市新莊區建安街73號1樓"}},{"type":"Feature","geometry":{"type":"Point","coordinates":[121.426959,25.021417]},"properties":{"name":"明揚牙醫診所","type":"診所","address":"新北市新莊區民安西路19號1、2樓"}},{"type":"Feature","geometry":{"type":"Point","coordinates":[121.448202,25.035332]},"properties":{"name":"大新莊牙醫診所","type":"診所","address":"新北市新莊區中正路246號1樓"}},{"type":"Feature","geometry":{"type":"Point","coordinates":[121.44252,25.056843]},"properties":{"name":"欣尚牙醫診所","type":"診所","address":"新北市新莊區中原路238號1．2樓"}},{"type":"Feature","geometry":{"type":"Point","coordinates":[121.433745,25.031789]},"properties":{"name":"艾旎牙醫診所","type":"診所","address":"新北市新莊區建國一路20號1、2樓"}},{"type":"Feature","geometry":{"type":"Point","coordinates":[121.460795,25.057432]},"properties":{"name":"福美牙醫診所","type":"診所","address":"新北市新莊區福美街126號1樓"}},{"type":"Feature","geometry":{"type":"Point","coordinates":[121.432492,24.999903]},"properties":{"name":"大正牙醫診所","type":"診所","address":"新北市新莊區新崑路115號1樓"}},{"type":"Feature","geometry":{"type":"Point","coordinates":[121.444688,25.044835]},"properties":{"name":"頂新牙醫診所","type":"診所","address":"新北市新莊區中平路69號1樓及夾層"}},{"type":"Feature","geometry":{"type":"Point","coordinates":[121.423476,25.024807]},"properties":{"name":"皓美牙醫診所","type":"診所","address":"新北市新莊區富國路162號1樓"}},{"type":"Feature","geometry":{"type":"Point","coordinates":[121.445954,25.040335]},"properties":{"name":"上博牙醫診所","type":"診所","address":"新北市新莊區新泰路272號1－3樓"}},{"type":"Feature","geometry":{"type":"Point","coordinates":[121.446929,25.052859]},"properties":{"name":"副都心牙醫診所","type":"診所","address":"新北市新莊區中榮街112號1樓"}},{"type":"Feature","geometry":{"type":"Point","coordinates":[121.412993,25.0281]},"properties":{"name":"師恩牙醫診所","type":"診所","address":"新北市新莊區雙鳳路134巷2號1樓"}},{"type":"Feature","geometry":{"type":"Point","coordinates":[121.460236,25.047465]},"properties":{"name":"品森美學牙醫診所","type":"診所","address":"新北市新莊區思源路130號（1樓及夾層）"}},{"type":"Feature","geometry":{"type":"Point","coordinates":[121.453318,25.04396]},"properties":{"name":"尊凡牙醫診所","type":"診所","address":"新北市新莊區中港路270號1樓、272號2樓"}},{"type":"Feature","geometry":{"type":"Point","coordinates":[121.461102,25.049348]},"properties":{"name":"晶瑞牙醫診所","type":"診所","address":"新北市新莊區幸福東路131號1樓及夾層"}},{"type":"Feature","geometry":{"type":"Point","coordinates":[121.456298,25.049479]},"properties":{"name":"幸福家牙醫診所","type":"診所","address":"新北市新莊區幸福路88之1號1樓"}},{"type":"Feature","geometry":{"type":"Point","coordinates":[121.42584,25.022793]},"properties":{"name":"非凡牙醫診所","type":"診所","address":"新北市新莊區民安路212號1樓"}},{"type":"Feature","geometry":{"type":"Point","coordinates":[121.448716,25.052858]},"properties":{"name":"明星牙醫診所","type":"診所","address":"新北市新莊區中榮街62之1號1樓"}},{"type":"Feature","geometry":{"type":"Point","coordinates":[121.465084,25.059021]},"properties":{"name":"新月牙醫診所","type":"診所","address":"新北市新莊區化成路411號1樓、413號1樓"}},{"type":"Feature","geometry":{"type":"Point","coordinates":[121.454867,25.060027]},"properties":{"name":"康軒牙醫診所","type":"診所","address":"新北市新莊區昌平街332號1樓、2樓"}},{"type":"Feature","geometry":{"type":"Point","coordinates":[121.452566,25.046217]},"properties":{"name":"全欣牙醫診所","type":"診所","address":"新北市新莊區中安街29之1號1樓、2樓"}},{"type":"Feature","geometry":{"type":"Point","coordinates":[121.415337,25.02402]},"properties":{"name":"凱樂牙醫診所","type":"診所","address":"新北市新莊區中正路726之8號1樓"}},{"type":"Feature","geometry":{"type":"Point","coordinates":[121.423434,25.025066]},"properties":{"name":"爵悅牙醫診所","type":"診所","address":"新北市新莊區富國路107號1、2樓"}},{"type":"Feature","geometry":{"type":"Point","coordinates":[121.45513,25.054249]},"properties":{"name":"御美牙醫診所","type":"診所","address":"新北市新莊區中原路111號1樓、113號1樓"}},{"type":"Feature","geometry":{"type":"Point","coordinates":[121.453909,25.05423]},"properties":{"name":"開樂牙醫診所","type":"診所","address":"新北市新莊區中原路151號1樓"}},{"type":"Feature","geometry":{"type":"Point","coordinates":[121.425702,24.992136]},"properties":{"name":"四德牙醫診所","type":"診所","address":"新北市樹林區四德街29號"}},{"type":"Feature","geometry":{"type":"Point","coordinates":[121.39262,24.97212]},"properties":{"name":"又怡牙醫診所","type":"診所","address":"新北市樹林區中山路1段93號"}},{"type":"Feature","geometry":{"type":"Point","coordinates":[121.39262,24.97212]},"properties":{"name":"和美牙醫診所","type":"診所","address":"新北市樹林區中山路1段84號"}},{"type":"Feature","geometry":{"type":"Point","coordinates":[121.39262,24.97212]},"properties":{"name":"鴻仁牙醫診所","type":"診所","address":"新北市樹林區中山路1段125號－1"}},{"type":"Feature","geometry":{"type":"Point","coordinates":[121.418501,24.978693]},"properties":{"name":"佳新牙醫診所","type":"診所","address":"新北市樹林區太平街56巷2號"}},{"type":"Feature","geometry":{"type":"Point","coordinates":[121.419956,24.992494]},"properties":{"name":"宇昇牙醫診所","type":"診所","address":"新北市樹林區樹德街92號"}},{"type":"Feature","geometry":{"type":"Point","coordinates":[121.422829,24.992185]},"properties":{"name":"樹德牙醫診所","type":"診所","address":"新北市樹林區日新街37號1樓"}},{"type":"Feature","geometry":{"type":"Point","coordinates":[121.408555,25.016641]},"properties":{"name":"元生牙醫診所","type":"診所","address":"新北市樹林區三福街31號"}},{"type":"Feature","geometry":{"type":"Point","coordinates":[121.425343,24.996708]},"properties":{"name":"何牙醫診所","type":"診所","address":"新北市樹林區千歲街53－2號"}},{"type":"Feature","geometry":{"type":"Point","coordinates":[121.427046,24.994729]},"properties":{"name":"上好牙醫診所","type":"診所","address":"新北市樹林區樹新路39號1樓"}},{"type":"Feature","geometry":{"type":"Point","coordinates":[121.41909,24.981092]},"properties":{"name":"中華牙醫診所","type":"診所","address":"新北市樹林區中華路239號1樓"}},{"type":"Feature","geometry":{"type":"Point","coordinates":[121.429138,24.994497]},"properties":{"name":"大山牙醫診所","type":"診所","address":"新北市樹林區保順街75號"}},{"type":"Feature","geometry":{"type":"Point","coordinates":[121.42009,24.98731]},"properties":{"name":"家福牙醫診所","type":"診所","address":"新北市樹林區文化街12號"}},{"type":"Feature","geometry":{"type":"Point","coordinates":[121.420212,24.991119]},"properties":{"name":"復新牙醫診所","type":"診所","address":"新北市樹林區復興路221號1樓"}},{"type":"Feature","geometry":{"type":"Point","coordinates":[121.428513,24.992772]},"properties":{"name":"保安牙醫診所","type":"診所","address":"新北市樹林區保安街2段144號"}},{"type":"Feature","geometry":{"type":"Point","coordinates":[121.415804,24.979922]},"properties":{"name":"佳樹牙醫診所","type":"診所","address":"新北市樹林區中華路335號1樓"}},{"type":"Feature","geometry":{"type":"Point","coordinates":[121.422732,24.992479]},"properties":{"name":"傑夫牙醫診所","type":"診所","address":"新北市樹林區日新街32號1樓"}},{"type":"Feature","geometry":{"type":"Point","coordinates":[121.423828,24.99526]},"properties":{"name":"康耀牙醫診所","type":"診所","address":"新北市樹林區保安二街95號"}},{"type":"Feature","geometry":{"type":"Point","coordinates":[121.39262,24.97212]},"properties":{"name":"曙光牙醫診所","type":"診所","address":"新北市樹林區中山路1段218號"}},{"type":"Feature","geometry":{"type":"Point","coordinates":[121.418385,24.980676]},"properties":{"name":"辰林牙醫診所","type":"診所","address":"新北市樹林區中華路247號"}},{"type":"Feature","geometry":{"type":"Point","coordinates":[121.426199,24.9928]},"properties":{"name":"奇新牙醫診所","type":"診所","address":"新北市樹林區鎮前街3號1樓附1附3、3之1號2樓附2附4附5"}},{"type":"Feature","geometry":{"type":"Point","coordinates":[121.416566,24.98028]},"properties":{"name":"晶致牙醫診所","type":"診所","address":"新北市樹林區中華路148號1－2樓"}},{"type":"Feature","geometry":{"type":"Point","coordinates":[121.3794,24.948672]},"properties":{"name":"雅登牙醫診所","type":"診所","address":"新北市樹林區大雅路302號1、2樓"}},{"type":"Feature","geometry":{"type":"Point","coordinates":[121.382043,24.946381]},"properties":{"name":"金威牙醫診所","type":"診所","address":"新北市樹林區大成路83號1樓"}},{"type":"Feature","geometry":{"type":"Point","coordinates":[121.379305,24.947472]},"properties":{"name":"佳豐牙醫診所","type":"診所","address":"新北市樹林區學勤路320號1樓"}},{"type":"Feature","geometry":{"type":"Point","coordinates":[121.42874,24.996729]},"properties":{"name":"欣瑞牙醫診所","type":"診所","address":"新北市樹林區保安2街21、23號1、2樓"}},{"type":"Feature","geometry":{"type":"Point","coordinates":[121.424713,25.010035]},"properties":{"name":"民安牙醫診所","type":"診所","address":"新北市樹林區俊英街113之3號1、2樓"}},{"type":"Feature","geometry":{"type":"Point","coordinates":[121.422586,24.997732]},"properties":{"name":"品橙牙醫診所","type":"診所","address":"新北市樹林區大安路113號"}},{"type":"Feature","geometry":{"type":"Point","coordinates":[121.41589,24.980426]},"properties":{"name":"佩福牙醫診所","type":"診所","address":"新北市樹林區東華街91號1樓"}},{"type":"Feature","geometry":{"type":"Point","coordinates":[121.425551,24.992283]},"properties":{"name":"麗世牙醫診所","type":"診所","address":"新北市樹林區鎮前街64號1、2樓"}},{"type":"Feature","geometry":{"type":"Point","coordinates":[121.418428,24.988213]},"properties":{"name":"樹欣牙醫診所","type":"診所","address":"新北市樹林區文化街36、38號1樓"}},{"type":"Feature","geometry":{"type":"Point","coordinates":[121.381277,24.949352]},"properties":{"name":"北大昕成牙醫診所","type":"診所","address":"新北市樹林區大成路355號（1樓、2樓）"}},{"type":"Feature","geometry":{"type":"Point","coordinates":[121.418188,24.982574]},"properties":{"name":"同心牙醫診所","type":"診所","address":"新北市樹林區大同街23號1樓、2樓"}},{"type":"Feature","geometry":{"type":"Point","coordinates":[121.427231,24.993275]},"properties":{"name":"萬好牙醫診所","type":"診所","address":"新北市樹林區保安街1段192－2號1樓"}},{"type":"Feature","geometry":{"type":"Point","coordinates":[121.425972,24.992703]},"properties":{"name":"日月辰心牙醫診所","type":"診所","address":"新北市樹林區鎮前街13號1、2樓"}},{"type":"Feature","geometry":{"type":"Point","coordinates":[121.421421,24.989261]},"properties":{"name":"宏年牙醫診所","type":"診所","address":"新北市樹林區育英街50號1樓"}},{"type":"Feature","geometry":{"type":"Point","coordinates":[121.37165,24.947676]},"properties":{"name":"得意牙醫診所","type":"診所","address":"新北市樹林區大雅路271號1樓、夾層"}},{"type":"Feature","geometry":{"type":"Point","coordinates":[121.421366,24.982171]},"properties":{"name":"樹禾牙醫診所","type":"診所","address":"新北市樹林區中華路149號1樓"}},{"type":"Feature","geometry":{"type":"Point","coordinates":[121.352205,24.954703]},"properties":{"name":"魏牙醫診所","type":"診所","address":"新北市鶯歌區中正一路81－1號"}},{"type":"Feature","geometry":{"type":"Point","coordinates":[121.35233,24.955084]},"properties":{"name":"大慶牙醫診所","type":"診所","address":"新北市鶯歌區中正一路114號"}},{"type":"Feature","geometry":{"type":"Point","coordinates":[121.344217,24.950226]},"properties":{"name":"青山牙醫診所","type":"診所","address":"新北市鶯歌區鶯桃路2段15號"}},{"type":"Feature","geometry":{"type":"Point","coordinates":[121.342954,24.955157]},"properties":{"name":"謝彥中牙醫診所","type":"診所","address":"新北市鶯歌區國華路53號（1樓）"}},{"type":"Feature","geometry":{"type":"Point","coordinates":[121.349493,24.953875]},"properties":{"name":"鶯歌牙醫診所","type":"診所","address":"新北市鶯歌區南昌街9巷4號1樓"}},{"type":"Feature","geometry":{"type":"Point","coordinates":[121.351392,24.952818]},"properties":{"name":"國慶牙醫診所","type":"診所","address":"新北市鶯歌區國慶街175號"}},{"type":"Feature","geometry":{"type":"Point","coordinates":[121.344217,24.950226]},"properties":{"name":"聖心牙醫診所","type":"診所","address":"新北市鶯歌區鶯桃路2段34號"}},{"type":"Feature","geometry":{"type":"Point","coordinates":[121.330344,24.967833]},"properties":{"name":"鼎安牙醫診所","type":"診所","address":"新北市鶯歌區鶯桃路545號"}},{"type":"Feature","geometry":{"type":"Point","coordinates":[121.352156,24.955092]},"properties":{"name":"楓林牙醫診所","type":"診所","address":"新北市鶯歌區中正一路95號"}},{"type":"Feature","geometry":{"type":"Point","coordinates":[121.352454,24.953834]},"properties":{"name":"名品牙醫診所","type":"診所","address":"新北市鶯歌區中正一路54號"}},{"type":"Feature","geometry":{"type":"Point","coordinates":[121.351135,24.954383]},"properties":{"name":"林明堂牙醫診所","type":"診所","address":"新北市鶯歌區國慶街115巷17-1號1樓"}},{"type":"Feature","geometry":{"type":"Point","coordinates":[121.353845,24.956385]},"properties":{"name":"誠悅牙醫診所","type":"診所","address":"新北市鶯歌區仁愛路13號1樓、15號1－2樓"}},{"type":"Feature","geometry":{"type":"Point","coordinates":[121.35209,24.953906]},"properties":{"name":"茁越牙醫診所","type":"診所","address":"新北市鶯歌區建國路115號1、2樓，115－1號1樓"}},{"type":"Feature","geometry":{"type":"Point","coordinates":[121.348407,24.954177]},"properties":{"name":"樂康牙醫診所","type":"診所","address":"新北市鶯歌區南雅路47號1、2樓"}},{"type":"Feature","geometry":{"type":"Point","coordinates":[121.351066,24.953947]},"properties":{"name":"亞致牙醫診所","type":"診所","address":"新北市鶯歌區建國路142－1、146號1樓"}},{"type":"Feature","geometry":{"type":"Point","coordinates":[121.342577,24.945813]},"properties":{"name":"鈞英牙醫診所","type":"診所","address":"新北市鶯歌區尖山路217－2號1Ｆ及夾層"}},{"type":"Feature","geometry":{"type":"Point","coordinates":[121.368352,24.933546]},"properties":{"name":"救生牙醫診所","type":"診所","address":"新北市三峽區仁愛街10號"}},{"type":"Feature","geometry":{"type":"Point","coordinates":[121.513788,24.99547]},"properties":{"name":"真善美牙醫診所","type":"診所","address":"新北市三峽區中正路1段55號"}},{"type":"Feature","geometry":{"type":"Point","coordinates":[121.370072,24.937363]},"properties":{"name":"華德牙醫診所","type":"診所","address":"新北市三峽區和平街83號"}},{"type":"Feature","geometry":{"type":"Point","coordinates":[121.366781,24.935838]},"properties":{"name":"優美牙醫診所","type":"診所","address":"新北市三峽區文化路264號3樓"}},{"type":"Feature","geometry":{"type":"Point","coordinates":[121.396456,24.936323]},"properties":{"name":"蘇牙醫診所","type":"診所","address":"新北市三峽區溪北街28號"}},{"type":"Feature","geometry":{"type":"Point","coordinates":[121.374947,24.935882]},"properties":{"name":"惠恩牙醫診所","type":"診所","address":"新北市三峽區民生街77號1樓"}},{"type":"Feature","geometry":{"type":"Point","coordinates":[121.375702,24.936292]},"properties":{"name":"大瀚牙醫診所","type":"診所","address":"新北市三峽區民生街33號"}},{"type":"Feature","geometry":{"type":"Point","coordinates":[121.373295,24.935857]},"properties":{"name":"宏志牙醫診所","type":"診所","address":"新北市三峽區文化路18號"}},{"type":"Feature","geometry":{"type":"Point","coordinates":[121.362828,24.937088]},"properties":{"name":"勝美牙醫診所","type":"診所","address":"新北市三峽區中山路233號"}},{"type":"Feature","geometry":{"type":"Point","coordinates":[121.368379,24.936102]},"properties":{"name":"佑辰牙醫診所","type":"診所","address":"新北市三峽區文化路212號之5－6－1樓"}},{"type":"Feature","geometry":{"type":"Point","coordinates":[121.375275,24.945814]},"properties":{"name":"高品牙醫診所","type":"診所","address":"新北市三峽區大德路183號1、2樓"}},{"type":"Feature","geometry":{"type":"Point","coordinates":[121.374983,24.946973]},"properties":{"name":"協和牙醫診所","type":"診所","address":"新北市三峽區大德路218號"}},{"type":"Feature","geometry":{"type":"Point","coordinates":[121.378383,24.943744]},"properties":{"name":"學城牙醫診所","type":"診所","address":"新北市三峽區大義路31號1、2樓"}},{"type":"Feature","geometry":{"type":"Point","coordinates":[121.375192,24.942073]},"properties":{"name":"北大蒔美牙醫診所","type":"診所","address":"新北市三峽區學成路256號1、2樓"}},{"type":"Feature","geometry":{"type":"Point","coordinates":[121.377584,24.928905]},"properties":{"name":"大同牙醫診所","type":"診所","address":"新北市三峽區大同路7號1、2樓"}},{"type":"Feature","geometry":{"type":"Point","coordinates":[121.374276,24.935692]},"properties":{"name":"擎天牙醫診所","type":"診所","address":"新北市三峽區復興路3號1、2樓"}},{"type":"Feature","geometry":{"type":"Point","coordinates":[121.374147,24.94788]},"properties":{"name":"飛悅北大牙醫診所","type":"診所","address":"新北市三峽區大德路489號1樓"}},{"type":"Feature","geometry":{"type":"Point","coordinates":[121.378762,24.942198]},"properties":{"name":"鼎晶牙醫診所","type":"診所","address":"新北市三峽區三樹路205號1樓"}},{"type":"Feature","geometry":{"type":"Point","coordinates":[121.376302,24.94361]},"properties":{"name":"小雲朵兒童牙醫診所","type":"診所","address":"新北市三峽區學成路291號1、2樓"}},{"type":"Feature","geometry":{"type":"Point","coordinates":[121.375898,24.928117]},"properties":{"name":"明美學牙醫診所","type":"診所","address":"新北市三峽區光明路100號1、2樓"}},{"type":"Feature","geometry":{"type":"Point","coordinates":[121.375627,24.941997]},"properties":{"name":"吉盛牙醫診所","type":"診所","address":"新北市三峽區大學路109號1、2樓"}},{"type":"Feature","geometry":{"type":"Point","coordinates":[121.373298,24.931659]},"properties":{"name":"璞實牙醫診所","type":"診所","address":"新北市三峽區中華路23號1樓、2樓"}},{"type":"Feature","geometry":{"type":"Point","coordinates":[121.374147,24.94788]},"properties":{"name":"美利亞牙醫診所","type":"診所","address":"新北市三峽區大德路489號1樓"}},{"type":"Feature","geometry":{"type":"Point","coordinates":[121.376239,24.94357]},"properties":{"name":"植美美學牙醫診所","type":"診所","address":"新北市三峽區學成路289號1、2樓"}},{"type":"Feature","geometry":{"type":"Point","coordinates":[121.373298,24.945861]},"properties":{"name":"昕月牙醫診所","type":"診所","address":"新北市三峽區大學路156之1號1、2樓"}},{"type":"Feature","geometry":{"type":"Point","coordinates":[121.372969,24.936194]},"properties":{"name":"賴萬華牙醫診所","type":"診所","address":"新北市三峽區文化路42號1樓"}},{"type":"Feature","geometry":{"type":"Point","coordinates":[121.442013,25.169641]},"properties":{"name":"劉牙醫診所","type":"診所","address":"新北市淡水區中正路104號1樓"}},{"type":"Feature","geometry":{"type":"Point","coordinates":[121.440299,25.172089]},"properties":{"name":"陳牙醫診所","type":"診所","address":"新北市淡水區清水街248號"}},{"type":"Feature","geometry":{"type":"Point","coordinates":[121.444312,25.176292]},"properties":{"name":"昇宏牙醫診所","type":"診所","address":"新北市淡水區大忠街37號1樓"}},{"type":"Feature","geometry":{"type":"Point","coordinates":[121.461314,25.136246]},"properties":{"name":"竹圍牙醫診所","type":"診所","address":"新北市淡水區民族路34號"}},{"type":"Feature","geometry":{"type":"Point","coordinates":[121.460265,25.136717]},"properties":{"name":"康華牙醫診所","type":"診所","address":"新北市淡水區民權路127號2樓"}},{"type":"Feature","geometry":{"type":"Point","coordinates":[121.43835,25.172616]},"properties":{"name":"淡江牙醫診所","type":"診所","address":"新北市淡水區文化路59巷6號1樓"}},{"type":"Feature","geometry":{"type":"Point","coordinates":[121.527766,25.097966]},"properties":{"name":"衡德牙醫診所","type":"診所","address":"新北市淡水區中山北路1段97號"}},{"type":"Feature","geometry":{"type":"Point","coordinates":[121.447855,25.169127]},"properties":{"name":"百成牙醫診所","type":"診所","address":"新北市淡水區學府路43號1樓及地下1樓"}},{"type":"Feature","geometry":{"type":"Point","coordinates":[121.453103,25.169881]},"properties":{"name":"鄧公牙醫診所","type":"診所","address":"新北市淡水區鄧公路30巷11號"}},{"type":"Feature","geometry":{"type":"Point","coordinates":[121.447784,25.16898]},"properties":{"name":"同陽牙醫診所","type":"診所","address":"新北市淡水區學府路37號"}},{"type":"Feature","geometry":{"type":"Point","coordinates":[121.457412,25.16019]},"properties":{"name":"淡水新埔牙醫診所","type":"診所","address":"新北市淡水區淡金路3段294號"}},{"type":"Feature","geometry":{"type":"Point","coordinates":[121.442249,25.170737]},"properties":{"name":"大盛牙醫診所","type":"診所","address":"新北市淡水區中山路106－1號"}},{"type":"Feature","geometry":{"type":"Point","coordinates":[121.445791,25.178248]},"properties":{"name":"宏瑋牙醫診所","type":"診所","address":"新北市淡水區北新路55號"}},{"type":"Feature","geometry":{"type":"Point","coordinates":[121.441986,25.170904]},"properties":{"name":"華民牙醫診所","type":"診所","address":"新北市淡水區中山路120號"}},{"type":"Feature","geometry":{"type":"Point","coordinates":[121.462945,25.127994]},"properties":{"name":"朝日牙醫診所","type":"診所","address":"新北市淡水區自強路78號1樓"}},{"type":"Feature","geometry":{"type":"Point","coordinates":[121.527766,25.097966]},"properties":{"name":"煥然牙醫診所","type":"診所","address":"新北市淡水區中山北路1段55號"}},{"type":"Feature","geometry":{"type":"Point","coordinates":[121.445421,25.170455]},"properties":{"name":"晶晶牙科診所","type":"診所","address":"新北市淡水區清水街6號1、2樓"}},{"type":"Feature","geometry":{"type":"Point","coordinates":[121.460706,25.136822]},"properties":{"name":"瑞竹醫典牙醫診所","type":"診所","address":"新北市淡水區民族路27號2樓"}},{"type":"Feature","geometry":{"type":"Point","coordinates":[121.460359,25.13717]},"properties":{"name":"宏儒牙醫診所","type":"診所","address":"新北市淡水區民族路5號2樓"}},{"type":"Feature","geometry":{"type":"Point","coordinates":[121.449028,25.178827]},"properties":{"name":"新偕牙醫診所","type":"診所","address":"新北市淡水區北新路123號1樓"}},{"type":"Feature","geometry":{"type":"Point","coordinates":[121.443961,25.180783]},"properties":{"name":"蒞恩牙醫診所","type":"診所","address":"新北市淡水區新春街198號"}},{"type":"Feature","geometry":{"type":"Point","coordinates":[121.445585,25.171404]},"properties":{"name":"淡水聯合牙醫診所","type":"診所","address":"新北市淡水區英專路73號1樓"}},{"type":"Feature","geometry":{"type":"Point","coordinates":[121.445062,25.168781]},"properties":{"name":"美白牙醫診所","type":"診所","address":"新北市淡水區中正東路2段37號2樓"}},{"type":"Feature","geometry":{"type":"Point","coordinates":[121.441931,25.17066]},"properties":{"name":"蒞美牙醫診所","type":"診所","address":"新北市淡水區中山路101號1、2樓"}},{"type":"Feature","geometry":{"type":"Point","coordinates":[121.444171,25.170322]},"properties":{"name":"新光牙醫診所","type":"診所","address":"新北市淡水區清水街34巷1號3號1樓2樓"}},{"type":"Feature","geometry":{"type":"Point","coordinates":[121.460009,25.13483]},"properties":{"name":"佛仁牙醫診所","type":"診所","address":"新北市淡水區民權路179－2號2樓"}},{"type":"Feature","geometry":{"type":"Point","coordinates":[121.437635,25.172157]},"properties":{"name":"文化牙醫診所","type":"診所","address":"新北市淡水區中正路294－1號1樓"}},{"type":"Feature","geometry":{"type":"Point","coordinates":[121.460342,25.137199]},"properties":{"name":"皓恩牙醫診所","type":"診所","address":"新北市淡水區民族路3號2樓"}},{"type":"Feature","geometry":{"type":"Point","coordinates":[121.448276,25.178482]},"properties":{"name":"矯政牙醫診所","type":"診所","address":"新北市淡水區北新路111號1、2樓"}},{"type":"Feature","geometry":{"type":"Point","coordinates":[121.528027,25.097817]},"properties":{"name":"皇嘉牙醫診所","type":"診所","address":"新北市淡水區中山北路3段59之2號1樓"}},{"type":"Feature","geometry":{"type":"Point","coordinates":[121.442679,25.170617]},"properties":{"name":"恩霖牙醫診所","type":"診所","address":"新北市淡水區中山路92號1、2樓"}},{"type":"Feature","geometry":{"type":"Point","coordinates":[121.444278,25.177624]},"properties":{"name":"悠植牙醫診所","type":"診所","address":"新北市淡水區北新路2號1、2樓"}},{"type":"Feature","geometry":{"type":"Point","coordinates":[121.44703,25.167874]},"properties":{"name":"李元瑞牙醫診所","type":"診所","address":"新北市淡水區中正東路59號"}},{"type":"Feature","geometry":{"type":"Point","coordinates":[121.461347,25.137782]},"properties":{"name":"皇誠牙醫診所","type":"診所","address":"新北市淡水區民生路30號1樓、2樓"}},{"type":"Feature","geometry":{"type":"Point","coordinates":[121.423694,25.182971]},"properties":{"name":"皇閣牙醫診所","type":"診所","address":"新北市淡水區沙崙路158號1樓及2樓"}},{"type":"Feature","geometry":{"type":"Point","coordinates":[121.528371,25.087222]},"properties":{"name":"荷星牙醫診所","type":"診所","address":"新北市淡水區中山北路2段205號1樓、1樓夾層、2樓"}},{"type":"Feature","geometry":{"type":"Point","coordinates":[121.444964,25.183145]},"properties":{"name":"璞安牙醫診所","type":"診所","address":"新北市淡水區新市一路3段38號1樓"}},{"type":"Feature","geometry":{"type":"Point","coordinates":[121.460965,25.136563]},"properties":{"name":"皇瑞牙醫診所","type":"診所","address":"新北市淡水區民族路20號"}},{"type":"Feature","geometry":{"type":"Point","coordinates":[121.528371,25.087222]},"properties":{"name":"植仕美數位美學牙醫診所","type":"診所","address":"新北市淡水區中山北路2段14號1樓及夾層"}},{"type":"Feature","geometry":{"type":"Point","coordinates":[121.444186,25.169602]},"properties":{"name":"民生牙醫診所","type":"診所","address":"新北市淡水區中山路3號"}},{"type":"Feature","geometry":{"type":"Point","coordinates":[121.660229,25.069337]},"properties":{"name":"永琦牙醫診所","type":"診所","address":"新北市汐止區中正路125號2樓"}},{"type":"Feature","geometry":{"type":"Point","coordinates":[121.621075,25.054734]},"properties":{"name":"江北牙醫診所","type":"診所","address":"新北市汐止區大同路2段434號2樓"}},{"type":"Feature","geometry":{"type":"Point","coordinates":[121.659452,25.069244]},"properties":{"name":"復全牙醫診所","type":"診所","address":"新北市汐止區中正路164號"}},{"type":"Feature","geometry":{"type":"Point","coordinates":[121.665632,25.070146]},"properties":{"name":"德惠牙醫診所","type":"診所","address":"新北市汐止區忠孝東路384號"}},{"type":"Feature","geometry":{"type":"Point","coordinates":[121.641814,25.066287]},"properties":{"name":"宏國牙醫診所","type":"診所","address":"新北市汐止區樟樹一路141巷11號1樓"}},{"type":"Feature","geometry":{"type":"Point","coordinates":[121.66326,25.070226]},"properties":{"name":"和昌牙醫診所","type":"診所","address":"新北市汐止區大同路二段575號1樓"}},{"type":"Feature","geometry":{"type":"Point","coordinates":[121.632368,25.064573]},"properties":{"name":"佑昌牙醫診所","type":"診所","address":"新北市汐止區中興路95號"}},{"type":"Feature","geometry":{"type":"Point","coordinates":[121.641776,25.064375]},"properties":{"name":"翔齡牙醫診所","type":"診所","address":"新北市汐止區樟樹一路119巷4號"}},{"type":"Feature","geometry":{"type":"Point","coordinates":[121.621075,25.054734]},"properties":{"name":"嘉仁牙醫診所","type":"診所","address":"新北市汐止區大同路2段519號"}},{"type":"Feature","geometry":{"type":"Point","coordinates":[121.63606,25.065794]},"properties":{"name":"東波牙醫診所","type":"診所","address":"新北市汐止區福德一路177巷6號"}},{"type":"Feature","geometry":{"type":"Point","coordinates":[121.664614,25.068948]},"properties":{"name":"柏元牙醫診所","type":"診所","address":"新北市汐止區忠孝東路314－1號"}},{"type":"Feature","geometry":{"type":"Point","coordinates":[121.641797,25.062424]},"properties":{"name":"經典聯合牙醫診所","type":"診所","address":"新北市汐止區樟樹一路20號1樓"}},{"type":"Feature","geometry":{"type":"Point","coordinates":[121.632137,25.069598]},"properties":{"name":"詠翔牙醫診所","type":"診所","address":"新北市汐止區湖前街35號1樓"}},{"type":"Feature","geometry":{"type":"Point","coordinates":[121.621075,25.054734]},"properties":{"name":"向陽牙醫診所","type":"診所","address":"新北市汐止區大同路2段298號"}},{"type":"Feature","geometry":{"type":"Point","coordinates":[121.660132,25.064865]},"properties":{"name":"成合牙醫診所","type":"診所","address":"新北市汐止區新台五路2段6號"}},{"type":"Feature","geometry":{"type":"Point","coordinates":[121.6316,25.065435]},"properties":{"name":"康普森牙醫診所","type":"診所","address":"新北市汐止區中興路135號1－2樓"}},{"type":"Feature","geometry":{"type":"Point","coordinates":[121.654375,25.063354]},"properties":{"name":"陽明牙醫診所","type":"診所","address":"新北市汐止區連興街50號"}},{"type":"Feature","geometry":{"type":"Point","coordinates":[121.661846,25.065964]},"properties":{"name":"牙典牙醫診所","type":"診所","address":"新北市汐止區新台五路1段96號"}},{"type":"Feature","geometry":{"type":"Point","coordinates":[121.659272,25.064001]},"properties":{"name":"倍得牙醫診所","type":"診所","address":"新北市汐止區仁愛路17號1樓"}},{"type":"Feature","geometry":{"type":"Point","coordinates":[121.629891,25.070715]},"properties":{"name":"雙雙牙醫診所","type":"診所","address":"新北市汐止區明峰街137號1樓"}},{"type":"Feature","geometry":{"type":"Point","coordinates":[121.637633,25.067817]},"properties":{"name":"唯真牙醫診所","type":"診所","address":"新北市汐止區福德一路113－1號1樓（含夾層）"}},{"type":"Feature","geometry":{"type":"Point","coordinates":[121.663465,25.06452]},"properties":{"name":"艾美集牙醫診所","type":"診所","address":"新北市汐止區仁愛路145號1樓"}},{"type":"Feature","geometry":{"type":"Point","coordinates":[121.661846,25.065964]},"properties":{"name":"秀峰牙醫診所","type":"診所","address":"新北市汐止區新台五路1段172號1、2樓"}},{"type":"Feature","geometry":{"type":"Point","coordinates":[121.656249,25.067098]},"properties":{"name":"七采牙醫診所","type":"診所","address":"新北市汐止區大同路二段380、382號1樓"}},{"type":"Feature","geometry":{"type":"Point","coordinates":[121.653007,25.062211]},"properties":{"name":"微風牙醫診所","type":"診所","address":"新北市汐止區新台五路一段141號2樓"}},{"type":"Feature","geometry":{"type":"Point","coordinates":[121.630012,25.068006]},"properties":{"name":"安興牙醫診所","type":"診所","address":"新北市汐止區康寧街411號1樓"}},{"type":"Feature","geometry":{"type":"Point","coordinates":[121.618514,25.06669]},"properties":{"name":"品美牙醫診所","type":"診所","address":"新北市汐止區康寧街46號1樓及吉林街3號1樓"}},{"type":"Feature","geometry":{"type":"Point","coordinates":[121.621075,25.054734]},"properties":{"name":"采風牙醫診所","type":"診所","address":"新北市汐止區大同路2段239號1樓"}},{"type":"Feature","geometry":{"type":"Point","coordinates":[121.629246,25.06786]},"properties":{"name":"尚風牙醫診所","type":"診所","address":"新北市汐止區康寧街389號1樓"}},{"type":"Feature","geometry":{"type":"Point","coordinates":[121.662566,25.063483]},"properties":{"name":"悠悅牙醫診所","type":"診所","address":"新北市汐止區仁愛路110號1樓"}},{"type":"Feature","geometry":{"type":"Point","coordinates":[121.621075,25.054734]},"properties":{"name":"汐緻牙醫診所","type":"診所","address":"新北市汐止區大同路2段689號1樓及建成路18號2樓之3"}},{"type":"Feature","geometry":{"type":"Point","coordinates":[121.621075,25.054734]},"properties":{"name":"汐心牙醫診所","type":"診所","address":"新北市汐止區大同路2段689號1樓及建成路18號2樓之3"}},{"type":"Feature","geometry":{"type":"Point","coordinates":[121.621075,25.054734]},"properties":{"name":"汐潔牙醫診所","type":"診所","address":"新北市汐止區大同路2段312巷11弄2號1樓"}},{"type":"Feature","geometry":{"type":"Point","coordinates":[121.661846,25.065964]},"properties":{"name":"汐科牙醫診所","type":"診所","address":"新北市汐止區新台五路1段81號2樓之1（Ｂ室及Ｃ室）"}},{"type":"Feature","geometry":{"type":"Point","coordinates":[121.63283,25.064215]},"properties":{"name":"汐美學牙醫診所","type":"診所","address":"新北市汐止區中興路115號1樓"}},{"type":"Feature","geometry":{"type":"Point","coordinates":[121.632756,25.064489]},"properties":{"name":"汐止蒔美牙醫診所","type":"診所","address":"新北市汐止區中興路144號1樓、2樓"}},{"type":"Feature","geometry":{"type":"Point","coordinates":[121.663736,25.068508]},"properties":{"name":"登美牙醫診所","type":"診所","address":"新北市汐止區忠孝東路277號1、2樓"}},{"type":"Feature","geometry":{"type":"Point","coordinates":[121.630543,25.067989]},"properties":{"name":"御洺牙醫診所","type":"診所","address":"新北市汐止區康寧街420號1樓、2樓"}},{"type":"Feature","geometry":{"type":"Point","coordinates":[121.665423,25.070209]},"properties":{"name":"雲品牙醫診所","type":"診所","address":"新北市汐止區忠孝東路341號1樓"}},{"type":"Feature","geometry":{"type":"Point","coordinates":[121.642201,25.065965]},"properties":{"name":"幸福牙醫診所","type":"診所","address":"新北市汐止區樟樹一路139巷1號1樓"}},{"type":"Feature","geometry":{"type":"Point","coordinates":[121.661846,25.065964]},"properties":{"name":"雲天牙醫診所","type":"診所","address":"新北市汐止區新台五路1段276號1樓、272號2樓"}},{"type":"Feature","geometry":{"type":"Point","coordinates":[121.621075,25.054734]},"properties":{"name":"多麗美學牙醫診所","type":"診所","address":"新北市汐止區大同路2段231號1樓"}},{"type":"Feature","geometry":{"type":"Point","coordinates":[121.631454,25.068947]},"properties":{"name":"悅康牙醫診所","type":"診所","address":"新北市汐止區康寧街459巷8號1樓、2樓"}},{"type":"Feature","geometry":{"type":"Point","coordinates":[121.808897,25.107416]},"properties":{"name":"中美牙醫診所","type":"診所","address":"新北市瑞芳區明燈路3段34號"}},{"type":"Feature","geometry":{"type":"Point","coordinates":[121.806336,25.108299]},"properties":{"name":"瑞芳李牙醫診所","type":"診所","address":"新北市瑞芳區民生街5－1號1、2樓"}},{"type":"Feature","geometry":{"type":"Point","coordinates":[121.805689,25.107681]},"properties":{"name":"泰順牙醫診所","type":"診所","address":"新北市瑞芳區中正路76號"}},{"type":"Feature","geometry":{"type":"Point","coordinates":[121.812101,25.106836]},"properties":{"name":"芳德牙醫診所","type":"診所","address":"新北市瑞芳區三爪子坑路89號之17－1樓"}},{"type":"Feature","geometry":{"type":"Point","coordinates":[121.804855,25.107464]},"properties":{"name":"潔新牙醫診所","type":"診所","address":"新北市瑞芳區中山路25號1、2樓"}},{"type":"Feature","geometry":{"type":"Point","coordinates":[121.443113,24.980863]},"properties":{"name":"杏林牙醫診所","type":"診所","address":"新北市土城區中央路1段298號1樓"}},{"type":"Feature","geometry":{"type":"Point","coordinates":[121.454759,24.994092]},"properties":{"name":"怡安牙醫診所","type":"診所","address":"新北市土城區廣明街81號"}},{"type":"Feature","geometry":{"type":"Point","coordinates":[121.447253,24.985654]},"properties":{"name":"土城許牙醫診所","type":"診所","address":"新北市土城區裕生路82巷1號"}},{"type":"Feature","geometry":{"type":"Point","coordinates":[121.453795,24.98475]},"properties":{"name":"顏式模牙醫診所","type":"診所","address":"新北市土城區裕民路185巷5號"}},{"type":"Feature","geometry":{"type":"Point","coordinates":[121.455491,24.991534]},"properties":{"name":"仁安牙醫診所","type":"診所","address":"新北市土城區廣興街29號"}},{"type":"Feature","geometry":{"type":"Point","coordinates":[121.464836,24.985918]},"properties":{"name":"振興牙醫診所","type":"診所","address":"新北市土城區明德路1段41號1樓"}},{"type":"Feature","geometry":{"type":"Point","coordinates":[121.442581,24.974505]},"properties":{"name":"楊偉澤牙醫診所","type":"診所","address":"新北市土城區和平路4－1號1樓"}},{"type":"Feature","geometry":{"type":"Point","coordinates":[121.442912,24.980906]},"properties":{"name":"加州牙醫診所","type":"診所","address":"新北市土城區中央路2段198號"}},{"type":"Feature","geometry":{"type":"Point","coordinates":[121.442912,24.980906]},"properties":{"name":"宏恩牙醫診所","type":"診所","address":"新北市土城區中央路2段223－8號"}},{"type":"Feature","geometry":{"type":"Point","coordinates":[121.449518,24.982162]},"properties":{"name":"錫安牙醫診所","type":"診所","address":"新北市土城區學府路1段53號1樓"}},{"type":"Feature","geometry":{"type":"Point","coordinates":[121.449518,24.982162]},"properties":{"name":"嘉銳牙醫診所","type":"診所","address":"新北市土城區學府路1段168號"}},{"type":"Feature","geometry":{"type":"Point","coordinates":[121.467922,24.992128]},"properties":{"name":"大宇牙醫診所","type":"診所","address":"新北市土城區延平街43號"}},{"type":"Feature","geometry":{"type":"Point","coordinates":[121.455075,24.982598]},"properties":{"name":"良一牙醫診所","type":"診所","address":"新北市土城區裕民路261－1號1樓"}},{"type":"Feature","geometry":{"type":"Point","coordinates":[121.449518,24.982162]},"properties":{"name":"盛泓牙醫診所","type":"診所","address":"新北市土城區學府路1段33號"}},{"type":"Feature","geometry":{"type":"Point","coordinates":[121.443113,24.980863]},"properties":{"name":"明治牙醫診所","type":"診所","address":"新北市土城區中央路1段161號"}},{"type":"Feature","geometry":{"type":"Point","coordinates":[121.441404,24.973266]},"properties":{"name":"土城芳鄰牙醫診所","type":"診所","address":"新北市土城區慶安街35號"}},{"type":"Feature","geometry":{"type":"Point","coordinates":[121.443011,24.980879]},"properties":{"name":"新亞牙醫診所","type":"診所","address":"新北市土城區中央路4段139－2號"}},{"type":"Feature","geometry":{"type":"Point","coordinates":[121.468158,24.985208]},"properties":{"name":"莒光牙醫診所","type":"診所","address":"新北市土城區延吉街288、290號"}},{"type":"Feature","geometry":{"type":"Point","coordinates":[121.455169,24.982503]},"properties":{"name":"施潔慧牙醫診所","type":"診所","address":"新北市土城區裕民路263號1樓"}},{"type":"Feature","geometry":{"type":"Point","coordinates":[121.449518,24.982162]},"properties":{"name":"學林牙醫診所","type":"診所","address":"新北市土城區學府路1段56號1樓、2樓"}},{"type":"Feature","geometry":{"type":"Point","coordinates":[121.442912,24.980906]},"properties":{"name":"瑞康牙醫診所","type":"診所","address":"新北市土城區中央路2段41號1樓"}},{"type":"Feature","geometry":{"type":"Point","coordinates":[121.442912,24.980906]},"properties":{"name":"仁和牙醫診所","type":"診所","address":"新北市土城區中央路2段223之1號1、2樓"}},{"type":"Feature","geometry":{"type":"Point","coordinates":[121.464656,24.985812]},"properties":{"name":"嘉德沈牙醫診所","type":"診所","address":"新北市土城區明德路2段211號"}},{"type":"Feature","geometry":{"type":"Point","coordinates":[121.443605,24.97216]},"properties":{"name":"傑聖牙醫診所","type":"診所","address":"新北市土城區裕民路236號1樓"}},{"type":"Feature","geometry":{"type":"Point","coordinates":[121.453464,24.984688]},"properties":{"name":"成安牙醫診所","type":"診所","address":"新北市土城區裕民路181號1樓"}},{"type":"Feature","geometry":{"type":"Point","coordinates":[121.442912,24.980906]},"properties":{"name":"聯揚牙醫診所","type":"診所","address":"新北市土城區中央路2段176號1、2樓"}},{"type":"Feature","geometry":{"type":"Point","coordinates":[121.465076,24.984096]},"properties":{"name":"德祥牙醫診所","type":"診所","address":"新北市土城區延吉街337號1樓"}},{"type":"Feature","geometry":{"type":"Point","coordinates":[121.459531,24.981622]},"properties":{"name":"誼家牙醫診所","type":"診所","address":"新北市土城區清水路181號"}},{"type":"Feature","geometry":{"type":"Point","coordinates":[121.469596,24.985902]},"properties":{"name":"康群牙醫診所","type":"診所","address":"新北市土城區延吉街124號"}},{"type":"Feature","geometry":{"type":"Point","coordinates":[121.449518,24.982162]},"properties":{"name":"宏維牙醫診所","type":"診所","address":"新北市土城區學府路1段153號"}},{"type":"Feature","geometry":{"type":"Point","coordinates":[121.443113,24.980863]},"properties":{"name":"土城新雅牙醫診所","type":"診所","address":"新北市土城區中央路1段150、152號1樓"}},{"type":"Feature","geometry":{"type":"Point","coordinates":[121.448184,24.988218]},"properties":{"name":"宏大牙醫診所","type":"診所","address":"新北市土城區裕民路42號"}},{"type":"Feature","geometry":{"type":"Point","coordinates":[121.470471,24.986177]},"properties":{"name":"嘉恩牙醫診所","type":"診所","address":"新北市土城區延吉街143號1樓"}},{"type":"Feature","geometry":{"type":"Point","coordinates":[121.63378,25.071359]},"properties":{"name":"信誠牙醫診所","type":"診所","address":"新北市土城區明峰街40號1樓"}},{"type":"Feature","geometry":{"type":"Point","coordinates":[121.443113,24.980863]},"properties":{"name":"天華牙醫診所","type":"診所","address":"新北市土城區中央路1段264－2號1樓"}},{"type":"Feature","geometry":{"type":"Point","coordinates":[121.449518,24.982162]},"properties":{"name":"佳楷牙醫診所","type":"診所","address":"新北市土城區學府路1段113號1－2樓"}},{"type":"Feature","geometry":{"type":"Point","coordinates":[121.468306,24.985397]},"properties":{"name":"東方牙醫診所","type":"診所","address":"新北市土城區延吉街168巷1號"}},{"type":"Feature","geometry":{"type":"Point","coordinates":[121.45074,24.986689]},"properties":{"name":"富康牙醫診所","type":"診所","address":"新北市土城區裕民路108號1、2樓"}},{"type":"Feature","geometry":{"type":"Point","coordinates":[121.436302,24.965893]},"properties":{"name":"沅鴻牙醫診所","type":"診所","address":"新北市土城區承天路13號1、2樓"}},{"type":"Feature","geometry":{"type":"Point","coordinates":[121.443113,24.980863]},"properties":{"name":"永光牙醫診所","type":"診所","address":"新北市土城區中央路1段283號1樓"}},{"type":"Feature","geometry":{"type":"Point","coordinates":[121.442093,24.974798]},"properties":{"name":"萬芳牙醫診所","type":"診所","address":"新北市土城區光明街3號1樓"}},{"type":"Feature","geometry":{"type":"Point","coordinates":[121.459163,24.980253]},"properties":{"name":"岳揚牙醫診所","type":"診所","address":"新北市土城區青雲路277號1樓"}},{"type":"Feature","geometry":{"type":"Point","coordinates":[121.467559,24.985034]},"properties":{"name":"明曜牙醫診所","type":"診所","address":"新北市土城區延吉街206號1、2樓，208號1、2樓"}},{"type":"Feature","geometry":{"type":"Point","coordinates":[121.442912,24.980906]},"properties":{"name":"麗品牙醫診所","type":"診所","address":"新北市土城區中央路2段332號1、2樓"}},{"type":"Feature","geometry":{"type":"Point","coordinates":[121.443011,24.980879]},"properties":{"name":"思安牙醫診所","type":"診所","address":"新北市土城區中央路4段75號1樓"}},{"type":"Feature","geometry":{"type":"Point","coordinates":[121.450394,24.986902]},"properties":{"name":"悅揚牙醫診所","type":"診所","address":"新北市土城區裕民路 96號1、2樓"}},{"type":"Feature","geometry":{"type":"Point","coordinates":[121.442129,24.97632]},"properties":{"name":"富城牙醫診所","type":"診所","address":"新北市土城區中央路二段161號1樓"}},{"type":"Feature","geometry":{"type":"Point","coordinates":[121.467559,24.985034]},"properties":{"name":"星曜牙醫診所","type":"診所","address":"新北市土城區延吉街206號1、2樓，208號1、2樓"}},{"type":"Feature","geometry":{"type":"Point","coordinates":[121.442912,24.980906]},"properties":{"name":"星采牙醫診所","type":"診所","address":"新北市土城區中央路2段276－1號1、2樓"}},{"type":"Feature","geometry":{"type":"Point","coordinates":[121.46437,24.986237]},"properties":{"name":"金城牙醫診所","type":"診所","address":"新北市土城區金城路3段191號1、2樓"}},{"type":"Feature","geometry":{"type":"Point","coordinates":[121.419481,24.960047]},"properties":{"name":"佑祥美學牙醫診所","type":"診所","address":"新北市土城區中央路四段64號1樓、2樓、66號1樓、2樓"}},{"type":"Feature","geometry":{"type":"Point","coordinates":[121.443113,24.980863]},"properties":{"name":"冠菲牙醫診所","type":"診所","address":"新北市土城區中央路1段252號1、2樓"}},{"type":"Feature","geometry":{"type":"Point","coordinates":[121.443011,24.980879]},"properties":{"name":"康捷牙醫診所","type":"診所","address":"新北市土城區中央路4段76之5號2樓"}},{"type":"Feature","geometry":{"type":"Point","coordinates":[121.467482,24.990181]},"properties":{"name":"禾心牙醫診所","type":"診所","address":"新北市土城區延和路101號1樓"}},{"type":"Feature","geometry":{"type":"Point","coordinates":[121.451892,24.986058]},"properties":{"name":"東松牙醫診所","type":"診所","address":"新北市土城區裕民路235、237、239號1、2樓"}},{"type":"Feature","geometry":{"type":"Point","coordinates":[121.458962,24.981036]},"properties":{"name":"亞欣牙醫診所","type":"診所","address":"新北市土城區青雲路226號1、2樓"}},{"type":"Feature","geometry":{"type":"Point","coordinates":[121.449518,24.982162]},"properties":{"name":"精湛牙醫診所","type":"診所","address":"新北市土城區學府路1段179號1樓、2樓"}},{"type":"Feature","geometry":{"type":"Point","coordinates":[121.449518,24.982162]},"properties":{"name":"精誠牙醫診所","type":"診所","address":"新北市土城區學府路1段179號1樓、2樓"}},{"type":"Feature","geometry":{"type":"Point","coordinates":[121.45261,24.98532]},"properties":{"name":"精心牙醫診所","type":"診所","address":"新北市土城區裕民路174號1、2、3、4樓"}},{"type":"Feature","geometry":{"type":"Point","coordinates":[121.442912,24.980906]},"properties":{"name":"日光牙醫診所","type":"診所","address":"新北市土城區中央路2段90號1、2樓"}},{"type":"Feature","geometry":{"type":"Point","coordinates":[121.477296,25.0882]},"properties":{"name":"宏昇牙醫診所","type":"診所","address":"新北市蘆洲區復興路115號"}},{"type":"Feature","geometry":{"type":"Point","coordinates":[121.472152,25.081574]},"properties":{"name":"仁愛牙醫診所","type":"診所","address":"新北市蘆洲區中山二路123號"}},{"type":"Feature","geometry":{"type":"Point","coordinates":[121.462713,25.082392]},"properties":{"name":"晉泰牙醫診所","type":"診所","address":"新北市蘆洲區中華街30號"}},{"type":"Feature","geometry":{"type":"Point","coordinates":[121.465985,25.089025]},"properties":{"name":"嘉齡牙醫診所","type":"診所","address":"新北市蘆洲區中正路21、23號1樓"}},{"type":"Feature","geometry":{"type":"Point","coordinates":[121.457436,25.081514]},"properties":{"name":"長安牙醫診所","type":"診所","address":"新北市蘆洲區長安街112號"}},{"type":"Feature","geometry":{"type":"Point","coordinates":[121.471691,25.091789]},"properties":{"name":"水湳牙醫診所","type":"診所","address":"新北市蘆洲區民族路468號"}},{"type":"Feature","geometry":{"type":"Point","coordinates":[121.470444,25.083376]},"properties":{"name":"蘆洲陳牙醫診所","type":"診所","address":"新北市蘆洲區中正路72號"}},{"type":"Feature","geometry":{"type":"Point","coordinates":[121.476026,25.090692]},"properties":{"name":"永全牙醫診所","type":"診所","address":"新北市蘆洲區民族路269號1樓"}},{"type":"Feature","geometry":{"type":"Point","coordinates":[121.465985,25.089025]},"properties":{"name":"普惠牙醫診所","type":"診所","address":"新北市蘆洲區中正路116號"}},{"type":"Feature","geometry":{"type":"Point","coordinates":[121.473762,25.092054]},"properties":{"name":"永富牙醫診所","type":"診所","address":"新北市蘆洲區民族路426巷8號1樓"}},{"type":"Feature","geometry":{"type":"Point","coordinates":[121.481122,25.087953]},"properties":{"name":"鄭書珉牙醫診所","type":"診所","address":"新北市蘆洲區集賢路224巷54號1樓"}},{"type":"Feature","geometry":{"type":"Point","coordinates":[121.462435,25.08029]},"properties":{"name":"雙宏牙醫診所","type":"診所","address":"新北市蘆洲區長安街76號1樓2樓"}},{"type":"Feature","geometry":{"type":"Point","coordinates":[121.463762,25.081644]},"properties":{"name":"建德牙醫診所","type":"診所","address":"新北市蘆洲區中華街13號"}},{"type":"Feature","geometry":{"type":"Point","coordinates":[121.479013,25.084405]},"properties":{"name":"信義牙醫診所","type":"診所","address":"新北市蘆洲區信義路249號"}},{"type":"Feature","geometry":{"type":"Point","coordinates":[121.458432,25.084449]},"properties":{"name":"康福牙醫診所","type":"診所","address":"新北市蘆洲區長安街218號1－2樓"}},{"type":"Feature","geometry":{"type":"Point","coordinates":[121.474555,25.087734]},"properties":{"name":"傑美牙醫診所","type":"診所","address":"新北市蘆洲區民權路84號"}},{"type":"Feature","geometry":{"type":"Point","coordinates":[121.468145,25.082614]},"properties":{"name":"華心牙醫診所","type":"診所","address":"新北市蘆洲區光華路69號1樓"}},{"type":"Feature","geometry":{"type":"Point","coordinates":[121.458622,25.090852]},"properties":{"name":"昌輝牙醫診所","type":"診所","address":"新北市蘆洲區永平街27號"}},{"type":"Feature","geometry":{"type":"Point","coordinates":[121.472864,25.091602]},"properties":{"name":"英文牙醫診所","type":"診所","address":"新北市蘆洲區民族路343- 1號一樓及夾層"}},{"type":"Feature","geometry":{"type":"Point","coordinates":[121.477504,25.084267]},"properties":{"name":"上晴牙醫診所","type":"診所","address":"新北市蘆洲區民族路5號1樓"}},{"type":"Feature","geometry":{"type":"Point","coordinates":[121.474925,25.086489]},"properties":{"name":"偉齡牙醫診所","type":"診所","address":"新北市蘆洲區復興路72號"}},{"type":"Feature","geometry":{"type":"Point","coordinates":[121.463621,25.079338]},"properties":{"name":"欣葉牙醫診所","type":"診所","address":"新北市蘆洲區長安街33號"}},{"type":"Feature","geometry":{"type":"Point","coordinates":[121.471338,25.082908]},"properties":{"name":"全家聯合牙醫診所","type":"診所","address":"新北市蘆洲區得勝街161號1樓"}},{"type":"Feature","geometry":{"type":"Point","coordinates":[121.468186,25.082867]},"properties":{"name":"元大牙醫診所","type":"診所","address":"新北市蘆洲區光華路68號"}},{"type":"Feature","geometry":{"type":"Point","coordinates":[121.469114,25.084936]},"properties":{"name":"盛德牙醫診所","type":"診所","address":"新北市蘆洲區中正路155號"}},{"type":"Feature","geometry":{"type":"Point","coordinates":[121.459258,25.089308]},"properties":{"name":"京華牙醫診所","type":"診所","address":"新北市蘆洲區長榮路375號"}},{"type":"Feature","geometry":{"type":"Point","coordinates":[121.462253,25.084378]},"properties":{"name":"拾健牙醫診所","type":"診所","address":"新北市蘆洲區光復路9號1樓"}},{"type":"Feature","geometry":{"type":"Point","coordinates":[121.480858,25.083948]},"properties":{"name":"東揚牙醫診所","type":"診所","address":"新北市蘆洲區集賢路352號"}},{"type":"Feature","geometry":{"type":"Point","coordinates":[121.462176,25.083466]},"properties":{"name":"臻品牙醫診所","type":"診所","address":"新北市蘆洲區長榮路65號1樓"}},{"type":"Feature","geometry":{"type":"Point","coordinates":[121.473936,25.088096]},"properties":{"name":"豐華牙醫診所","type":"診所","address":"新北市蘆洲區民權路114號1樓"}},{"type":"Feature","geometry":{"type":"Point","coordinates":[121.461409,25.084248]},"properties":{"name":"博士牙醫診所","type":"診所","address":"新北市蘆洲區長榮路173號1樓"}},{"type":"Feature","geometry":{"type":"Point","coordinates":[121.460487,25.08172]},"properties":{"name":"大德牙醫診所","type":"診所","address":"新北市蘆洲區長安街187號1樓"}},{"type":"Feature","geometry":{"type":"Point","coordinates":[121.462967,25.082718]},"properties":{"name":"本一牙醫診所","type":"診所","address":"新北市蘆洲區長榮路43－1號1樓"}},{"type":"Feature","geometry":{"type":"Point","coordinates":[121.478251,25.086819]},"properties":{"name":"學進牙醫診所","type":"診所","address":"新北市蘆洲區信義路262號1樓"}},{"type":"Feature","geometry":{"type":"Point","coordinates":[121.471366,25.082256]},"properties":{"name":"璀璨美學牙醫診所","type":"診所","address":"新北市蘆洲區中正路24號1樓"}},{"type":"Feature","geometry":{"type":"Point","coordinates":[121.481002,25.084276]},"properties":{"name":"冠植牙醫診所","type":"診所","address":"新北市蘆洲區集賢路342號1樓"}},{"type":"Feature","geometry":{"type":"Point","coordinates":[121.462892,25.090358]},"properties":{"name":"家園牙醫診所","type":"診所","address":"新北市蘆洲區光榮路97巷69號1樓（含夾層）"}},{"type":"Feature","geometry":{"type":"Point","coordinates":[121.460857,25.086585]},"properties":{"name":"鎰安牙醫診所","type":"診所","address":"新北市蘆洲區光明路10號"}},{"type":"Feature","geometry":{"type":"Point","coordinates":[121.478939,25.085451]},"properties":{"name":"華康牙醫診所","type":"診所","address":"新北市蘆洲區信義路228號2樓"}},{"type":"Feature","geometry":{"type":"Point","coordinates":[121.479496,25.080939]},"properties":{"name":"美加牙醫診所","type":"診所","address":"新北市蘆洲區中山一路42號1、2樓"}},{"type":"Feature","geometry":{"type":"Point","coordinates":[121.479418,25.08947]},"properties":{"name":"杏美牙醫診所","type":"診所","address":"新北市蘆洲區復興路112號1樓"}},{"type":"Feature","geometry":{"type":"Point","coordinates":[121.477162,25.084553]},"properties":{"name":"明勝牙醫診所","type":"診所","address":"新北市蘆洲區民族路58號1樓"}},{"type":"Feature","geometry":{"type":"Point","coordinates":[121.458009,25.0882]},"properties":{"name":"樂澄牙醫診所","type":"診所","address":"新北市蘆洲區永樂街33號1樓"}},{"type":"Feature","geometry":{"type":"Point","coordinates":[121.475887,25.087254]},"properties":{"name":"禾新牙醫診所","type":"診所","address":"新北市蘆洲區復興路63號1、2樓"}},{"type":"Feature","geometry":{"type":"Point","coordinates":[121.465311,25.089578]},"properties":{"name":"麗璽牙醫診所","type":"診所","address":"新北市蘆洲區中正路351號一樓及夾層"}},{"type":"Feature","geometry":{"type":"Point","coordinates":[121.473319,25.080529]},"properties":{"name":"京典牙醫診所","type":"診所","address":"新北市蘆洲區中山一路245、245之1、247、247之1號"}},{"type":"Feature","geometry":{"type":"Point","coordinates":[121.463264,25.084996]},"properties":{"name":"御鼎牙醫診所","type":"診所","address":"新北市蘆洲區光復路47號1樓"}},{"type":"Feature","geometry":{"type":"Point","coordinates":[121.457436,25.081514]},"properties":{"name":"品鑽牙醫診所","type":"診所","address":"新北市蘆洲區長安街247號1、2樓"}},{"type":"Feature","geometry":{"type":"Point","coordinates":[121.464954,25.082104]},"properties":{"name":"盈綵牙醫診所","type":"診所","address":"新北市蘆洲區光華路180號1樓"}},{"type":"Feature","geometry":{"type":"Point","coordinates":[121.481296,25.084951]},"properties":{"name":"柏鎂牙醫診所","type":"診所","address":"新北市蘆洲區集賢路318號1樓、1樓夾層"}},{"type":"Feature","geometry":{"type":"Point","coordinates":[121.462049,25.080344]},"properties":{"name":"蘆美學牙醫診所","type":"診所","address":"新北市蘆洲區長安街91號1樓、2樓"}},{"type":"Feature","geometry":{"type":"Point","coordinates":[121.472043,25.081738]},"properties":{"name":"心安牙醫診所","type":"診所","address":"新北市蘆洲區中山二路120號1樓、2樓"}},{"type":"Feature","geometry":{"type":"Point","coordinates":[121.481875,25.083863]},"properties":{"name":"成美牙醫診所","type":"診所","address":"新北市蘆洲區重陽街62號1樓"}},{"type":"Feature","geometry":{"type":"Point","coordinates":[121.464769,25.091804]},"properties":{"name":"家源牙醫診所","type":"診所","address":"新北市蘆洲區三民路380號1、2樓"}},{"type":"Feature","geometry":{"type":"Point","coordinates":[121.463004,25.08123]},"properties":{"name":"柏韋牙醫診所","type":"診所","address":"新北市蘆洲區中華街41－1號1－2樓"}},{"type":"Feature","geometry":{"type":"Point","coordinates":[121.460084,25.09105]},"properties":{"name":"遇見牙醫診所","type":"診所","address":"新北市蘆洲區長榮路690號1樓"}},{"type":"Feature","geometry":{"type":"Point","coordinates":[121.458671,25.091015]},"properties":{"name":"御森牙醫診所","type":"診所","address":"新北市蘆洲區永平街32－1號1樓"}},{"type":"Feature","geometry":{"type":"Point","coordinates":[121.473086,25.088738]},"properties":{"name":"愛惜牙醫診所","type":"診所","address":"新北市蘆洲區民權路87號1樓"}},{"type":"Feature","geometry":{"type":"Point","coordinates":[121.475767,25.081955]},"properties":{"name":"登士美數位牙醫診所","type":"診所","address":"新北市蘆洲區三民路3號1樓及3之1號2樓"}},{"type":"Feature","geometry":{"type":"Point","coordinates":[121.469065,25.088877]},"properties":{"name":"沐心牙醫診所","type":"診所","address":"新北市蘆洲區三民路13、15號1、2、3樓"}},{"type":"Feature","geometry":{"type":"Point","coordinates":[121.431864,25.105201]},"properties":{"name":"明志牙醫診所","type":"診所","address":"新北市五股區凌雲路1段57號"}},{"type":"Feature","geometry":{"type":"Point","coordinates":[121.448942,25.097524]},"properties":{"name":"鄭牙醫診所","type":"診所","address":"新北市五股區西雲路237號"}},{"type":"Feature","geometry":{"type":"Point","coordinates":[121.433301,25.089587]},"properties":{"name":"恩新牙醫診所","type":"診所","address":"新北市五股區五福路43號"}},{"type":"Feature","geometry":{"type":"Point","coordinates":[121.441247,25.08795]},"properties":{"name":"德音牙醫診所","type":"診所","address":"新北市五股區成泰路1段149號"}},{"type":"Feature","geometry":{"type":"Point","coordinates":[121.452984,25.106174]},"properties":{"name":"亰橋牙醫診所","type":"診所","address":"新北市五股區成泰路2段59號"}},{"type":"Feature","geometry":{"type":"Point","coordinates":[121.452984,25.106174]},"properties":{"name":"冠美牙醫診所","type":"診所","address":"新北市五股區成泰路2段208號1樓"}},{"type":"Feature","geometry":{"type":"Point","coordinates":[121.452984,25.106174]},"properties":{"name":"義美牙醫診所","type":"診所","address":"新北市五股區成泰路2段194號"}},{"type":"Feature","geometry":{"type":"Point","coordinates":[121.452728,25.106384]},"properties":{"name":"瑞林牙醫診所","type":"診所","address":"新北市五股區成泰路3段286號1樓"}},{"type":"Feature","geometry":{"type":"Point","coordinates":[121.452984,25.106174]},"properties":{"name":"皇尚牙醫診所","type":"診所","address":"新北市五股區成泰路2段107號1、2樓"}},{"type":"Feature","geometry":{"type":"Point","coordinates":[121.452728,25.106384]},"properties":{"name":"上禾牙醫診所","type":"診所","address":"新北市五股區成泰路3段533號1樓2樓"}},{"type":"Feature","geometry":{"type":"Point","coordinates":[121.441247,25.08795]},"properties":{"name":"晴美牙醫診所","type":"診所","address":"新北市五股區成泰路1段237－15號1樓"}},{"type":"Feature","geometry":{"type":"Point","coordinates":[121.439528,25.08349]},"properties":{"name":"唯一牙醫診所","type":"診所","address":"新北市五股區工商路26號1樓"}},{"type":"Feature","geometry":{"type":"Point","coordinates":[121.452984,25.106174]},"properties":{"name":"好治牙醫診所","type":"診所","address":"新北市五股區成泰路2段180號1樓"}},{"type":"Feature","geometry":{"type":"Point","coordinates":[121.438387,25.053391]},"properties":{"name":"大新泰牙醫診所","type":"診所","address":"新北市泰山區泰林路2段193號"}},{"type":"Feature","geometry":{"type":"Point","coordinates":[121.424912,25.04339]},"properties":{"name":"明泰牙醫診所","type":"診所","address":"新北市泰山區明志路3段177號"}},{"type":"Feature","geometry":{"type":"Point","coordinates":[121.424919,25.043431]},"properties":{"name":"泰上牙醫診所","type":"診所","address":"新北市泰山區明志路1段202號"}},{"type":"Feature","geometry":{"type":"Point","coordinates":[121.438387,25.053391]},"properties":{"name":"安仁牙醫診所","type":"診所","address":"新北市泰山區泰林路2段294號"}},{"type":"Feature","geometry":{"type":"Point","coordinates":[121.433546,25.066103]},"properties":{"name":"新象牙醫診所","type":"診所","address":"新北市泰山區明志路2段344號2樓"}},{"type":"Feature","geometry":{"type":"Point","coordinates":[121.424919,25.043431]},"properties":{"name":"泰山牙醫診所","type":"診所","address":"新北市泰山區明志路1段292號1樓"}},{"type":"Feature","geometry":{"type":"Point","coordinates":[121.433546,25.066103]},"properties":{"name":"李天堯牙醫診所","type":"診所","address":"新北市泰山區明志路2段75號"}},{"type":"Feature","geometry":{"type":"Point","coordinates":[121.438387,25.053391]},"properties":{"name":"信美牙醫診所","type":"診所","address":"新北市泰山區泰林路2段112號"}},{"type":"Feature","geometry":{"type":"Point","coordinates":[121.424919,25.043431]},"properties":{"name":"喜美牙醫診所","type":"診所","address":"新北市泰山區明志路1段7號"}},{"type":"Feature","geometry":{"type":"Point","coordinates":[121.424919,25.043431]},"properties":{"name":"唐氏牙醫診所","type":"診所","address":"新北市泰山區明志路1段129號1樓"}},{"type":"Feature","geometry":{"type":"Point","coordinates":[121.431921,25.054696]},"properties":{"name":"泰美牙醫診所","type":"診所","address":"新北市泰山區仁愛路58號1樓"}},{"type":"Feature","geometry":{"type":"Point","coordinates":[121.424919,25.043431]},"properties":{"name":"城康牙醫診所","type":"診所","address":"新北市泰山區明志路1段201號1樓"}},{"type":"Feature","geometry":{"type":"Point","coordinates":[121.424919,25.043431]},"properties":{"name":"京硯牙醫診所","type":"診所","address":"新北市泰山區明志路1段385號1、2樓"}},{"type":"Feature","geometry":{"type":"Point","coordinates":[121.424912,25.04339]},"properties":{"name":"舒禾牙醫診所","type":"診所","address":"新北市泰山區明志路3段191號1樓"}},{"type":"Feature","geometry":{"type":"Point","coordinates":[121.424912,25.04339]},"properties":{"name":"亞昕牙醫診所","type":"診所","address":"新北市泰山區明志路3段83號1樓（含夾層）"}},{"type":"Feature","geometry":{"type":"Point","coordinates":[121.433546,25.066103]},"properties":{"name":"禾杏牙醫診所","type":"診所","address":"新北市泰山區明志路2段121號2樓"}},{"type":"Feature","geometry":{"type":"Point","coordinates":[121.432998,25.056093]},"properties":{"name":"泰然牙醫診所","type":"診所","address":"新北市泰山區仁德路97巷6號1、2樓"}},{"type":"Feature","geometry":{"type":"Point","coordinates":[121.432464,25.055136]},"properties":{"name":"城康美學牙醫診所","type":"診所","address":"新北市泰山區仁愛路59、61號1樓（含夾層）"}},{"type":"Feature","geometry":{"type":"Point","coordinates":[121.433149,25.05653]},"properties":{"name":"新五泰牙醫診所","type":"診所","address":"新北市泰山區仁德路88號1樓"}},{"type":"Feature","geometry":{"type":"Point","coordinates":[121.389272,25.079095]},"properties":{"name":"超群牙醫診所","type":"診所","address":"新北市林口區中山路188號2樓－1"}},{"type":"Feature","geometry":{"type":"Point","coordinates":[121.389406,25.07762]},"properties":{"name":"吉隆牙醫診所","type":"診所","address":"新北市林口區中正路295號"}},{"type":"Feature","geometry":{"type":"Point","coordinates":[121.388723,25.078813]},"properties":{"name":"林口周牙醫診所","type":"診所","address":"新北市林口區中山路129號1樓"}},{"type":"Feature","geometry":{"type":"Point","coordinates":[121.3931,25.077199]},"properties":{"name":"坤冉牙醫診所","type":"診所","address":"新北市林口區中正路143號"}},{"type":"Feature","geometry":{"type":"Point","coordinates":[121.368614,25.065874]},"properties":{"name":"麗園牙醫診所","type":"診所","address":"新北市林口區麗園1街6巷2號1樓－1"}},{"type":"Feature","geometry":{"type":"Point","coordinates":[121.376434,25.079055]},"properties":{"name":"麗林牙醫診所","type":"診所","address":"新北市林口區文化二路1段120巷3號1樓"}},{"type":"Feature","geometry":{"type":"Point","coordinates":[121.388697,25.080051]},"properties":{"name":"林安牙醫診所","type":"診所","address":"新北市林口區竹林路161號"}},{"type":"Feature","geometry":{"type":"Point","coordinates":[121.376434,25.079055]},"properties":{"name":"惠群牙醫診所","type":"診所","address":"新北市林口區文化二路1段20巷9號"}},{"type":"Feature","geometry":{"type":"Point","coordinates":[121.376044,25.071677]},"properties":{"name":"天翔牙醫診所","type":"診所","address":"新北市林口區麗園一街9巷2號1樓－4、文化二路1段579號1"}},{"type":"Feature","geometry":{"type":"Point","coordinates":[121.388726,25.079622]},"properties":{"name":"禾林牙醫診所","type":"診所","address":"新北市林口區菁湖里竹林路166號1樓"}},{"type":"Feature","geometry":{"type":"Point","coordinates":[121.397844,25.067902]},"properties":{"name":"心悅牙醫診所","type":"診所","address":"新北市林口區仁愛路2段520號"}},{"type":"Feature","geometry":{"type":"Point","coordinates":[121.397844,25.067902]},"properties":{"name":"四季牙醫診所","type":"診所","address":"新北市林口區仁愛路2段8號1樓"}},{"type":"Feature","geometry":{"type":"Point","coordinates":[121.363189,25.073023]},"properties":{"name":"澄明牙醫診所","type":"診所","address":"新北市林口區忠孝一路41號1樓"}},{"type":"Feature","geometry":{"type":"Point","coordinates":[121.389092,25.079104]},"properties":{"name":"翰品牙醫診所","type":"診所","address":"新北市林口區中山路190號1、2、3樓"}},{"type":"Feature","geometry":{"type":"Point","coordinates":[121.397844,25.067902]},"properties":{"name":"汎德牙醫診所","type":"診所","address":"新北市林口區仁愛路2段24號1、2樓26號1、2、3樓"}},{"type":"Feature","geometry":{"type":"Point","coordinates":[121.364343,25.073203]},"properties":{"name":"亞德牙醫診所","type":"診所","address":"新北市林口區忠孝一路20號1樓及夾層"}},{"type":"Feature","geometry":{"type":"Point","coordinates":[121.373242,25.071442]},"properties":{"name":"馨禾牙醫診所","type":"診所","address":"新北市林口區文化一路一段123號1、2、3樓"}},{"type":"Feature","geometry":{"type":"Point","coordinates":[121.385469,25.079338]},"properties":{"name":"康澤牙醫診所","type":"診所","address":"新北市林口區中山路255號1、2樓"}},{"type":"Feature","geometry":{"type":"Point","coordinates":[121.373155,25.078156]},"properties":{"name":"展心牙醫診所","type":"診所","address":"新北市林口區文化三路2段36號1樓"}},{"type":"Feature","geometry":{"type":"Point","coordinates":[121.376434,25.079055]},"properties":{"name":"東佑牙醫診所","type":"診所","address":"新北市林口區文化二路1段250號1、2樓"}},{"type":"Feature","geometry":{"type":"Point","coordinates":[121.360878,25.066137]},"properties":{"name":"極致美學牙醫診所","type":"診所","address":"新北市林口區文化三路1段463號1樓"}},{"type":"Feature","geometry":{"type":"Point","coordinates":[121.376434,25.079055]},"properties":{"name":"萊德美學牙醫診所","type":"診所","address":"新北市林口區文化二路1段283號1、2樓"}},{"type":"Feature","geometry":{"type":"Point","coordinates":[121.376434,25.079055]},"properties":{"name":"中悅牙醫診所","type":"診所","address":"新北市林口區文化二路1段531號1、2樓"}},{"type":"Feature","geometry":{"type":"Point","coordinates":[121.376434,25.079055]},"properties":{"name":"勤美牙醫診所","type":"診所","address":"新北市林口區文化二路1段138號及138－1號1、2樓"}},{"type":"Feature","geometry":{"type":"Point","coordinates":[121.360878,25.066137]},"properties":{"name":"頭等艙牙醫診所","type":"診所","address":"新北市林口區文化三路1段191巷20號1樓及夾層"}},{"type":"Feature","geometry":{"type":"Point","coordinates":[121.360878,25.066137]},"properties":{"name":"波音牙醫診所","type":"診所","address":"新北市林口區文化三路1段179號1－2樓"}},{"type":"Feature","geometry":{"type":"Point","coordinates":[121.364579,25.072736]},"properties":{"name":"展研牙醫診所","type":"診所","address":"新北市林口區忠孝一路1號1樓、5號2樓"}},{"type":"Feature","geometry":{"type":"Point","coordinates":[121.360878,25.066137]},"properties":{"name":"好好牙醫診所","type":"診所","address":"新北市林口區文化三路1段417號1樓、2樓"}},{"type":"Feature","geometry":{"type":"Point","coordinates":[121.360878,25.066137]},"properties":{"name":"三井牙醫診所","type":"診所","address":"新北市林口區文化三路1段189號1、2樓"}},{"type":"Feature","geometry":{"type":"Point","coordinates":[121.360878,25.066137]},"properties":{"name":"葡萄柚兒童牙醫診所","type":"診所","address":"新北市林口區文化三路1段631號1樓、635號2樓"}},{"type":"Feature","geometry":{"type":"Point","coordinates":[121.360878,25.066137]},"properties":{"name":"新林牙醫診所","type":"診所","address":"新北市林口區文化三路1段239號1、2樓"}},{"type":"Feature","geometry":{"type":"Point","coordinates":[121.360878,25.066137]},"properties":{"name":"日沐勤美牙醫診所","type":"診所","address":"新北市林口區文化三路1段243號1、2樓"}},{"type":"Feature","geometry":{"type":"Point","coordinates":[121.369411,25.071648]},"properties":{"name":"沃德忠孝牙醫診所","type":"診所","address":"新北市林口區忠孝路377號1樓及夾層"}},{"type":"Feature","geometry":{"type":"Point","coordinates":[121.374929,25.076242]},"properties":{"name":"彤學牙醫診所","type":"診所","address":"新北市林口區仁愛路二段241號1、2樓"}},{"type":"Feature","geometry":{"type":"Point","coordinates":[121.369523,25.071562]},"properties":{"name":"沃德牙醫診所","type":"診所","address":"新北市林口區忠孝路381號1樓"}},{"type":"Feature","geometry":{"type":"Point","coordinates":[121.640888,25.011227]},"properties":{"name":"世華牙醫診所","type":"診所","address":"新北市深坑區北深路2段196號"}},{"type":"Feature","geometry":{"type":"Point","coordinates":[121.640888,25.011227]},"properties":{"name":"榮泰牙醫診所","type":"診所","address":"新北市深坑區北深路2段147號"}},{"type":"Feature","geometry":{"type":"Point","coordinates":[121.621039,25.004469]},"properties":{"name":"陳建志牙醫診所","type":"診所","address":"新北市深坑區北深路3段255號"}},{"type":"Feature","geometry":{"type":"Point","coordinates":[121.618679,25.002221]},"properties":{"name":"埔新牙醫診所","type":"診所","address":"新北市深坑區埔新街100號"}},{"type":"Feature","geometry":{"type":"Point","coordinates":[121.621039,25.004469]},"properties":{"name":"皇家牙醫診所","type":"診所","address":"新北市深坑區北深路3段26號（1樓、2樓）"}},{"type":"Feature","geometry":{"type":"Point","coordinates":[121.657218,24.991404]},"properties":{"name":"虹淇牙醫診所","type":"診所","address":"新北市石碇區碇坪路一段68號"}},{"type":"Feature","geometry":{"type":"Point","coordinates":[121.503696,25.255178]},"properties":{"name":"宏達牙醫診所","type":"診所","address":"新北市三芝區民生街12號"}},{"type":"Feature","geometry":{"type":"Point","coordinates":[121.637371,25.222486]},"properties":{"name":"華峰牙醫診所","type":"診所","address":"新北市三芝區中正路1段41號1樓"}},{"type":"Feature","geometry":{"type":"Point","coordinates":[121.44421,25.169489]},"properties":{"name":"理想牙醫診所","type":"診所","address":"新北市三芝區中山路1段9巷4號1樓"}},{"type":"Feature","geometry":{"type":"Point","coordinates":[121.394165,25.14863]},"properties":{"name":"國華牙醫診所","type":"診所","address":"新北市八里區訊塘里中山路2段299號"}},{"type":"Feature","geometry":{"type":"Point","coordinates":[121.42386,25.158981]},"properties":{"name":"左岸牙醫診所","type":"診所","address":"新北市八里區大崁里中山路1段57號"}},{"type":"Feature","geometry":{"type":"Point","coordinates":[121.452844,25.12574]},"properties":{"name":"皇翔牙醫診所","type":"診所","address":"新北市八里區龍米路一段127、129號1－2樓"}},{"type":"Feature","geometry":{"type":"Point","coordinates":[121.378921,25.093865]},"properties":{"name":"薰衣草牙醫診所","type":"診所","address":"新北市八里區中華路2段308巷7弄7號1樓"}},{"type":"Feature","geometry":{"type":"Point","coordinates":[121.465554,25.061601]},"properties":{"name":"豪美牙醫診所","type":"診所","address":"新北市八里區中山路2段373號1、2樓"}},{"type":"Feature","geometry":{"type":"Point","coordinates":[121.865712,25.038308]},"properties":{"name":"偉華牙醫診所","type":"診所","address":"新北市雙溪區中華路75號"}},{"type":"Feature","geometry":{"type":"Point","coordinates":[121.638876,25.220585]},"properties":{"name":"慶美牙醫診所","type":"診所","address":"新北市金山區中山路144號"}},{"type":"Feature","geometry":{"type":"Point","coordinates":[121.637436,25.21913]},"properties":{"name":"晶山牙醫診所","type":"診所","address":"新北市金山區仁愛路21號"}},{"type":"Feature","geometry":{"type":"Point","coordinates":[121.688909,25.177267]},"properties":{"name":"恒生牙醫診所","type":"診所","address":"新北市萬里區萬里里瑪鋉路93號"}},{"type":"Feature","geometry":{"type":"Point","coordinates":[121.462917,25.018913]},"properties":{"name":"竹林中醫診所","type":"診所","address":"新北市板橋區漢生西路77－2號"}},{"type":"Feature","geometry":{"type":"Point","coordinates":[121.456211,25.010032]},"properties":{"name":"吉安堂中醫診所","type":"診所","address":"新北市板橋區後菜園街43號"}},{"type":"Feature","geometry":{"type":"Point","coordinates":[121.456109,25.012834]},"properties":{"name":"生永中醫診所","type":"診所","address":"新北市板橋區中正路29號"}},{"type":"Feature","geometry":{"type":"Point","coordinates":[121.461007,25.018532]},"properties":{"name":"新榮盛中醫診所","type":"診所","address":"新北市板橋區國光路185號"}},{"type":"Feature","geometry":{"type":"Point","coordinates":[121.456089,25.01898]},"properties":{"name":"壽春中醫診所","type":"診所","address":"新北市板橋區中正路236巷6號"}},{"type":"Feature","geometry":{"type":"Point","coordinates":[121.468386,25.007718]},"properties":{"name":"惠群中醫診所","type":"診所","address":"新北市板橋區民族路165號1樓"}},{"type":"Feature","geometry":{"type":"Point","coordinates":[121.462903,25.002006]},"properties":{"name":"福安堂中醫診所","type":"診所","address":"新北市板橋區重慶路193號1樓"}},{"type":"Feature","geometry":{"type":"Point","coordinates":[121.461043,24.997973]},"properties":{"name":"廖世輝中醫診所","type":"診所","address":"新北市板橋區國慶路149巷36號"}},{"type":"Feature","geometry":{"type":"Point","coordinates":[121.456543,24.996032]},"properties":{"name":"泰源中醫診所","type":"診所","address":"新北市板橋區四川路1段98號"}},{"type":"Feature","geometry":{"type":"Point","coordinates":[121.478133,25.023889]},"properties":{"name":"儒林居中醫診所","type":"診所","address":"新北市板橋區雙十路3段22號"}},{"type":"Feature","geometry":{"type":"Point","coordinates":[121.456456,25.009659]},"properties":{"name":"廣生堂中醫診所","type":"診所","address":"新北市板橋區府中路78號"}},{"type":"Feature","geometry":{"type":"Point","coordinates":[121.456166,25.013182]},"properties":{"name":"德昇中醫診所","type":"診所","address":"新北市板橋區中正路37號1樓．地下1樓"}},{"type":"Feature","geometry":{"type":"Point","coordinates":[121.455264,25.021158]},"properties":{"name":"陳榮文中醫診所","type":"診所","address":"新北市板橋區新生街11號1樓"}},{"type":"Feature","geometry":{"type":"Point","coordinates":[121.459878,25.018299]},"properties":{"name":"國光中醫診所","type":"診所","address":"新北市板橋區國光路157號1樓"}},{"type":"Feature","geometry":{"type":"Point","coordinates":[121.47615,25.030607]},"properties":{"name":"板橋聖昌中醫診所","type":"診所","address":"新北市板橋區松柏街65號"}},{"type":"Feature","geometry":{"type":"Point","coordinates":[121.46876,25.023908]},"properties":{"name":"陳東熙中醫診所","type":"診所","address":"新北市板橋區文化路2段165號"}},{"type":"Feature","geometry":{"type":"Point","coordinates":[121.456208,25.017345]},"properties":{"name":"日祥中醫診所","type":"診所","address":"新北市板橋區中正路203號1．2．3樓"}},{"type":"Feature","geometry":{"type":"Point","coordinates":[121.464735,25.022352]},"properties":{"name":"漢光中醫診所","type":"診所","address":"新北市板橋區陽明街51號1樓.地下1樓"}},{"type":"Feature","geometry":{"type":"Point","coordinates":[121.540013,24.972543]},"properties":{"name":"健福中醫診所","type":"診所","address":"新北市板橋區三民路1段54.56號1樓"}},{"type":"Feature","geometry":{"type":"Point","coordinates":[121.478133,25.023889]},"properties":{"name":"家福中醫診所","type":"診所","address":"新北市板橋區雙十路3段43號1樓"}},{"type":"Feature","geometry":{"type":"Point","coordinates":[121.475503,25.028163]},"properties":{"name":"聖原中醫診所","type":"診所","address":"新北市板橋區雙十路2段38號1樓"}},{"type":"Feature","geometry":{"type":"Point","coordinates":[121.45173,25.00082]},"properties":{"name":"同心堂中醫診所","type":"診所","address":"新北市板橋區中山路2段123號"}},{"type":"Feature","geometry":{"type":"Point","coordinates":[121.456543,24.996032]},"properties":{"name":"板橋同仁堂中醫診所","type":"診所","address":"新北市板橋區四川路1段130號"}},{"type":"Feature","geometry":{"type":"Point","coordinates":[121.45173,25.00082]},"properties":{"name":"和康中醫診所","type":"診所","address":"新北市板橋區中山路2段291－11號1樓"}},{"type":"Feature","geometry":{"type":"Point","coordinates":[121.461721,24.99619]},"properties":{"name":"全心中醫診所","type":"診所","address":"新北市板橋區國慶路159號1樓"}},{"type":"Feature","geometry":{"type":"Point","coordinates":[121.532096,24.985962]},"properties":{"name":"蓁禾堂中醫診所","type":"診所","address":"新北市板橋區民生路2段48、50號1樓"}},{"type":"Feature","geometry":{"type":"Point","coordinates":[121.472058,25.007889]},"properties":{"name":"遠東中醫診所","type":"診所","address":"新北市板橋區漢生東路335號1樓"}},{"type":"Feature","geometry":{"type":"Point","coordinates":[121.463745,25.023822]},"properties":{"name":"鈺安中醫診所","type":"診所","address":"新北市板橋區陽明街130號1樓"}},{"type":"Feature","geometry":{"type":"Point","coordinates":[121.433446,24.992875]},"properties":{"name":"洪金蘭中醫診所","type":"診所","address":"新北市板橋區金門街67巷2號1樓"}},{"type":"Feature","geometry":{"type":"Point","coordinates":[121.457312,25.003597]},"properties":{"name":"裕芳中醫診所","type":"診所","address":"新北市板橋區貴興路38號"}},{"type":"Feature","geometry":{"type":"Point","coordinates":[121.456926,25.011205]},"properties":{"name":"仁心中醫診所","type":"診所","address":"新北市板橋區北門街42之3號1、2樓"}},{"type":"Feature","geometry":{"type":"Point","coordinates":[121.471394,25.023826]},"properties":{"name":"明德中醫診所","type":"診所","address":"新北市板橋區莒光路78巷4號1樓"}},{"type":"Feature","geometry":{"type":"Point","coordinates":[121.456811,25.017532]},"properties":{"name":"回春中醫診所","type":"診所","address":"新北市板橋區國光路17號1樓"}},{"type":"Feature","geometry":{"type":"Point","coordinates":[121.464548,25.02278]},"properties":{"name":"華康中醫診所","type":"診所","address":"新北市板橋區陽明街80號"}},{"type":"Feature","geometry":{"type":"Point","coordinates":[121.479174,25.03053]},"properties":{"name":"榮德中醫診所","type":"診所","address":"新北市板橋區懷德街131號"}},{"type":"Feature","geometry":{"type":"Point","coordinates":[121.53951,24.97265]},"properties":{"name":"鴻仁中醫診所","type":"診所","address":"新北市板橋區三民路2段136之2號1樓"}},{"type":"Feature","geometry":{"type":"Point","coordinates":[121.46876,25.023908]},"properties":{"name":"福霖堂中醫診所","type":"診所","address":"新北市板橋區文化路2段410巷1弄2號"}},{"type":"Feature","geometry":{"type":"Point","coordinates":[121.45173,25.00082]},"properties":{"name":"施丞修中醫診所","type":"診所","address":"新北市板橋區中山路2段362號"}},{"type":"Feature","geometry":{"type":"Point","coordinates":[121.464059,25.022999]},"properties":{"name":"坤儒中醫診所","type":"診所","address":"新北市板橋區陽明街77號1樓"}},{"type":"Feature","geometry":{"type":"Point","coordinates":[121.461046,25.02811]},"properties":{"name":"洪天註中醫診所","type":"診所","address":"新北市板橋區四維路289巷44號1樓"}},{"type":"Feature","geometry":{"type":"Point","coordinates":[121.468761,25.031913]},"properties":{"name":"宏國中醫診所","type":"診所","address":"新北市板橋區宏國路103號1樓"}},{"type":"Feature","geometry":{"type":"Point","coordinates":[121.461122,25.005003]},"properties":{"name":"鴻林中醫診所","type":"診所","address":"新北市板橋區成都街37號1樓"}},{"type":"Feature","geometry":{"type":"Point","coordinates":[121.46416,25.00507]},"properties":{"name":"程維德中醫診所","type":"診所","address":"新北市板橋區實踐路117號〈1樓〉"}},{"type":"Feature","geometry":{"type":"Point","coordinates":[121.461731,25.002217]},"properties":{"name":"勝濟堂中醫診所","type":"診所","address":"新北市板橋區忠孝路69號（1樓）"}},{"type":"Feature","geometry":{"type":"Point","coordinates":[121.45173,25.00082]},"properties":{"name":"全泰中醫診所","type":"診所","address":"新北市板橋區中山路2段78號（1樓）"}},{"type":"Feature","geometry":{"type":"Point","coordinates":[121.46876,25.023908]},"properties":{"name":"向德中醫診所","type":"診所","address":"新北市板橋區文化路2段109號（1樓）及松江街2號（1樓）"}},{"type":"Feature","geometry":{"type":"Point","coordinates":[121.472632,25.026159]},"properties":{"name":"杏禾中醫診所","type":"診所","address":"新北市板橋區莊敬路97號1樓"}},{"type":"Feature","geometry":{"type":"Point","coordinates":[121.463887,25.027569]},"properties":{"name":"蓁佑中醫診所","type":"診所","address":"新北市板橋區四維路218號1樓"}},{"type":"Feature","geometry":{"type":"Point","coordinates":[121.464335,25.004202]},"properties":{"name":"晨軒中醫診所","type":"診所","address":"新北市板橋區實踐路155號1樓"}},{"type":"Feature","geometry":{"type":"Point","coordinates":[121.42941,24.987672]},"properties":{"name":"吉安中醫診所","type":"診所","address":"新北市板橋區篤行路3段78號、78之1號"}},{"type":"Feature","geometry":{"type":"Point","coordinates":[121.428043,24.989572]},"properties":{"name":"太乙中醫診所","type":"診所","address":"新北市板橋區溪北路74號1樓"}},{"type":"Feature","geometry":{"type":"Point","coordinates":[121.468008,25.007896]},"properties":{"name":"皇漢中醫診所","type":"診所","address":"新北市板橋區民族路149號1樓"}},{"type":"Feature","geometry":{"type":"Point","coordinates":[121.464217,25.004792]},"properties":{"name":"菩提中醫診所","type":"診所","address":"新北市板橋區實踐路129號（1樓）"}},{"type":"Feature","geometry":{"type":"Point","coordinates":[121.457316,25.008591]},"properties":{"name":"康宸中醫診所","type":"診所","address":"新北市板橋區南門街43號1、2、3樓"}},{"type":"Feature","geometry":{"type":"Point","coordinates":[121.471751,25.025259]},"properties":{"name":"謙合科學中醫診所","type":"診所","address":"新北市板橋區莊敬路68號1樓"}},{"type":"Feature","geometry":{"type":"Point","coordinates":[121.457692,25.009668]},"properties":{"name":"祐新中醫診所","type":"診所","address":"新北市板橋區文化路1段306號1樓2樓"}},{"type":"Feature","geometry":{"type":"Point","coordinates":[121.478711,25.031213]},"properties":{"name":"一心中醫診所","type":"診所","address":"新北市板橋區懷德街117號1樓"}},{"type":"Feature","geometry":{"type":"Point","coordinates":[121.456543,24.996032]},"properties":{"name":"耀祥中醫診所","type":"診所","address":"新北市板橋區四川路1段365號1樓"}},{"type":"Feature","geometry":{"type":"Point","coordinates":[121.478133,25.023889]},"properties":{"name":"江翠中醫診所","type":"診所","address":"新北市板橋區雙十路3段1號2樓及3號1、2樓"}},{"type":"Feature","geometry":{"type":"Point","coordinates":[121.462554,25.020453]},"properties":{"name":"宏昌中醫診所","type":"診所","address":"新北市板橋區新海路3號（1樓）"}},{"type":"Feature","geometry":{"type":"Point","coordinates":[121.45173,25.00082]},"properties":{"name":"裕安中醫診所","type":"診所","address":"新北市板橋區中山路2段487號（1樓）"}},{"type":"Feature","geometry":{"type":"Point","coordinates":[121.456635,25.007289]},"properties":{"name":"翰林居中醫診所","type":"診所","address":"新北市板橋區南雅南路1段99號1樓"}},{"type":"Feature","geometry":{"type":"Point","coordinates":[121.462007,25.018661]},"properties":{"name":"大雄中醫診所","type":"診所","address":"新北市板橋區國光路207號1樓"}},{"type":"Feature","geometry":{"type":"Point","coordinates":[121.457972,25.009296]},"properties":{"name":"鼎鈞中醫診所","type":"診所","address":"新北市板橋區府中路67號3樓"}},{"type":"Feature","geometry":{"type":"Point","coordinates":[121.475503,25.028163]},"properties":{"name":"鼎超中醫診所","type":"診所","address":"新北市板橋區雙十路2段47巷8弄16號1樓"}},{"type":"Feature","geometry":{"type":"Point","coordinates":[121.463045,24.999553]},"properties":{"name":"一生中醫診所","type":"診所","address":"新北市板橋區重慶路278之2號1樓"}},{"type":"Feature","geometry":{"type":"Point","coordinates":[121.470545,25.021123]},"properties":{"name":"弘恩中醫診所","type":"診所","address":"新北市板橋區萬板路15號1樓"}},{"type":"Feature","geometry":{"type":"Point","coordinates":[121.4683,25.0246]},"properties":{"name":"春易安中醫診所","type":"診所","address":"新北市板橋區光武街3號1樓"}},{"type":"Feature","geometry":{"type":"Point","coordinates":[121.428494,24.9895]},"properties":{"name":"天寧中醫診所","type":"診所","address":"新北市板橋區溪北路87號（1樓）"}},{"type":"Feature","geometry":{"type":"Point","coordinates":[121.457946,25.015259]},"properties":{"name":"仁得中醫診所","type":"診所","address":"新北市板橋區民權路258之7號1樓"}},{"type":"Feature","geometry":{"type":"Point","coordinates":[121.46876,25.023908]},"properties":{"name":"德川中醫診所","type":"診所","address":"新北市板橋區文化路2段13號1樓"}},{"type":"Feature","geometry":{"type":"Point","coordinates":[121.45173,25.00082]},"properties":{"name":"璞和中醫診所","type":"診所","address":"新北市板橋區中山路2段134號（1樓）"}},{"type":"Feature","geometry":{"type":"Point","coordinates":[121.459185,25.010697]},"properties":{"name":"蘇鴻昶中醫診所","type":"診所","address":"新北市板橋區府後街1巷2號1樓"}},{"type":"Feature","geometry":{"type":"Point","coordinates":[121.454903,25.004634]},"properties":{"name":"郭中醫診所","type":"診所","address":"新北市板橋區南雅西路2段182號（1樓）"}},{"type":"Feature","geometry":{"type":"Point","coordinates":[121.469837,25.011727]},"properties":{"name":"華晟中醫診所","type":"診所","address":"新北市板橋區漢生東路189號1樓及193巷1號1樓"}},{"type":"Feature","geometry":{"type":"Point","coordinates":[121.464294,25.02689]},"properties":{"name":"梁中醫診所","type":"診所","address":"新北市板橋區四維路186號1樓"}},{"type":"Feature","geometry":{"type":"Point","coordinates":[121.442842,25.000181]},"properties":{"name":"健昇中醫診所","type":"診所","address":"新北市板橋區龍興街29號（1樓）"}},{"type":"Feature","geometry":{"type":"Point","coordinates":[121.442909,24.999903]},"properties":{"name":"老記保壽堂中醫診所","type":"診所","address":"新北市板橋區龍興街16號（1樓）"}},{"type":"Feature","geometry":{"type":"Point","coordinates":[121.473928,25.027271]},"properties":{"name":"祥德中醫診所","type":"診所","address":"新北市板橋區莊敬路25巷4弄14號（1樓）"}},{"type":"Feature","geometry":{"type":"Point","coordinates":[121.478737,25.027767]},"properties":{"name":"仲德中醫診所","type":"診所","address":"新北市板橋區文聖街157號（1樓）"}},{"type":"Feature","geometry":{"type":"Point","coordinates":[121.473742,25.012604]},"properties":{"name":"倪國欽中醫診所","type":"診所","address":"新北市板橋區長安街331巷23號（1樓）"}},{"type":"Feature","geometry":{"type":"Point","coordinates":[121.461213,25.028836]},"properties":{"name":"靈群閣中醫診所","type":"診所","address":"新北市板橋區裕民街56巷3號（1樓）"}},{"type":"Feature","geometry":{"type":"Point","coordinates":[121.466266,25.010399]},"properties":{"name":"樂昕中醫診所","type":"診所","address":"新北市板橋區區運路39號1樓"}},{"type":"Feature","geometry":{"type":"Point","coordinates":[121.471063,25.023877]},"properties":{"name":"全懋中醫診所","type":"診所","address":"新北市板橋區莊敬路171號（1樓）"}},{"type":"Feature","geometry":{"type":"Point","coordinates":[121.46933,25.023754]},"properties":{"name":"榮美中醫診所","type":"診所","address":"新北市板橋區莒光路100號1樓"}},{"type":"Feature","geometry":{"type":"Point","coordinates":[121.459422,25.027461]},"properties":{"name":"寶生中醫診所","type":"診所","address":"新北市板橋區裕民街123號（1樓）"}},{"type":"Feature","geometry":{"type":"Point","coordinates":[121.457692,25.009668]},"properties":{"name":"板橋新生堂中醫診所","type":"診所","address":"新北市板橋區文化路1段188巷17號（1樓）"}},{"type":"Feature","geometry":{"type":"Point","coordinates":[121.463579,24.999485]},"properties":{"name":"建全中醫診所","type":"診所","address":"新北市板橋區重慶路277號1樓及279號1樓"}},{"type":"Feature","geometry":{"type":"Point","coordinates":[121.471981,25.025458]},"properties":{"name":"慈護一品中醫診所","type":"診所","address":"新北市板橋區莊敬路89、91號1樓"}},{"type":"Feature","geometry":{"type":"Point","coordinates":[121.456258,25.002872]},"properties":{"name":"東芳榮妹中醫診所","type":"診所","address":"新北市板橋區貴興路82號（1樓）"}},{"type":"Feature","geometry":{"type":"Point","coordinates":[121.477424,25.018113]},"properties":{"name":"文達中醫診所","type":"診所","address":"新北市板橋區懷仁街88號（1樓）"}},{"type":"Feature","geometry":{"type":"Point","coordinates":[121.45438,25.022538]},"properties":{"name":"六合堂中醫診所","type":"診所","address":"新北市板橋區中正路332之4號（1樓）"}},{"type":"Feature","geometry":{"type":"Point","coordinates":[121.455709,24.996235]},"properties":{"name":"林衡毅中醫診所","type":"診所","address":"新北市板橋區四川路2段140巷16弄22號（1樓）"}},{"type":"Feature","geometry":{"type":"Point","coordinates":[121.53361,24.987708]},"properties":{"name":"薇晶中醫診所","type":"診所","address":"新北市板橋區民生路3段83號（1樓）、83之1號（2樓）"}},{"type":"Feature","geometry":{"type":"Point","coordinates":[121.46694,25.009574]},"properties":{"name":"建中堂中醫診所","type":"診所","address":"新北市板橋區長安街25巷17號1樓"}},{"type":"Feature","geometry":{"type":"Point","coordinates":[121.462735,25.002571]},"properties":{"name":"潤宇堂中醫診所","type":"診所","address":"新北市板橋區重慶路175號（1、2樓）"}},{"type":"Feature","geometry":{"type":"Point","coordinates":[121.464312,25.026538]},"properties":{"name":"橘泉中醫診所","type":"診所","address":"新北市板橋區四維路179之1號（1樓）"}},{"type":"Feature","geometry":{"type":"Point","coordinates":[121.457692,25.009668]},"properties":{"name":"老德燕中醫診所","type":"診所","address":"新北市板橋區文化路1段30號1樓"}},{"type":"Feature","geometry":{"type":"Point","coordinates":[121.457692,25.009668]},"properties":{"name":"明遠中醫診所","type":"診所","address":"新北市板橋區文化路1段159號1樓、2樓、3樓"}},{"type":"Feature","geometry":{"type":"Point","coordinates":[121.472749,25.015713]},"properties":{"name":"正大中醫診所","type":"診所","address":"新北市板橋區民生路3段116號（1樓）"}},{"type":"Feature","geometry":{"type":"Point","coordinates":[121.460164,25.024586]},"properties":{"name":"百善堂中醫診所","type":"診所","address":"新北市板橋區新海路344號（1樓）"}},{"type":"Feature","geometry":{"type":"Point","coordinates":[121.53951,24.97265]},"properties":{"name":"天祐中醫診所","type":"診所","address":"新北市板橋區三民路2段119號1樓"}},{"type":"Feature","geometry":{"type":"Point","coordinates":[121.463794,25.023745]},"properties":{"name":"聖恩中醫診所","type":"診所","address":"新北市板橋區陽明街126號1樓、2樓"}},{"type":"Feature","geometry":{"type":"Point","coordinates":[121.461107,25.002116]},"properties":{"name":"六安堂中醫診所","type":"診所","address":"新北市板橋區忠孝路39號1樓"}},{"type":"Feature","geometry":{"type":"Point","coordinates":[121.474547,25.012267]},"properties":{"name":"御品堂中醫診所","type":"診所","address":"新北市板橋區長安街333號1樓"}},{"type":"Feature","geometry":{"type":"Point","coordinates":[121.475234,25.031797]},"properties":{"name":"杏蘊中醫診所","type":"診所","address":"新北市板橋區仁化街53號1樓"}},{"type":"Feature","geometry":{"type":"Point","coordinates":[121.4628,25.019433]},"properties":{"name":"德康中醫診所","type":"診所","address":"新北市板橋區漢生西路86號（1樓）"}},{"type":"Feature","geometry":{"type":"Point","coordinates":[121.45975,25.009717]},"properties":{"name":"新昌中醫診所","type":"診所","address":"新北市板橋區府中路24號2樓"}},{"type":"Feature","geometry":{"type":"Point","coordinates":[121.457672,25.004928]},"properties":{"name":"德睿中醫診所","type":"診所","address":"新北市板橋區華興街62號（1樓）"}},{"type":"Feature","geometry":{"type":"Point","coordinates":[121.457692,25.009668]},"properties":{"name":"翰醫堂新板中醫診所","type":"診所","address":"新北市板橋區文化路1段349號（1、2、3樓）"}},{"type":"Feature","geometry":{"type":"Point","coordinates":[121.456215,25.006937]},"properties":{"name":"保翔中醫診所","type":"診所","address":"新北市板橋區南雅南路2段74號（1樓）"}},{"type":"Feature","geometry":{"type":"Point","coordinates":[121.477714,25.032322]},"properties":{"name":"華江中醫診所","type":"診所","address":"新北市板橋區懷德街69號（1樓）"}},{"type":"Feature","geometry":{"type":"Point","coordinates":[121.45173,25.00082]},"properties":{"name":"全人中醫診所","type":"診所","address":"新北市板橋區中山路2段262號1、2樓"}},{"type":"Feature","geometry":{"type":"Point","coordinates":[121.45759,25.015692]},"properties":{"name":"金正中醫診所","type":"診所","address":"新北市板橋區民權路278號（1樓）"}},{"type":"Feature","geometry":{"type":"Point","coordinates":[121.491106,25.068246]},"properties":{"name":"百昌堂中醫診所","type":"診所","address":"新北市三重區自強路2段1號"}},{"type":"Feature","geometry":{"type":"Point","coordinates":[121.488384,25.080773]},"properties":{"name":"長興中醫診所","type":"診所","address":"新北市三重區溪尾街184號"}},{"type":"Feature","geometry":{"type":"Point","coordinates":[121.482215,25.067538]},"properties":{"name":"林寶華中醫診所","type":"診所","address":"新北市三重區中正北路218號"}},{"type":"Feature","geometry":{"type":"Point","coordinates":[121.495695,25.075381]},"properties":{"name":"慧光中醫診所","type":"診所","address":"新北市三重區仁福街64巷4號"}},{"type":"Feature","geometry":{"type":"Point","coordinates":[121.498992,25.062755]},"properties":{"name":"寶鶴堂中醫診所","type":"診所","address":"新北市三重區重新路3段2－1號"}},{"type":"Feature","geometry":{"type":"Point","coordinates":[121.489627,25.0791]},"properties":{"name":"正五華中醫診所","type":"診所","address":"新北市三重區溪尾街121號"}},{"type":"Feature","geometry":{"type":"Point","coordinates":[121.496624,25.072635]},"properties":{"name":"東華堂中醫診所","type":"診所","address":"新北市三重區龍門路58號"}},{"type":"Feature","geometry":{"type":"Point","coordinates":[121.501502,25.066605]},"properties":{"name":"三和中醫診所","type":"診所","address":"新北市三重區三和路4段402號"}},{"type":"Feature","geometry":{"type":"Point","coordinates":[121.492375,25.05931]},"properties":{"name":"永昇中醫診所","type":"診所","address":"新北市三重區中寮街20號－5"}},{"type":"Feature","geometry":{"type":"Point","coordinates":[121.484989,25.060887]},"properties":{"name":"國嘉中醫診所","type":"診所","address":"新北市三重區三光街3號1樓"}},{"type":"Feature","geometry":{"type":"Point","coordinates":[121.501318,25.063255]},"properties":{"name":"陳逸德中醫診所","type":"診所","address":"新北市三重區中央南路2號"}},{"type":"Feature","geometry":{"type":"Point","coordinates":[121.4925,25.071596]},"properties":{"name":"忠孝龍安中醫診所","type":"診所","address":"新北市三重區忠孝路2段53號"}},{"type":"Feature","geometry":{"type":"Point","coordinates":[121.481776,25.080282]},"properties":{"name":"龍安中醫診所","type":"診所","address":"新北市三重區仁愛街680號1樓"}},{"type":"Feature","geometry":{"type":"Point","coordinates":[121.495428,25.061439]},"properties":{"name":"健康中醫診所","type":"診所","address":"新北市三重區重新路4段35號"}},{"type":"Feature","geometry":{"type":"Point","coordinates":[121.496401,25.067302]},"properties":{"name":"保安堂中醫診所","type":"診所","address":"新北市三重區正義北路47、49號1、2樓"}},{"type":"Feature","geometry":{"type":"Point","coordinates":[121.48846,25.052069]},"properties":{"name":"六福中醫診所","type":"診所","address":"新北市三重區集成路10號"}},{"type":"Feature","geometry":{"type":"Point","coordinates":[121.491106,25.068246]},"properties":{"name":"仁祥中醫診所","type":"診所","address":"新北市三重區自強路2段48號—1"}},{"type":"Feature","geometry":{"type":"Point","coordinates":[121.484807,25.081618]},"properties":{"name":"林源泉中醫診所","type":"診所","address":"新北市三重區碧華街59號"}},{"type":"Feature","geometry":{"type":"Point","coordinates":[121.502064,25.066739]},"properties":{"name":"福田中醫診所","type":"診所","address":"新北市三重區三和路3段182號"}},{"type":"Feature","geometry":{"type":"Point","coordinates":[121.490534,25.063031]},"properties":{"name":"厚生堂中醫診所","type":"診所","address":"新北市三重區中正北路59號1樓"}},{"type":"Feature","geometry":{"type":"Point","coordinates":[121.50148,25.066487]},"properties":{"name":"三重建成中醫診所","type":"診所","address":"新北市三重區三和路2段153號1樓"}},{"type":"Feature","geometry":{"type":"Point","coordinates":[121.481842,25.071955]},"properties":{"name":"長駥堂中醫診所","type":"診所","address":"新北市三重區力行路2段180號1樓"}},{"type":"Feature","geometry":{"type":"Point","coordinates":[121.495537,25.072185]},"properties":{"name":"三重養生堂中醫診所","type":"診所","address":"新北市三重區龍門路28號1樓、28號之1（1樓）"}},{"type":"Feature","geometry":{"type":"Point","coordinates":[121.501502,25.066605]},"properties":{"name":"善慧堂中醫診所","type":"診所","address":"新北市三重區三和路4段20巷10號1樓"}},{"type":"Feature","geometry":{"type":"Point","coordinates":[121.489936,25.063182]},"properties":{"name":"康欣中醫診所","type":"診所","address":"新北市三重區中正北路79號1樓"}},{"type":"Feature","geometry":{"type":"Point","coordinates":[121.490494,25.068851]},"properties":{"name":"寶田中醫診所","type":"診所","address":"新北市三重區自強路1段66號2樓"}},{"type":"Feature","geometry":{"type":"Point","coordinates":[121.500066,25.068579]},"properties":{"name":"惟康中醫診所","type":"診所","address":"新北市三重區長榮路8號1樓"}},{"type":"Feature","geometry":{"type":"Point","coordinates":[121.497976,25.061587]},"properties":{"name":"京品中醫診所","type":"診所","address":"新北市三重區正義南路15之2號1樓"}},{"type":"Feature","geometry":{"type":"Point","coordinates":[121.501502,25.066605]},"properties":{"name":"璟欣中醫診所","type":"診所","address":"新北市三重區三和路4段199號1樓"}},{"type":"Feature","geometry":{"type":"Point","coordinates":[121.496153,25.068587]},"properties":{"name":"六福堂中醫診所","type":"診所","address":"新北市三重區正義北路211號1樓"}},{"type":"Feature","geometry":{"type":"Point","coordinates":[121.494675,25.06806]},"properties":{"name":"宏安中醫診所","type":"診所","address":"新北市三重區自強1段254號1樓"}},{"type":"Feature","geometry":{"type":"Point","coordinates":[121.49638,25.064302]},"properties":{"name":"佑安中醫診所","type":"診所","address":"新北市三重區信義西街98號（1樓）"}},{"type":"Feature","geometry":{"type":"Point","coordinates":[121.498748,25.064352]},"properties":{"name":"重安養生中醫診所","type":"診所","address":"新北市三重區平安街9號（1樓）"}},{"type":"Feature","geometry":{"type":"Point","coordinates":[121.501502,25.066605]},"properties":{"name":"鼎安堂中醫診所","type":"診所","address":"新北市三重區三和路4段372號1、2樓"}},{"type":"Feature","geometry":{"type":"Point","coordinates":[121.501502,25.066605]},"properties":{"name":"軒林中醫診所","type":"診所","address":"新北市三重區三和路4段217號1、2樓"}},{"type":"Feature","geometry":{"type":"Point","coordinates":[121.495602,25.061169]},"properties":{"name":"天德堂中醫診所","type":"診所","address":"新北市三重區大同南路3號、7巷1號1至2樓"}},{"type":"Feature","geometry":{"type":"Point","coordinates":[121.488878,25.086208]},"properties":{"name":"慶竹中醫診所","type":"診所","address":"新北市三重區五華街178號1樓、2樓"}},{"type":"Feature","geometry":{"type":"Point","coordinates":[121.490377,25.059866]},"properties":{"name":"松鶴中醫診所","type":"診所","address":"新北市三重區過圳街7巷36號1樓"}},{"type":"Feature","geometry":{"type":"Point","coordinates":[121.497907,25.068977]},"properties":{"name":"禾豐中醫診所","type":"診所","address":"新北市三重區文化北路133號1樓"}},{"type":"Feature","geometry":{"type":"Point","coordinates":[121.483977,25.077942]},"properties":{"name":"醫道中醫診所","type":"診所","address":"新北市三重區力行路二段165號1樓"}},{"type":"Feature","geometry":{"type":"Point","coordinates":[121.498152,25.068128]},"properties":{"name":"安美中醫診所","type":"診所","address":"新北市三重區文化北路97號1樓"}},{"type":"Feature","geometry":{"type":"Point","coordinates":[121.475954,25.070095]},"properties":{"name":"喜悅中醫診所","type":"診所","address":"新北市三重區中正北路392號1樓"}},{"type":"Feature","geometry":{"type":"Point","coordinates":[121.483967,25.058838]},"properties":{"name":"弘曜中醫診所","type":"診所","address":"新北市三重區三陽路106號1樓及三陽路100巷1弄5號1樓"}},{"type":"Feature","geometry":{"type":"Point","coordinates":[121.490352,25.06895]},"properties":{"name":"全心堂中醫診所","type":"診所","address":"新北市三重區自強路3段35、37號1樓"}},{"type":"Feature","geometry":{"type":"Point","coordinates":[121.496455,25.066671]},"properties":{"name":"漢民中醫診所","type":"診所","address":"新北市三重區正義北路180號1樓"}},{"type":"Feature","geometry":{"type":"Point","coordinates":[121.481842,25.071955]},"properties":{"name":"仲聖中醫診所","type":"診所","address":"新北市三重區力行路2段155號1樓"}},{"type":"Feature","geometry":{"type":"Point","coordinates":[121.499402,25.062922]},"properties":{"name":"健安堂中醫診所","type":"診所","address":"新北市三重區重新路1段72號1樓"}},{"type":"Feature","geometry":{"type":"Point","coordinates":[121.48638,25.082067]},"properties":{"name":"健安中醫診所","type":"診所","address":"新北市三重區碧華街141號1樓"}},{"type":"Feature","geometry":{"type":"Point","coordinates":[121.4925,25.071596]},"properties":{"name":"三重同仁堂中醫診所","type":"診所","address":"新北市三重區忠孝路2段99號1樓、2樓及95號、97號2樓"}},{"type":"Feature","geometry":{"type":"Point","coordinates":[121.482965,25.067279]},"properties":{"name":"鼎真中醫診所","type":"診所","address":"新北市三重區中正北路135號1樓"}},{"type":"Feature","geometry":{"type":"Point","coordinates":[121.492563,25.071831]},"properties":{"name":"麗水堂中醫診所","type":"診所","address":"新北市三重區忠孝路1段6號1樓"}},{"type":"Feature","geometry":{"type":"Point","coordinates":[121.501502,25.066605]},"properties":{"name":"仁安堂中醫診所","type":"診所","address":"新北市三重區三和路4段133號1樓"}},{"type":"Feature","geometry":{"type":"Point","coordinates":[121.493661,25.056038]},"properties":{"name":"三重天慕堂中醫診所","type":"診所","address":"新北市三重區中正南路165號1樓及夾層"}},{"type":"Feature","geometry":{"type":"Point","coordinates":[121.499876,25.062796]},"properties":{"name":"三重宥聖中醫診所","type":"診所","address":"新北市三重區重新路2段1之6號1樓、2樓、3樓"}},{"type":"Feature","geometry":{"type":"Point","coordinates":[121.482908,25.083386]},"properties":{"name":"和璞中醫診所","type":"診所","address":"新北市三重區仁安街101號1樓"}},{"type":"Feature","geometry":{"type":"Point","coordinates":[121.481842,25.071955]},"properties":{"name":"沐澤時尚中醫診所","type":"診所","address":"新北市三重區力行路2段87號1樓"}},{"type":"Feature","geometry":{"type":"Point","coordinates":[121.502084,25.065042]},"properties":{"name":"大耀中醫診所","type":"診所","address":"新北市三重區福德北路30之1號1樓"}},{"type":"Feature","geometry":{"type":"Point","coordinates":[121.609135,25.059421]},"properties":{"name":"大同中醫診所","type":"診所","address":"新北市三重區重陽路3段5巷1號1樓"}},{"type":"Feature","geometry":{"type":"Point","coordinates":[121.510699,25.006444]},"properties":{"name":"泰華內科針灸科中醫診所","type":"診所","address":"新北市永和區保平路121號"}},{"type":"Feature","geometry":{"type":"Point","coordinates":[121.52418,24.999543]},"properties":{"name":"康源中醫診所","type":"診所","address":"新北市永和區得和路351號"}},{"type":"Feature","geometry":{"type":"Point","coordinates":[121.516166,25.011939]},"properties":{"name":"俊發內科中醫診所","type":"診所","address":"新北市永和區復興街31號"}},{"type":"Feature","geometry":{"type":"Point","coordinates":[121.512747,25.004415]},"properties":{"name":"竹林堂中醫診所","type":"診所","address":"新北市永和區永和路2段249號"}},{"type":"Feature","geometry":{"type":"Point","coordinates":[121.51928,25.00573]},"properties":{"name":"竹安堂中醫診所","type":"診所","address":"新北市永和區永亨路7號"}},{"type":"Feature","geometry":{"type":"Point","coordinates":[121.515242,25.004069]},"properties":{"name":"上海堂中醫診所","type":"診所","address":"新北市永和區永貞路218號"}},{"type":"Feature","geometry":{"type":"Point","coordinates":[121.514686,25.007561]},"properties":{"name":"獻寶中醫診所","type":"診所","address":"新北市永和區福和路362號"}},{"type":"Feature","geometry":{"type":"Point","coordinates":[121.520211,24.999665]},"properties":{"name":"合元中醫診所","type":"診所","address":"新北市永和區民權路8號"}},{"type":"Feature","geometry":{"type":"Point","coordinates":[121.52084,25.009914]},"properties":{"name":"利源中醫診所","type":"診所","address":"新北市永和區竹林路179巷1號1樓"}},{"type":"Feature","geometry":{"type":"Point","coordinates":[121.51153,25.008554]},"properties":{"name":"永豐中醫診所","type":"診所","address":"新北市永和區永平路146號"}},{"type":"Feature","geometry":{"type":"Point","coordinates":[121.526676,25.001138]},"properties":{"name":"華興中醫診所","type":"診所","address":"新北市永和區成功路2段90號"}},{"type":"Feature","geometry":{"type":"Point","coordinates":[121.520125,24.999168]},"properties":{"name":"秀朗中醫診所","type":"診所","address":"新北市永和區民權路24號"}},{"type":"Feature","geometry":{"type":"Point","coordinates":[121.522793,25.003496]},"properties":{"name":"新時代中醫診所","type":"診所","address":"新北市永和區林森路104號"}},{"type":"Feature","geometry":{"type":"Point","coordinates":[121.522278,25.001564]},"properties":{"name":"清華中醫診所","type":"診所","address":"新北市永和區永元路89號"}},{"type":"Feature","geometry":{"type":"Point","coordinates":[121.485483,25.061709]},"properties":{"name":"崇愛中醫聯合診所","type":"診所","address":"新北市永和區中山路1段101號1樓"}},{"type":"Feature","geometry":{"type":"Point","coordinates":[121.485483,25.061709]},"properties":{"name":"聖元中醫診所","type":"診所","address":"新北市永和區中山路1段168號1樓"}},{"type":"Feature","geometry":{"type":"Point","coordinates":[121.508993,25.005325]},"properties":{"name":"華信中醫診所","type":"診所","address":"新北市永和區保平路246號1樓"}},{"type":"Feature","geometry":{"type":"Point","coordinates":[121.515584,24.997563]},"properties":{"name":"聖昇中醫診所","type":"診所","address":"新北市永和區中正路109號1樓2樓"}},{"type":"Feature","geometry":{"type":"Point","coordinates":[121.51234,25.014688]},"properties":{"name":"福德中醫診所","type":"診所","address":"新北市永和區仁愛路241號1樓、241號Ｂ1"}},{"type":"Feature","geometry":{"type":"Point","coordinates":[121.518705,25.013478]},"properties":{"name":"祺元堂中醫診所","type":"診所","address":"新北市永和區竹林路71－1號1樓"}},{"type":"Feature","geometry":{"type":"Point","coordinates":[121.510803,25.005988]},"properties":{"name":"明仁中醫診所","type":"診所","address":"新北市永和區永貞路350號1樓"}},{"type":"Feature","geometry":{"type":"Point","coordinates":[121.513467,24.994773]},"properties":{"name":"永和易元堂中醫診所","type":"診所","address":"新北市永和區中正路62號1、2樓"}},{"type":"Feature","geometry":{"type":"Point","coordinates":[121.51692,25.013374]},"properties":{"name":"祥寧中醫診所","type":"診所","address":"新北市永和區中興街104號1－2樓、106號1－2樓"}},{"type":"Feature","geometry":{"type":"Point","coordinates":[121.516203,25.014844]},"properties":{"name":"泉安堂中醫診所","type":"診所","address":"新北市永和區竹林路4號1樓及地下1層"}},{"type":"Feature","geometry":{"type":"Point","coordinates":[121.520796,25.007431]},"properties":{"name":"臻觀中醫診所","type":"診所","address":"新北市永和區永貞路8號1樓2樓"}},{"type":"Feature","geometry":{"type":"Point","coordinates":[121.517491,25.003441]},"properties":{"name":"康福中醫診所","type":"診所","address":"新北市永和區中正路478號1樓2樓"}},{"type":"Feature","geometry":{"type":"Point","coordinates":[121.509275,25.00099]},"properties":{"name":"妙華中醫診所","type":"診所","address":"新北市永和區中和路429號5樓"}},{"type":"Feature","geometry":{"type":"Point","coordinates":[121.520213,25.010552]},"properties":{"name":"祥同中醫診所","type":"診所","address":"新北市永和區竹林路150號1、2樓及152號1、2樓"}},{"type":"Feature","geometry":{"type":"Point","coordinates":[121.485483,25.061709]},"properties":{"name":"從容中醫診所","type":"診所","address":"新北市永和區中山路1段202號1樓"}},{"type":"Feature","geometry":{"type":"Point","coordinates":[121.523629,24.999419]},"properties":{"name":"順和堂中醫診所","type":"診所","address":"新北市永和區得和路342號1樓"}},{"type":"Feature","geometry":{"type":"Point","coordinates":[121.508905,25.012128]},"properties":{"name":"永和健生堂中醫診所","type":"診所","address":"新北市永和區仁愛路218號1樓"}},{"type":"Feature","geometry":{"type":"Point","coordinates":[121.515864,25.009833]},"properties":{"name":"世峰中醫診所","type":"診所","address":"新北市永和區豫溪街50號1樓"}},{"type":"Feature","geometry":{"type":"Point","coordinates":[121.513892,25.013496]},"properties":{"name":"進昌中醫診所","type":"診所","address":"新北市永和區仁愛路50號1樓、50之1號1樓"}},{"type":"Feature","geometry":{"type":"Point","coordinates":[121.518688,25.000333]},"properties":{"name":"佑憲中醫診所","type":"診所","address":"新北市永和區得和路119號1樓"}},{"type":"Feature","geometry":{"type":"Point","coordinates":[121.522986,24.999074]},"properties":{"name":"術德中醫診所","type":"診所","address":"新北市永和區民生路21號1樓"}},{"type":"Feature","geometry":{"type":"Point","coordinates":[121.50548,25.009348]},"properties":{"name":"甘霖中醫診所","type":"診所","address":"新北市永和區仁愛路289號1樓"}},{"type":"Feature","geometry":{"type":"Point","coordinates":[121.514936,25.01301]},"properties":{"name":"永和明師中醫診所","type":"診所","address":"新北市永和區永和路1段2號1、2、3樓之3－5、4樓－4"}},{"type":"Feature","geometry":{"type":"Point","coordinates":[121.514057,25.010541]},"properties":{"name":"永樂中醫診所","type":"診所","address":"新北市永和區中山路一段14號"}},{"type":"Feature","geometry":{"type":"Point","coordinates":[121.516373,24.998451]},"properties":{"name":"樂源中醫診所","type":"診所","address":"新北市永和區中正路155號1樓、2樓"}},{"type":"Feature","geometry":{"type":"Point","coordinates":[121.50673,25.009898]},"properties":{"name":"宜庭中醫診所","type":"診所","address":"新北市永和區永貞路439號1樓"}},{"type":"Feature","geometry":{"type":"Point","coordinates":[121.515886,25.010148]},"properties":{"name":"靖林中醫診所","type":"診所","address":"新北市永和區中正路718號1樓"}},{"type":"Feature","geometry":{"type":"Point","coordinates":[121.520591,25.009949]},"properties":{"name":"健祐中醫診所","type":"診所","address":"新北市永和區竹林路173號（1樓）"}},{"type":"Feature","geometry":{"type":"Point","coordinates":[121.512179,25.014623]},"properties":{"name":"元化中醫診所","type":"診所","address":"新北市永和區信義路109號1樓"}},{"type":"Feature","geometry":{"type":"Point","coordinates":[121.50693,25.01296]},"properties":{"name":"有明中醫診所","type":"診所","address":"新北市永和區保安路153號1樓"}},{"type":"Feature","geometry":{"type":"Point","coordinates":[121.51206,24.98678]},"properties":{"name":"華星中醫診所","type":"診所","address":"新北市中和區興南路1段151號"}},{"type":"Feature","geometry":{"type":"Point","coordinates":[121.512588,24.99026]},"properties":{"name":"朝春中醫診所","type":"診所","address":"新北市中和區景新街385－2號2Ｆ"}},{"type":"Feature","geometry":{"type":"Point","coordinates":[121.498887,24.989991]},"properties":{"name":"三元中醫診所","type":"診所","address":"新北市中和區中興街202巷16－1號1樓"}},{"type":"Feature","geometry":{"type":"Point","coordinates":[121.483427,24.996189]},"properties":{"name":"福星中醫診所","type":"診所","address":"新北市中和區連城路316號"}},{"type":"Feature","geometry":{"type":"Point","coordinates":[121.474012,25.002281]},"properties":{"name":"陳南中醫診所","type":"診所","address":"新北市中和區民享街58－1號"}},{"type":"Feature","geometry":{"type":"Point","coordinates":[121.509593,25.005674]},"properties":{"name":"進安中醫診所","type":"診所","address":"新北市中和區保平路356、358號1樓"}},{"type":"Feature","geometry":{"type":"Point","coordinates":[121.500146,24.997614]},"properties":{"name":"長安堂中醫診所","type":"診所","address":"新北市中和區景平路487號"}},{"type":"Feature","geometry":{"type":"Point","coordinates":[121.51115,24.992962]},"properties":{"name":"中安中醫診所","type":"診所","address":"新北市中和區景平路360號"}},{"type":"Feature","geometry":{"type":"Point","coordinates":[121.496612,25.00423]},"properties":{"name":"寶島中醫診所","type":"診所","address":"新北市中和區景平路742號1樓"}},{"type":"Feature","geometry":{"type":"Point","coordinates":[121.512976,24.995786]},"properties":{"name":"元隆堂中醫診所","type":"診所","address":"新北市中和區宜安路19號"}},{"type":"Feature","geometry":{"type":"Point","coordinates":[121.481387,24.999849]},"properties":{"name":"培敦中醫診所","type":"診所","address":"新北市中和區員山路168號1樓"}},{"type":"Feature","geometry":{"type":"Point","coordinates":[121.481566,25.000166]},"properties":{"name":"大眾中醫診所","type":"診所","address":"新北市中和區員山路176號"}},{"type":"Feature","geometry":{"type":"Point","coordinates":[121.483228,24.998434]},"properties":{"name":"培真中醫診所","type":"診所","address":"新北市中和區新生街220巷5號"}},{"type":"Feature","geometry":{"type":"Point","coordinates":[121.513262,24.987942]},"properties":{"name":"景新中醫診所","type":"診所","address":"新北市中和區景新街448號"}},{"type":"Feature","geometry":{"type":"Point","coordinates":[121.509978,24.993234]},"properties":{"name":"中和健宏中醫聯合診所","type":"診所","address":"新北市中和區景新街293號及295巷1號"}},{"type":"Feature","geometry":{"type":"Point","coordinates":[121.508543,24.997885]},"properties":{"name":"元慶中醫診所","type":"診所","address":"新北市中和區保健路27－4號"}},{"type":"Feature","geometry":{"type":"Point","coordinates":[121.507305,24.990435]},"properties":{"name":"漢唐中醫診所","type":"診所","address":"新北市中和區捷運路125號1樓"}},{"type":"Feature","geometry":{"type":"Point","coordinates":[121.504664,24.991579]},"properties":{"name":"國耀中醫診所","type":"診所","address":"新北市中和區南山路166號"}},{"type":"Feature","geometry":{"type":"Point","coordinates":[121.471855,25.004604]},"properties":{"name":"常榮中醫診所","type":"診所","address":"新北市中和區莒光路2號1樓、2之1號2樓、4號1樓及4之1號"}},{"type":"Feature","geometry":{"type":"Point","coordinates":[121.501908,24.99334]},"properties":{"name":"詠德中醫診所","type":"診所","address":"新北市中和區中正路47號1樓"}},{"type":"Feature","geometry":{"type":"Point","coordinates":[121.506107,24.993584]},"properties":{"name":"三大中醫診所","type":"診所","address":"新北市中和區景平路452號1樓"}},{"type":"Feature","geometry":{"type":"Point","coordinates":[121.485895,25.061771]},"properties":{"name":"慈育廣合中醫診所","type":"診所","address":"新北市中和區中山路2段213號1樓、2樓"}},{"type":"Feature","geometry":{"type":"Point","coordinates":[121.518236,24.99145]},"properties":{"name":"雋恩中醫診所","type":"診所","address":"新北市中和區景德街30號"}},{"type":"Feature","geometry":{"type":"Point","coordinates":[121.500642,25.000819]},"properties":{"name":"中和保源中醫診所","type":"診所","address":"新北市中和區中和路58號1樓"}},{"type":"Feature","geometry":{"type":"Point","coordinates":[121.485496,25.061795]},"properties":{"name":"申一中醫診所","type":"診所","address":"新北市中和區中山路3段3號及5號（1樓）"}},{"type":"Feature","geometry":{"type":"Point","coordinates":[121.472532,25.002493]},"properties":{"name":"宜佑中醫診所","type":"診所","address":"新北市中和區莒光路113號1樓"}},{"type":"Feature","geometry":{"type":"Point","coordinates":[121.483887,24.998895]},"properties":{"name":"元宇中醫診所","type":"診所","address":"新北市中和區新生街241號1樓"}},{"type":"Feature","geometry":{"type":"Point","coordinates":[121.508904,24.998844]},"properties":{"name":"詹錫彥中醫診所","type":"診所","address":"新北市中和區宜安路159號"}},{"type":"Feature","geometry":{"type":"Point","coordinates":[121.506637,24.99087]},"properties":{"name":"元真堂中醫診所","type":"診所","address":"新北市中和區捷運路149號1樓"}},{"type":"Feature","geometry":{"type":"Point","coordinates":[121.505695,24.996456]},"properties":{"name":"玖德中醫診所","type":"診所","address":"新北市中和區景安路78－1號80號"}},{"type":"Feature","geometry":{"type":"Point","coordinates":[121.472799,25.000885]},"properties":{"name":"刁仁杰中醫診所","type":"診所","address":"新北市中和區莒光路155號1樓"}},{"type":"Feature","geometry":{"type":"Point","coordinates":[121.512034,24.985352]},"properties":{"name":"富邦中醫診所","type":"診所","address":"新北市中和區忠孝街85號1樓"}},{"type":"Feature","geometry":{"type":"Point","coordinates":[121.510314,24.990239]},"properties":{"name":"明安堂中醫診所","type":"診所","address":"新北市中和區和平街2巷2弄2號"}},{"type":"Feature","geometry":{"type":"Point","coordinates":[121.512061,25.0024]},"properties":{"name":"康泉中醫診所","type":"診所","address":"新北市中和區新興街6巷7號1樓"}},{"type":"Feature","geometry":{"type":"Point","coordinates":[121.481131,24.997212]},"properties":{"name":"中禾堂中醫診所","type":"診所","address":"新北市中和區員山路187號1樓"}},{"type":"Feature","geometry":{"type":"Point","coordinates":[121.499422,24.993445]},"properties":{"name":"康乃馨中醫診所","type":"診所","address":"新北市中和區中正路137號1樓"}},{"type":"Feature","geometry":{"type":"Point","coordinates":[121.499776,24.998241]},"properties":{"name":"中和明師中醫診所","type":"診所","address":"新北市中和區景平路497號、499號1樓、499 －1號2樓"}},{"type":"Feature","geometry":{"type":"Point","coordinates":[121.511715,24.997352]},"properties":{"name":"陳承吉中醫診所","type":"診所","address":"新北市中和區安平路106號1樓"}},{"type":"Feature","geometry":{"type":"Point","coordinates":[121.51206,25.003594]},"properties":{"name":"華漢中醫診所","type":"診所","address":"新北市中和區中和路448號〈第一層〉"}},{"type":"Feature","geometry":{"type":"Point","coordinates":[121.504174,24.99094]},"properties":{"name":"耕德中醫診所","type":"診所","address":"新北市中和區景安路239號1樓"}},{"type":"Feature","geometry":{"type":"Point","coordinates":[121.509579,24.998572]},"properties":{"name":"正宏堂中醫診所","type":"診所","address":"新北市中和區宜安路140號1樓"}},{"type":"Feature","geometry":{"type":"Point","coordinates":[121.493916,24.991238]},"properties":{"name":"揚銘中醫診所","type":"診所","address":"新北市中和區圓通路234號1樓"}},{"type":"Feature","geometry":{"type":"Point","coordinates":[121.51115,24.992871]},"properties":{"name":"真品堂中醫診所","type":"診所","address":"新北市中和區景平路61─8號1樓"}},{"type":"Feature","geometry":{"type":"Point","coordinates":[121.499966,25.001362]},"properties":{"name":"澄品中醫診所","type":"診所","address":"新北市中和區泰和街2號1樓2樓"}},{"type":"Feature","geometry":{"type":"Point","coordinates":[121.508699,24.990637]},"properties":{"name":"龍恩中醫診所","type":"診所","address":"新北市中和區和平街21之1號1、2樓"}},{"type":"Feature","geometry":{"type":"Point","coordinates":[121.522587,24.996515]},"properties":{"name":"宣景中醫診所","type":"診所","address":"新北市中和區自立路7號1樓"}},{"type":"Feature","geometry":{"type":"Point","coordinates":[121.51206,24.98678]},"properties":{"name":"立安中醫診所","type":"診所","address":"新北市中和區興南路1段119號1樓"}},{"type":"Feature","geometry":{"type":"Point","coordinates":[121.517479,24.993155]},"properties":{"name":"明儒中醫診所","type":"診所","address":"新北市中和區大仁街19巷3號1樓"}},{"type":"Feature","geometry":{"type":"Point","coordinates":[121.474427,25.003054]},"properties":{"name":"杏林中醫診所","type":"診所","address":"新北市中和區自治街12號1樓"}},{"type":"Feature","geometry":{"type":"Point","coordinates":[121.510066,25.001022]},"properties":{"name":"精誠中醫診所","type":"診所","address":"新北市中和區中和路324巷3弄5號1樓"}},{"type":"Feature","geometry":{"type":"Point","coordinates":[121.512766,25.004325]},"properties":{"name":"永貞明師中醫診所","type":"診所","address":"新北市中和區永貞路292號1樓、2樓、地下1樓"}},{"type":"Feature","geometry":{"type":"Point","coordinates":[121.526046,24.991365]},"properties":{"name":"秀景中醫診所","type":"診所","address":"新北市中和區成功路105號1樓"}},{"type":"Feature","geometry":{"type":"Point","coordinates":[121.48383,24.997644]},"properties":{"name":"康博中醫診所","type":"診所","address":"新北市中和區新生街283號1樓"}},{"type":"Feature","geometry":{"type":"Point","coordinates":[121.481007,25.003198]},"properties":{"name":"潤泰中醫診所","type":"診所","address":"新北市中和區員山路409號1樓、411號1樓"}},{"type":"Feature","geometry":{"type":"Point","coordinates":[121.503731,24.996674]},"properties":{"name":"承光中醫診所","type":"診所","address":"新北市中和區南華路41號1、2樓"}},{"type":"Feature","geometry":{"type":"Point","coordinates":[121.50211,24.99515]},"properties":{"name":"景安現代中醫診所","type":"診所","address":"新北市中和區景平路558號1樓"}},{"type":"Feature","geometry":{"type":"Point","coordinates":[121.51206,24.98678]},"properties":{"name":"沐心中醫診所","type":"診所","address":"新北市中和區興南路1段159號1樓"}},{"type":"Feature","geometry":{"type":"Point","coordinates":[121.510607,24.996358]},"properties":{"name":"永安健康中醫診所","type":"診所","address":"新北市中和區安平路87之5號1樓"}},{"type":"Feature","geometry":{"type":"Point","coordinates":[121.483523,25.000891]},"properties":{"name":"新生堂中醫診所","type":"診所","address":"新北市中和區新生街142號1樓"}},{"type":"Feature","geometry":{"type":"Point","coordinates":[121.499013,25.001611]},"properties":{"name":"行願中醫診所","type":"診所","address":"新北市中和區連城路23巷12號1樓"}},{"type":"Feature","geometry":{"type":"Point","coordinates":[121.483237,25.00472]},"properties":{"name":"世安中醫診所","type":"診所","address":"新北市中和區新生街3號1樓"}},{"type":"Feature","geometry":{"type":"Point","coordinates":[121.498171,24.999752]},"properties":{"name":"明芯中醫診所","type":"診所","address":"新北市中和區景平路561號1樓"}},{"type":"Feature","geometry":{"type":"Point","coordinates":[121.49738,24.999213]},"properties":{"name":"永欣中醫診所","type":"診所","address":"新北市中和區連城路89巷7之1號1樓"}},{"type":"Feature","geometry":{"type":"Point","coordinates":[121.510665,24.998336]},"properties":{"name":"辛中醫診所","type":"診所","address":"新北市中和區宜安路118巷10號（1樓及夾層）、12號"}},{"type":"Feature","geometry":{"type":"Point","coordinates":[121.505558,24.993246]},"properties":{"name":"妍喜中醫診所","type":"診所","address":"新北市中和區景平路335號1樓"}},{"type":"Feature","geometry":{"type":"Point","coordinates":[121.497558,25.000679]},"properties":{"name":"頌和中醫診所","type":"診所","address":"新北市中和區景平路656號1樓至2樓"}},{"type":"Feature","geometry":{"type":"Point","coordinates":[121.517212,24.992511]},"properties":{"name":"宣達中醫診所","type":"診所","address":"新北市中和區大勇街8號1樓"}},{"type":"Feature","geometry":{"type":"Point","coordinates":[121.511125,24.987995]},"properties":{"name":"致中和中醫診所","type":"診所","address":"新北市中和區仁愛街54號1樓"}},{"type":"Feature","geometry":{"type":"Point","coordinates":[121.510293,24.992618]},"properties":{"name":"天安中醫診所","type":"診所","address":"新北市中和區景平路225號1樓"}},{"type":"Feature","geometry":{"type":"Point","coordinates":[121.511817,24.990961]},"properties":{"name":"心俞堂中醫診所","type":"診所","address":"新北市中和區景新街330號1樓"}},{"type":"Feature","geometry":{"type":"Point","coordinates":[121.496827,25.002638]},"properties":{"name":"中和世峰中醫診所","type":"診所","address":"新北市中和區景平路708號2樓"}},{"type":"Feature","geometry":{"type":"Point","coordinates":[121.466958,24.996486]},"properties":{"name":"願行中醫診所","type":"診所","address":"新北市中和區華福街64號1樓"}},{"type":"Feature","geometry":{"type":"Point","coordinates":[121.535214,24.976327]},"properties":{"name":"德昌中醫診所","type":"診所","address":"新北市新店區中正路370號"}},{"type":"Feature","geometry":{"type":"Point","coordinates":[121.541115,24.985204]},"properties":{"name":"順安堂傷科中醫診所","type":"診所","address":"新北市新店區順安街16號"}},{"type":"Feature","geometry":{"type":"Point","coordinates":[121.539632,24.962099]},"properties":{"name":"仁安中醫診所","type":"診所","address":"新北市新店區光明街178號"}},{"type":"Feature","geometry":{"type":"Point","coordinates":[121.530597,24.974523]},"properties":{"name":"健宏中醫診所","type":"診所","address":"新北市新店區中央路198號"}},{"type":"Feature","geometry":{"type":"Point","coordinates":[121.538605,24.96]},"properties":{"name":"新店建成中醫診所","type":"診所","address":"新北市新店區北新路2段176、178號1樓"}},{"type":"Feature","geometry":{"type":"Point","coordinates":[121.537131,24.974836]},"properties":{"name":"新福安中醫診所","type":"診所","address":"新北市新店區中正路320號1樓"}},{"type":"Feature","geometry":{"type":"Point","coordinates":[121.537447,24.958787]},"properties":{"name":"長庚中醫聯合診所","type":"診所","address":"新北市新店區北新路1段327、329號1、2樓"}},{"type":"Feature","geometry":{"type":"Point","coordinates":[121.536034,24.971386]},"properties":{"name":"育豐中醫診所","type":"診所","address":"新北市新店區三民路73號"}},{"type":"Feature","geometry":{"type":"Point","coordinates":[121.540654,24.980159]},"properties":{"name":"新店榮星中醫診所","type":"診所","address":"新北市新店區大豐路24號"}},{"type":"Feature","geometry":{"type":"Point","coordinates":[121.54221,24.971001]},"properties":{"name":"百漢中醫診所","type":"診所","address":"新北市新店區中正路113號1樓"}},{"type":"Feature","geometry":{"type":"Point","coordinates":[121.533914,24.960163]},"properties":{"name":"安慶中醫診所","type":"診所","address":"新北市新店區安康路3段51號1樓"}},{"type":"Feature","geometry":{"type":"Point","coordinates":[121.538379,24.982819]},"properties":{"name":"岐伯齋中醫診所","type":"診所","address":"新北市新店區民權路79號"}},{"type":"Feature","geometry":{"type":"Point","coordinates":[121.543913,24.969092]},"properties":{"name":"覺真中醫診所","type":"診所","address":"新北市新店區五峯路28號1樓"}},{"type":"Feature","geometry":{"type":"Point","coordinates":[121.54384,24.965664]},"properties":{"name":"瑞清中醫診所","type":"診所","address":"新北市新店區中興路1段159號1樓"}},{"type":"Feature","geometry":{"type":"Point","coordinates":[121.540579,24.96458]},"properties":{"name":"鈺晟中醫診所","type":"診所","address":"新北市新店區光明街288號2樓"}},{"type":"Feature","geometry":{"type":"Point","coordinates":[121.516737,24.970294]},"properties":{"name":"陳炳文中醫診所","type":"診所","address":"新北市新店區安民街220號1樓"}},{"type":"Feature","geometry":{"type":"Point","coordinates":[121.547677,24.952092]},"properties":{"name":"北新中醫診所","type":"診所","address":"新北市新店區北宜路1段35號1樓"}},{"type":"Feature","geometry":{"type":"Point","coordinates":[121.538605,24.96]},"properties":{"name":"邱世宗中醫診所","type":"診所","address":"新北市新店區北新路2段250－1號1樓"}},{"type":"Feature","geometry":{"type":"Point","coordinates":[121.516442,24.963869]},"properties":{"name":"安康中醫診所","type":"診所","address":"新北市新店區安康路2段175號1樓"}},{"type":"Feature","geometry":{"type":"Point","coordinates":[121.537198,24.954453]},"properties":{"name":"天祥中醫診所","type":"診所","address":"新北市新店區新店路98號1樓"}},{"type":"Feature","geometry":{"type":"Point","coordinates":[121.54384,24.965664]},"properties":{"name":"禪心中醫診所","type":"診所","address":"新北市新店區中興路3段221－1號1樓"}},{"type":"Feature","geometry":{"type":"Point","coordinates":[121.542555,24.971238]},"properties":{"name":"品宣中醫診所","type":"診所","address":"新北市新店區北新路3段145號2樓"}},{"type":"Feature","geometry":{"type":"Point","coordinates":[121.54384,24.965664]},"properties":{"name":"新店漢唐經方中醫診所","type":"診所","address":"新北市新店區中興路2段25號2樓"}},{"type":"Feature","geometry":{"type":"Point","coordinates":[121.542555,24.971238]},"properties":{"name":"國華中醫診所","type":"診所","address":"新北市新店區北新路3段86號1樓、86號2樓"}},{"type":"Feature","geometry":{"type":"Point","coordinates":[121.510192,24.961416]},"properties":{"name":"必安中醫診所","type":"診所","address":"新北市新店區安德街75號（1樓）"}},{"type":"Feature","geometry":{"type":"Point","coordinates":[121.540406,24.976437]},"properties":{"name":"上醫堂中醫診所","type":"診所","address":"新北市新店區建國路83號1樓"}},{"type":"Feature","geometry":{"type":"Point","coordinates":[121.540467,24.980082]},"properties":{"name":"大豐中醫診所","type":"診所","address":"新北市新店區大豐路30號1樓"}},{"type":"Feature","geometry":{"type":"Point","coordinates":[121.523979,24.979134]},"properties":{"name":"思邈堂中醫診所","type":"診所","address":"新北市新店區溪園路391號1樓"}},{"type":"Feature","geometry":{"type":"Point","coordinates":[121.538542,24.977432]},"properties":{"name":"易豐中醫診所","type":"診所","address":"新北市新店區民族路103號1樓及地下室"}},{"type":"Feature","geometry":{"type":"Point","coordinates":[121.516618,24.963886]},"properties":{"name":"桂枝香中醫診所","type":"診所","address":"新北市新店區安和路1段25號（1樓）、25之1號（1樓）"}},{"type":"Feature","geometry":{"type":"Point","coordinates":[121.455317,25.039688]},"properties":{"name":"樹德中醫診所","type":"診所","address":"新北市新莊區中港路111號"}},{"type":"Feature","geometry":{"type":"Point","coordinates":[121.453991,25.043207]},"properties":{"name":"聯安中醫診所","type":"診所","address":"新北市新莊區中港路240號1、2樓及250號1樓"}},{"type":"Feature","geometry":{"type":"Point","coordinates":[121.450016,25.046293]},"properties":{"name":"平安中醫診所","type":"診所","address":"新北市新莊區中港三街35號"}},{"type":"Feature","geometry":{"type":"Point","coordinates":[121.417335,25.024741]},"properties":{"name":"曾亨安中醫診所","type":"診所","address":"新北市新莊區中正路883巷3號"}},{"type":"Feature","geometry":{"type":"Point","coordinates":[121.418984,25.026422]},"properties":{"name":"民安中醫診所","type":"診所","address":"新北市新莊區富國路35號1樓"}},{"type":"Feature","geometry":{"type":"Point","coordinates":[121.422941,25.024984]},"properties":{"name":"楊中醫診所","type":"診所","address":"新北市新莊區富國路144號"}},{"type":"Feature","geometry":{"type":"Point","coordinates":[121.448703,25.03346]},"properties":{"name":"瑞宏中醫診所","type":"診所","address":"新北市新莊區新莊路398號"}},{"type":"Feature","geometry":{"type":"Point","coordinates":[121.45258,25.044867]},"properties":{"name":"安心中醫診所","type":"診所","address":"新北市新莊區中和路198號1樓"}},{"type":"Feature","geometry":{"type":"Point","coordinates":[121.446438,25.04902]},"properties":{"name":"仁山中醫診所","type":"診所","address":"新北市新莊區幸福路793號"}},{"type":"Feature","geometry":{"type":"Point","coordinates":[121.451015,25.049129]},"properties":{"name":"劉茂祥中醫診所","type":"診所","address":"新北市新莊區幸福路655號1樓"}},{"type":"Feature","geometry":{"type":"Point","coordinates":[121.446255,25.049014]},"properties":{"name":"至寶堂中醫聯合診所","type":"診所","address":"新北市新莊區幸福路799號1－2樓"}},{"type":"Feature","geometry":{"type":"Point","coordinates":[121.427383,25.020107]},"properties":{"name":"永福中醫診所","type":"診所","address":"新北市新莊區民安西路67號"}},{"type":"Feature","geometry":{"type":"Point","coordinates":[121.451222,25.047798]},"properties":{"name":"江吉亮中醫診所","type":"診所","address":"新北市新莊區中誠街53巷6號"}},{"type":"Feature","geometry":{"type":"Point","coordinates":[121.422983,25.024963]},"properties":{"name":"豐生中醫診所","type":"診所","address":"新北市新莊區南港里富國路146號"}},{"type":"Feature","geometry":{"type":"Point","coordinates":[121.45369,25.040259]},"properties":{"name":"健元中醫診所","type":"診所","address":"新北市新莊區公園路57號1樓"}},{"type":"Feature","geometry":{"type":"Point","coordinates":[121.425931,25.018258]},"properties":{"name":"賀安中醫診所","type":"診所","address":"新北市新莊區龍安路495號1樓"}},{"type":"Feature","geometry":{"type":"Point","coordinates":[121.444851,25.042403]},"properties":{"name":"神農中醫診所","type":"診所","address":"新北市新莊區新泰路342號1樓"}},{"type":"Feature","geometry":{"type":"Point","coordinates":[121.426768,25.021613]},"properties":{"name":"長青中醫診所","type":"診所","address":"新北市新莊區民安西路13號1樓"}},{"type":"Feature","geometry":{"type":"Point","coordinates":[121.449062,25.033399]},"properties":{"name":"大德中醫診所","type":"診所","address":"新北市新莊區新莊路475號1樓"}},{"type":"Feature","geometry":{"type":"Point","coordinates":[121.423817,25.020161]},"properties":{"name":"佑德中醫診所","type":"診所","address":"新北市新莊區成德里八德街137號1樓"}},{"type":"Feature","geometry":{"type":"Point","coordinates":[121.45379,25.043251]},"properties":{"name":"慶安居中醫診所","type":"診所","address":"新北市新莊區中港路259號1樓"}},{"type":"Feature","geometry":{"type":"Point","coordinates":[121.425538,24.984477]},"properties":{"name":"天澤中醫診所","type":"診所","address":"新北市新莊區中華路2段91號1樓"}},{"type":"Feature","geometry":{"type":"Point","coordinates":[121.417904,25.026213]},"properties":{"name":"仁愛中醫診所","type":"診所","address":"新北市新莊區中正路879－6號1樓"}},{"type":"Feature","geometry":{"type":"Point","coordinates":[121.457722,25.049533]},"properties":{"name":"美恩中醫診所","type":"診所","address":"新北市新莊區幸福路46號1樓"}},{"type":"Feature","geometry":{"type":"Point","coordinates":[121.427259,25.011415]},"properties":{"name":"有慶中醫診所","type":"診所","address":"新北市新莊區民安西路311號1樓之1及313號1樓之1"}}]}